2025-10-31 10:50:51 WARN  Utils:250 - Your hostname, aditya-IdeaPad-5-15ITL05, resolves to a loopback address: 127.0.1.1; using 192.168.1.204 instead (on interface wlp0s20f3)
2025-10-31 10:50:51 WARN  Utils:244 - Set SPARK_LOCAL_IP if you need to bind to another address
2025-10-31 10:50:51 DEBUG ShutdownHookManager:204 - Adding shutdown hook
2025-10-31 10:50:52 DEBUG PythonGatewayServer:204 - Started PythonGatewayServer on localhost/127.0.0.1 with port 36011
2025-10-31 10:50:52 INFO  SparkContext:190 - Running Spark version 4.0.1
2025-10-31 10:50:52 INFO  SparkContext:190 - OS info Linux, 5.15.0-139-generic, amd64
2025-10-31 10:50:52 INFO  SparkContext:190 - Java version 17.0.15
2025-10-31 10:50:52 INFO  ResourceUtils:184 - ==============================================================
2025-10-31 10:50:52 INFO  ResourceUtils:184 - No custom resources configured for spark.driver.
2025-10-31 10:50:52 INFO  ResourceUtils:184 - ==============================================================
2025-10-31 10:50:52 INFO  SparkContext:190 - Submitted application: CPU_Stress_Test
2025-10-31 10:50:52 INFO  ResourceProfile:190 - Default ResourceProfile created, executor resources: Map(cores -> name: cores, amount: 1, script: , vendor: , memory -> name: memory, amount: 1024, script: , vendor: , offHeap -> name: offHeap, amount: 0, script: , vendor: ), task resources: Map(cpus -> name: cpus, amount: 1.0)
2025-10-31 10:50:52 INFO  ResourceProfile:190 - Limiting resource is cpu
2025-10-31 10:50:52 INFO  ResourceProfileManager:190 - Added ResourceProfile id: 0
2025-10-31 10:50:52 INFO  SecurityManager:190 - Changing view acls to: aditya
2025-10-31 10:50:52 INFO  SecurityManager:190 - Changing modify acls to: aditya
2025-10-31 10:50:52 INFO  SecurityManager:190 - Changing view acls groups to: aditya
2025-10-31 10:50:52 INFO  SecurityManager:190 - Changing modify acls groups to: aditya
2025-10-31 10:50:52 INFO  SecurityManager:190 - SecurityManager: authentication disabled; ui acls disabled; users with view permissions: aditya groups with view permissions: EMPTY; users with modify permissions: aditya; groups with modify permissions: EMPTY; RPC SSL disabled
2025-10-31 10:50:52 DEBUG SecurityManager:204 - Created SSL options for rpc: SSLOptions{enabled=false, port=None, keyStore=None, keyStorePassword=None, privateKey=None, keyPassword=None, privateKeyPassword=None, keyStoreType=None, needClientAuth=false, certChain=None, trustStore=None, trustStorePassword=None, trustStoreReloadIntervalMs=10000, trustStoreReloadingEnabled=false, openSSLEnabled=false, protocol=None, enabledAlgorithms=Set()}
2025-10-31 10:50:52 DEBUG TransportServer:180 - Shuffle server started on 192.168.1.204 with port 37857
2025-10-31 10:50:52 INFO  Utils:190 - Successfully started service 'sparkDriver' on port 37857.
2025-10-31 10:50:52 DEBUG SparkEnv:204 - Using serializer: class org.apache.spark.serializer.JavaSerializer
2025-10-31 10:50:52 INFO  SparkEnv:190 - Registering MapOutputTracker
2025-10-31 10:50:52 DEBUG MapOutputTrackerMasterEndpoint:204 - init
2025-10-31 10:50:52 INFO  SparkEnv:190 - Registering BlockManagerMaster
2025-10-31 10:50:52 INFO  BlockManagerMasterEndpoint:190 - Using org.apache.spark.storage.DefaultTopologyMapper for getting topology information
2025-10-31 10:50:52 INFO  BlockManagerMasterEndpoint:184 - BlockManagerMasterEndpoint up
2025-10-31 10:50:52 INFO  SparkEnv:190 - Registering BlockManagerMasterHeartbeat
2025-10-31 10:50:52 INFO  DiskBlockManager:190 - Created local directory at /tmp/blockmgr-cc123c6c-6c6c-42d4-8d7c-db3d3dd5198e
2025-10-31 10:50:52 DEBUG DiskBlockManager:204 - Adding shutdown hook
2025-10-31 10:50:52 INFO  SparkEnv:190 - Registering OutputCommitCoordinator
2025-10-31 10:50:52 DEBUG OutputCommitCoordinator$OutputCommitCoordinatorEndpoint:204 - init
2025-10-31 10:50:52 DEBUG SecurityManager:204 - Created SSL options for ui: SSLOptions{enabled=false, port=None, keyStore=None, keyStorePassword=None, privateKey=None, keyPassword=None, privateKeyPassword=None, keyStoreType=None, needClientAuth=false, certChain=None, trustStore=None, trustStorePassword=None, trustStoreReloadIntervalMs=10000, trustStoreReloadingEnabled=false, openSSLEnabled=false, protocol=None, enabledAlgorithms=Set()}
2025-10-31 10:50:52 INFO  JettyUtils:190 - Start Jetty 0.0.0.0:4040 for SparkUI
2025-10-31 10:50:52 DEBUG JettyUtils:204 - Using requestHeaderSize: 8192
2025-10-31 10:50:52 DEBUG JettyUtils:204 - Using setSendServerVersion: false
2025-10-31 10:50:52 DEBUG JettyUtils:204 - Using setSendXPoweredBy: false
2025-10-31 10:50:52 WARN  Utils:250 - Service 'SparkUI' could not bind on port 4040. Attempting port 4041.
2025-10-31 10:50:52 INFO  Utils:190 - Successfully started service 'SparkUI' on port 4041.
2025-10-31 10:50:52 INFO  SparkContext:190 - Added file /home/aditya/github/Deep-learning-prerequisite/pyspark/Spark_programming_model/notebook/log4j_properties/log4j.properties at file:/home/aditya/github/Deep-learning-prerequisite/pyspark/Spark_programming_model/notebook/log4j_properties/log4j.properties with timestamp 1761888052400
2025-10-31 10:50:52 INFO  Utils:190 - Copying /home/aditya/github/Deep-learning-prerequisite/pyspark/Spark_programming_model/notebook/log4j_properties/log4j.properties to /tmp/spark-3a8b04f3-a33e-492c-888c-eb8b7fecaf46/userFiles-b12bb5be-c746-4a51-b2d5-b7ca59245d3e/log4j.properties
2025-10-31 10:50:53 INFO  SecurityManager:190 - Changing view acls to: aditya
2025-10-31 10:50:53 INFO  SecurityManager:190 - Changing modify acls to: aditya
2025-10-31 10:50:53 INFO  SecurityManager:190 - Changing view acls groups to: aditya
2025-10-31 10:50:53 INFO  SecurityManager:190 - Changing modify acls groups to: aditya
2025-10-31 10:50:53 INFO  SecurityManager:190 - SecurityManager: authentication disabled; ui acls disabled; users with view permissions: aditya groups with view permissions: EMPTY; users with modify permissions: aditya; groups with modify permissions: EMPTY; RPC SSL disabled
2025-10-31 10:50:53 DEBUG SecurityManager:204 - Created SSL options for rpc: SSLOptions{enabled=false, port=None, keyStore=None, keyStorePassword=None, privateKey=None, keyPassword=None, privateKeyPassword=None, keyStoreType=None, needClientAuth=false, certChain=None, trustStore=None, trustStorePassword=None, trustStoreReloadIntervalMs=10000, trustStoreReloadingEnabled=false, openSSLEnabled=false, protocol=None, enabledAlgorithms=Set()}
2025-10-31 10:50:53 INFO  Executor:190 - Starting executor ID driver on host 192.168.1.204
2025-10-31 10:50:53 INFO  Executor:190 - OS info Linux, 5.15.0-139-generic, amd64
2025-10-31 10:50:53 INFO  Executor:190 - Java version 17.0.15
2025-10-31 10:50:53 INFO  Executor:190 - Starting executor with user classpath (userClassPathFirst = false): ''
2025-10-31 10:50:53 INFO  Executor:190 - Created or updated repl class loader org.apache.spark.util.MutableURLClassLoader@6c945284 for default.
2025-10-31 10:50:53 INFO  Executor:190 - Fetching file:/home/aditya/github/Deep-learning-prerequisite/pyspark/Spark_programming_model/notebook/log4j_properties/log4j.properties with timestamp 1761888052400
2025-10-31 10:50:53 INFO  Utils:190 - /home/aditya/github/Deep-learning-prerequisite/pyspark/Spark_programming_model/notebook/log4j_properties/log4j.properties has been previously copied to /tmp/spark-3a8b04f3-a33e-492c-888c-eb8b7fecaf46/userFiles-b12bb5be-c746-4a51-b2d5-b7ca59245d3e/log4j.properties
2025-10-31 10:50:53 DEBUG TransportServer:180 - Shuffle server started on 192.168.1.204 with port 42851
2025-10-31 10:50:53 INFO  Utils:190 - Successfully started service 'org.apache.spark.network.netty.NettyBlockTransferService' on port 42851.
2025-10-31 10:50:53 INFO  NettyBlockTransferService:155 - Server created on 192.168.1.204:42851
2025-10-31 10:50:53 INFO  BlockManager:190 - Using org.apache.spark.storage.RandomBlockReplicationPolicy for block replication policy
2025-10-31 10:50:53 INFO  BlockManagerMaster:190 - Registering BlockManager BlockManagerId(driver, 192.168.1.204, 42851, None)
2025-10-31 10:50:53 DEBUG DefaultTopologyMapper:204 - Got a request for 192.168.1.204
2025-10-31 10:50:53 INFO  BlockManagerMasterEndpoint:190 - Registering block manager 192.168.1.204:42851 with 434.4 MiB RAM, BlockManagerId(driver, 192.168.1.204, 42851, None)
2025-10-31 10:50:53 INFO  BlockManagerMaster:190 - Registered BlockManager BlockManagerId(driver, 192.168.1.204, 42851, None)
2025-10-31 10:50:53 INFO  BlockManager:190 - Initialized BlockManager: BlockManagerId(driver, 192.168.1.204, 42851, None)
2025-10-31 10:50:53 DEBUG SparkContext:204 - Adding shutdown hook
2025-10-31 10:50:54 INFO  SharedState:190 - Setting hive.metastore.warehouse.dir ('null') to the value of spark.sql.warehouse.dir.
2025-10-31 10:50:54 DEBUG SharedState:204 - Applying other initial session options to HadoopConf: spark.executor.extraJavaOptions -> -Dlog4j.configuration=file:/home/aditya/github/Deep-learning-prerequisite/pyspark/Spark_programming_model/notebook/log4j_properties/log4j.properties -Dcustom.log.dir=/home/aditya/github/Deep-learning-prerequisite/pyspark/Spark_programming_model/notebook/log4j_properties/logs
2025-10-31 10:50:54 DEBUG SharedState:204 - Applying other initial session options to HadoopConf: spark.app.name -> CPU_Stress_Test
2025-10-31 10:50:54 DEBUG SharedState:204 - Applying other initial session options to HadoopConf: spark.files -> /home/aditya/github/Deep-learning-prerequisite/pyspark/Spark_programming_model/notebook/log4j_properties/log4j.properties
2025-10-31 10:50:54 DEBUG SharedState:204 - Applying other initial session options to HadoopConf: spark.driver.extraJavaOptions -> -Dlog4j.configuration=file:/home/aditya/github/Deep-learning-prerequisite/pyspark/Spark_programming_model/notebook/log4j_properties/log4j.properties -Dcustom.log.dir=/home/aditya/github/Deep-learning-prerequisite/pyspark/Spark_programming_model/notebook/log4j_properties/logs
2025-10-31 10:50:54 DEBUG SharedState:204 - Applying other initial session options to HadoopConf: spark.master -> local[*]
2025-10-31 10:50:54 INFO  SharedState:190 - Warehouse path is 'file:/home/aditya/github/Deep-learning-prerequisite/pyspark/Spark_programming_model/notebook/spark-warehouse'.
2025-10-31 10:50:55 DEBUG CatalystSqlParser:204 - Parsing command: spark_grouping_id
2025-10-31 10:50:55 DEBUG WholeStageCodegenExec:204 - 
/* 001 */ public Object generate(Object[] references) {
/* 002 */   return new GeneratedIteratorForCodegenStage1(references);
/* 003 */ }
/* 004 */
/* 005 */ // codegenStageId=1
/* 006 */ final class GeneratedIteratorForCodegenStage1 extends org.apache.spark.sql.execution.BufferedRowIterator {
/* 007 */   private Object[] references;
/* 008 */   private scala.collection.Iterator[] inputs;
/* 009 */   private boolean range_initRange_0;
/* 010 */   private long range_nextIndex_0;
/* 011 */   private TaskContext range_taskContext_0;
/* 012 */   private InputMetrics range_inputMetrics_0;
/* 013 */   private long range_batchEnd_0;
/* 014 */   private long range_numElementsTodo_0;
/* 015 */   private org.apache.spark.util.random.XORShiftRandom[] project_mutableStateArray_0 = new org.apache.spark.util.random.XORShiftRandom[1];
/* 016 */   private org.apache.spark.sql.catalyst.expressions.codegen.UnsafeRowWriter[] range_mutableStateArray_0 = new org.apache.spark.sql.catalyst.expressions.codegen.UnsafeRowWriter[2];
/* 017 */
/* 018 */   public GeneratedIteratorForCodegenStage1(Object[] references) {
/* 019 */     this.references = references;
/* 020 */   }
/* 021 */
/* 022 */   public void init(int index, scala.collection.Iterator[] inputs) {
/* 023 */     partitionIndex = index;
/* 024 */     this.inputs = inputs;
/* 025 */
/* 026 */     range_taskContext_0 = TaskContext.get();
/* 027 */     range_inputMetrics_0 = range_taskContext_0.taskMetrics().inputMetrics();
/* 028 */     range_mutableStateArray_0[0] = new org.apache.spark.sql.catalyst.expressions.codegen.UnsafeRowWriter(1, 0);
/* 029 */     range_mutableStateArray_0[1] = new org.apache.spark.sql.catalyst.expressions.codegen.UnsafeRowWriter(2, 0);
/* 030 */
/* 031 */     project_mutableStateArray_0[0] = new org.apache.spark.util.random.XORShiftRandom(6374308552798896638L + partitionIndex);
/* 032 */   }
/* 033 */
/* 034 */   private void initRange(int idx) {
/* 035 */     java.math.BigInteger index = java.math.BigInteger.valueOf(idx);
/* 036 */     java.math.BigInteger numSlice = java.math.BigInteger.valueOf(8L);
/* 037 */     java.math.BigInteger numElement = java.math.BigInteger.valueOf(99999L);
/* 038 */     java.math.BigInteger step = java.math.BigInteger.valueOf(1L);
/* 039 */     java.math.BigInteger start = java.math.BigInteger.valueOf(0L);
/* 040 */     long partitionEnd;
/* 041 */
/* 042 */     java.math.BigInteger st = index.multiply(numElement).divide(numSlice).multiply(step).add(start);
/* 043 */     if (st.compareTo(java.math.BigInteger.valueOf(Long.MAX_VALUE)) > 0) {
/* 044 */       range_nextIndex_0 = Long.MAX_VALUE;
/* 045 */     } else if (st.compareTo(java.math.BigInteger.valueOf(Long.MIN_VALUE)) < 0) {
/* 046 */       range_nextIndex_0 = Long.MIN_VALUE;
/* 047 */     } else {
/* 048 */       range_nextIndex_0 = st.longValue();
/* 049 */     }
/* 050 */     range_batchEnd_0 = range_nextIndex_0;
/* 051 */
/* 052 */     java.math.BigInteger end = index.add(java.math.BigInteger.ONE).multiply(numElement).divide(numSlice)
/* 053 */     .multiply(step).add(start);
/* 054 */     if (end.compareTo(java.math.BigInteger.valueOf(Long.MAX_VALUE)) > 0) {
/* 055 */       partitionEnd = Long.MAX_VALUE;
/* 056 */     } else if (end.compareTo(java.math.BigInteger.valueOf(Long.MIN_VALUE)) < 0) {
/* 057 */       partitionEnd = Long.MIN_VALUE;
/* 058 */     } else {
/* 059 */       partitionEnd = end.longValue();
/* 060 */     }
/* 061 */
/* 062 */     java.math.BigInteger startToEnd = java.math.BigInteger.valueOf(partitionEnd).subtract(
/* 063 */       java.math.BigInteger.valueOf(range_nextIndex_0));
/* 064 */     range_numElementsTodo_0  = startToEnd.divide(step).longValue();
/* 065 */     if (range_numElementsTodo_0 < 0) {
/* 066 */       range_numElementsTodo_0 = 0;
/* 067 */     } else if (startToEnd.remainder(step).compareTo(java.math.BigInteger.valueOf(0L)) != 0) {
/* 068 */       range_numElementsTodo_0++;
/* 069 */     }
/* 070 */   }
/* 071 */
/* 072 */   protected void processNext() throws java.io.IOException {
/* 073 */     // initialize Range
/* 074 */     if (!range_initRange_0) {
/* 075 */       range_initRange_0 = true;
/* 076 */       initRange(partitionIndex);
/* 077 */     }
/* 078 */
/* 079 */     while (true) {
/* 080 */       if (range_nextIndex_0 == range_batchEnd_0) {
/* 081 */         long range_nextBatchTodo_0;
/* 082 */         if (range_numElementsTodo_0 > 1000L) {
/* 083 */           range_nextBatchTodo_0 = 1000L;
/* 084 */           range_numElementsTodo_0 -= 1000L;
/* 085 */         } else {
/* 086 */           range_nextBatchTodo_0 = range_numElementsTodo_0;
/* 087 */           range_numElementsTodo_0 = 0;
/* 088 */           if (range_nextBatchTodo_0 == 0) break;
/* 089 */         }
/* 090 */         range_batchEnd_0 += range_nextBatchTodo_0 * 1L;
/* 091 */       }
/* 092 */
/* 093 */       int range_localEnd_0 = (int)((range_batchEnd_0 - range_nextIndex_0) / 1L);
/* 094 */       for (int range_localIdx_0 = 0; range_localIdx_0 < range_localEnd_0; range_localIdx_0++) {
/* 095 */         long range_value_0 = ((long)range_localIdx_0 * 1L) + range_nextIndex_0;
/* 096 */
/* 097 */         // common sub-expressions
/* 098 */
/* 099 */         final double project_value_1 = project_mutableStateArray_0[0].nextDouble();
/* 100 */
/* 101 */         range_mutableStateArray_0[1].reset();
/* 102 */
/* 103 */         range_mutableStateArray_0[1].write(0, range_value_0);
/* 104 */
/* 105 */         range_mutableStateArray_0[1].write(1, project_value_1);
/* 106 */         append((range_mutableStateArray_0[1].getRow()));
/* 107 */
/* 108 */         if (shouldStop()) {
/* 109 */           range_nextIndex_0 = range_value_0 + 1L;
/* 110 */           ((org.apache.spark.sql.execution.metric.SQLMetric) references[0] /* numOutputRows */).add(range_localIdx_0 + 1);
/* 111 */           range_inputMetrics_0.incRecordsRead(range_localIdx_0 + 1);
/* 112 */           return;
/* 113 */         }
/* 114 */
/* 115 */       }
/* 116 */       range_nextIndex_0 = range_batchEnd_0;
/* 117 */       ((org.apache.spark.sql.execution.metric.SQLMetric) references[0] /* numOutputRows */).add(range_localEnd_0);
/* 118 */       range_inputMetrics_0.incRecordsRead(range_localEnd_0);
/* 119 */       range_taskContext_0.killTaskIfInterrupted();
/* 120 */     }
/* 121 */   }
/* 122 */
/* 123 */ }

2025-10-31 10:50:55 DEBUG CodeGenerator:204 - 
/* 001 */ public Object generate(Object[] references) {
/* 002 */   return new GeneratedIteratorForCodegenStage1(references);
/* 003 */ }
/* 004 */
/* 005 */ // codegenStageId=1
/* 006 */ final class GeneratedIteratorForCodegenStage1 extends org.apache.spark.sql.execution.BufferedRowIterator {
/* 007 */   private Object[] references;
/* 008 */   private scala.collection.Iterator[] inputs;
/* 009 */   private boolean range_initRange_0;
/* 010 */   private long range_nextIndex_0;
/* 011 */   private TaskContext range_taskContext_0;
/* 012 */   private InputMetrics range_inputMetrics_0;
/* 013 */   private long range_batchEnd_0;
/* 014 */   private long range_numElementsTodo_0;
/* 015 */   private org.apache.spark.util.random.XORShiftRandom[] project_mutableStateArray_0 = new org.apache.spark.util.random.XORShiftRandom[1];
/* 016 */   private org.apache.spark.sql.catalyst.expressions.codegen.UnsafeRowWriter[] range_mutableStateArray_0 = new org.apache.spark.sql.catalyst.expressions.codegen.UnsafeRowWriter[2];
/* 017 */
/* 018 */   public GeneratedIteratorForCodegenStage1(Object[] references) {
/* 019 */     this.references = references;
/* 020 */   }
/* 021 */
/* 022 */   public void init(int index, scala.collection.Iterator[] inputs) {
/* 023 */     partitionIndex = index;
/* 024 */     this.inputs = inputs;
/* 025 */
/* 026 */     range_taskContext_0 = TaskContext.get();
/* 027 */     range_inputMetrics_0 = range_taskContext_0.taskMetrics().inputMetrics();
/* 028 */     range_mutableStateArray_0[0] = new org.apache.spark.sql.catalyst.expressions.codegen.UnsafeRowWriter(1, 0);
/* 029 */     range_mutableStateArray_0[1] = new org.apache.spark.sql.catalyst.expressions.codegen.UnsafeRowWriter(2, 0);
/* 030 */
/* 031 */     project_mutableStateArray_0[0] = new org.apache.spark.util.random.XORShiftRandom(6374308552798896638L + partitionIndex);
/* 032 */   }
/* 033 */
/* 034 */   private void initRange(int idx) {
/* 035 */     java.math.BigInteger index = java.math.BigInteger.valueOf(idx);
/* 036 */     java.math.BigInteger numSlice = java.math.BigInteger.valueOf(8L);
/* 037 */     java.math.BigInteger numElement = java.math.BigInteger.valueOf(99999L);
/* 038 */     java.math.BigInteger step = java.math.BigInteger.valueOf(1L);
/* 039 */     java.math.BigInteger start = java.math.BigInteger.valueOf(0L);
/* 040 */     long partitionEnd;
/* 041 */
/* 042 */     java.math.BigInteger st = index.multiply(numElement).divide(numSlice).multiply(step).add(start);
/* 043 */     if (st.compareTo(java.math.BigInteger.valueOf(Long.MAX_VALUE)) > 0) {
/* 044 */       range_nextIndex_0 = Long.MAX_VALUE;
/* 045 */     } else if (st.compareTo(java.math.BigInteger.valueOf(Long.MIN_VALUE)) < 0) {
/* 046 */       range_nextIndex_0 = Long.MIN_VALUE;
/* 047 */     } else {
/* 048 */       range_nextIndex_0 = st.longValue();
/* 049 */     }
/* 050 */     range_batchEnd_0 = range_nextIndex_0;
/* 051 */
/* 052 */     java.math.BigInteger end = index.add(java.math.BigInteger.ONE).multiply(numElement).divide(numSlice)
/* 053 */     .multiply(step).add(start);
/* 054 */     if (end.compareTo(java.math.BigInteger.valueOf(Long.MAX_VALUE)) > 0) {
/* 055 */       partitionEnd = Long.MAX_VALUE;
/* 056 */     } else if (end.compareTo(java.math.BigInteger.valueOf(Long.MIN_VALUE)) < 0) {
/* 057 */       partitionEnd = Long.MIN_VALUE;
/* 058 */     } else {
/* 059 */       partitionEnd = end.longValue();
/* 060 */     }
/* 061 */
/* 062 */     java.math.BigInteger startToEnd = java.math.BigInteger.valueOf(partitionEnd).subtract(
/* 063 */       java.math.BigInteger.valueOf(range_nextIndex_0));
/* 064 */     range_numElementsTodo_0  = startToEnd.divide(step).longValue();
/* 065 */     if (range_numElementsTodo_0 < 0) {
/* 066 */       range_numElementsTodo_0 = 0;
/* 067 */     } else if (startToEnd.remainder(step).compareTo(java.math.BigInteger.valueOf(0L)) != 0) {
/* 068 */       range_numElementsTodo_0++;
/* 069 */     }
/* 070 */   }
/* 071 */
/* 072 */   protected void processNext() throws java.io.IOException {
/* 073 */     // initialize Range
/* 074 */     if (!range_initRange_0) {
/* 075 */       range_initRange_0 = true;
/* 076 */       initRange(partitionIndex);
/* 077 */     }
/* 078 */
/* 079 */     while (true) {
/* 080 */       if (range_nextIndex_0 == range_batchEnd_0) {
/* 081 */         long range_nextBatchTodo_0;
/* 082 */         if (range_numElementsTodo_0 > 1000L) {
/* 083 */           range_nextBatchTodo_0 = 1000L;
/* 084 */           range_numElementsTodo_0 -= 1000L;
/* 085 */         } else {
/* 086 */           range_nextBatchTodo_0 = range_numElementsTodo_0;
/* 087 */           range_numElementsTodo_0 = 0;
/* 088 */           if (range_nextBatchTodo_0 == 0) break;
/* 089 */         }
/* 090 */         range_batchEnd_0 += range_nextBatchTodo_0 * 1L;
/* 091 */       }
/* 092 */
/* 093 */       int range_localEnd_0 = (int)((range_batchEnd_0 - range_nextIndex_0) / 1L);
/* 094 */       for (int range_localIdx_0 = 0; range_localIdx_0 < range_localEnd_0; range_localIdx_0++) {
/* 095 */         long range_value_0 = ((long)range_localIdx_0 * 1L) + range_nextIndex_0;
/* 096 */
/* 097 */         // common sub-expressions
/* 098 */
/* 099 */         final double project_value_1 = project_mutableStateArray_0[0].nextDouble();
/* 100 */
/* 101 */         range_mutableStateArray_0[1].reset();
/* 102 */
/* 103 */         range_mutableStateArray_0[1].write(0, range_value_0);
/* 104 */
/* 105 */         range_mutableStateArray_0[1].write(1, project_value_1);
/* 106 */         append((range_mutableStateArray_0[1].getRow()));
/* 107 */
/* 108 */         if (shouldStop()) {
/* 109 */           range_nextIndex_0 = range_value_0 + 1L;
/* 110 */           ((org.apache.spark.sql.execution.metric.SQLMetric) references[0] /* numOutputRows */).add(range_localIdx_0 + 1);
/* 111 */           range_inputMetrics_0.incRecordsRead(range_localIdx_0 + 1);
/* 112 */           return;
/* 113 */         }
/* 114 */
/* 115 */       }
/* 116 */       range_nextIndex_0 = range_batchEnd_0;
/* 117 */       ((org.apache.spark.sql.execution.metric.SQLMetric) references[0] /* numOutputRows */).add(range_localEnd_0);
/* 118 */       range_inputMetrics_0.incRecordsRead(range_localEnd_0);
/* 119 */       range_taskContext_0.killTaskIfInterrupted();
/* 120 */     }
/* 121 */   }
/* 122 */
/* 123 */ }

2025-10-31 10:50:55 INFO  CodeGenerator:190 - Code generated in 133.028938 ms
2025-10-31 10:50:55 DEBUG ClosureCleaner:204 - Cleaning indylambda closure: $anonfun$inputRDDs$1$adapted
2025-10-31 10:50:55 DEBUG ClosureCleaner:204 - Cleaning indylambda closure: $anonfun$doExecute$4$adapted
2025-10-31 10:50:55 DEBUG ClosureCleaner:204 -  +++ indylambda closure ($anonfun$doExecute$4$adapted) is now cleaned +++
2025-10-31 10:50:55 DEBUG ClosureCleaner:204 - Cleaning indylambda closure: $anonfun$javaToPython$1
2025-10-31 10:50:55 DEBUG ClosureCleaner:204 -  +++ indylambda closure ($anonfun$javaToPython$1) is now cleaned +++
2025-10-31 10:50:56 DEBUG ClosureCleaner:204 - Cleaning indylambda closure: $anonfun$javaToPython$1
2025-10-31 10:50:56 DEBUG ClosureCleaner:204 - Cleaning indylambda closure: $anonfun$collect$2
2025-10-31 10:50:56 DEBUG ClosureCleaner:204 -  +++ indylambda closure ($anonfun$collect$2) is now cleaned +++
2025-10-31 10:50:56 DEBUG ClosureCleaner:204 - Cleaning indylambda closure: $anonfun$runJob$5
2025-10-31 10:50:56 DEBUG ClosureCleaner:204 -  +++ indylambda closure ($anonfun$runJob$5) is now cleaned +++
2025-10-31 10:50:56 INFO  SparkContext:190 - Starting job: collect at /tmp/ipykernel_1660711/3782412216.py:73
2025-10-31 10:50:56 DEBUG DAGScheduler:204 - eagerlyComputePartitionsForRddAndAncestors for RDD 6 took 0.000770 seconds
2025-10-31 10:50:56 DEBUG DAGScheduler:204 - Merging stage rdd profiles: HashSet()
2025-10-31 10:50:56 INFO  DAGScheduler:190 - Got job 0 (collect at /tmp/ipykernel_1660711/3782412216.py:73) with 8 output partitions
2025-10-31 10:50:56 INFO  DAGScheduler:190 - Final stage: ResultStage 0 (collect at /tmp/ipykernel_1660711/3782412216.py:73)
2025-10-31 10:50:56 INFO  DAGScheduler:190 - Parents of final stage: List()
2025-10-31 10:50:56 INFO  DAGScheduler:190 - Missing parents: List()
2025-10-31 10:50:56 DEBUG DAGScheduler:204 - submitStage(ResultStage 0 (name=collect at /tmp/ipykernel_1660711/3782412216.py:73;jobs=0))
2025-10-31 10:50:56 DEBUG DAGScheduler:204 - missing: List()
2025-10-31 10:50:56 INFO  DAGScheduler:190 - Submitting ResultStage 0 (PythonRDD[6] at collect at /tmp/ipykernel_1660711/3782412216.py:73), which has no missing parents
2025-10-31 10:50:56 DEBUG DAGScheduler:204 - submitMissingTasks(ResultStage 0)
2025-10-31 10:50:56 INFO  MemoryStore:190 - MemoryStore started with capacity 434.4 MiB
2025-10-31 10:50:56 INFO  MemoryStore:190 - Block broadcast_0 stored as values in memory (estimated size 19.1 KiB, free 434.4 MiB)
2025-10-31 10:50:56 DEBUG BlockManager:204 - Put block broadcast_0 locally took 21 ms
2025-10-31 10:50:56 DEBUG BlockManager:204 - Putting block broadcast_0 without replication took 23 ms
2025-10-31 10:50:56 INFO  MemoryStore:190 - Block broadcast_0_piece0 stored as bytes in memory (estimated size 9.3 KiB, free 434.4 MiB)
2025-10-31 10:50:56 DEBUG BlockManagerMasterEndpoint:204 - Updating block info on master broadcast_0_piece0 for BlockManagerId(driver, 192.168.1.204, 42851, None)
2025-10-31 10:50:56 DEBUG BlockManagerInfo:210 - Added broadcast_0_piece0 in memory on 192.168.1.204:42851 (size: 9.3 KiB, free: 434.4 MiB)
2025-10-31 10:50:56 DEBUG BlockManagerMaster:204 - Updated info of block broadcast_0_piece0
2025-10-31 10:50:56 DEBUG BlockManager:204 - Told master about block broadcast_0_piece0
2025-10-31 10:50:56 DEBUG BlockManager:204 - Put block broadcast_0_piece0 locally took 10 ms
2025-10-31 10:50:56 DEBUG BlockManager:204 - Putting block broadcast_0_piece0 without replication took 10 ms
2025-10-31 10:50:56 INFO  SparkContext:190 - Created broadcast 0 from broadcast at DAGScheduler.scala:1676
2025-10-31 10:50:56 INFO  DAGScheduler:190 - Submitting 8 missing tasks from ResultStage 0 (PythonRDD[6] at collect at /tmp/ipykernel_1660711/3782412216.py:73) (first 15 tasks are for partitions Vector(0, 1, 2, 3, 4, 5, 6, 7))
2025-10-31 10:50:56 INFO  TaskSchedulerImpl:190 - Adding task set 0.0 with 8 tasks resource profile 0
2025-10-31 10:50:56 DEBUG TaskSetManager:204 - Epoch for TaskSet 0.0: 0
2025-10-31 10:50:56 DEBUG TaskSetManager:204 - Adding pending tasks took 1 ms
2025-10-31 10:50:56 DEBUG TaskSetManager:204 - Valid locality levels for TaskSet 0.0: NO_PREF, ANY
2025-10-31 10:50:56 DEBUG TaskSchedulerImpl:204 - parentName: , name: TaskSet_0.0, runningTasks: 0
2025-10-31 10:50:56 INFO  TaskSetManager:190 - Starting task 0.0 in stage 0.0 (TID 0) (192.168.1.204,executor driver, partition 0, PROCESS_LOCAL, 10019 bytes) 
2025-10-31 10:50:56 INFO  TaskSetManager:190 - Starting task 1.0 in stage 0.0 (TID 1) (192.168.1.204,executor driver, partition 1, PROCESS_LOCAL, 10019 bytes) 
2025-10-31 10:50:56 INFO  TaskSetManager:190 - Starting task 2.0 in stage 0.0 (TID 2) (192.168.1.204,executor driver, partition 2, PROCESS_LOCAL, 10019 bytes) 
2025-10-31 10:50:56 INFO  TaskSetManager:190 - Starting task 3.0 in stage 0.0 (TID 3) (192.168.1.204,executor driver, partition 3, PROCESS_LOCAL, 10019 bytes) 
2025-10-31 10:50:56 INFO  TaskSetManager:190 - Starting task 4.0 in stage 0.0 (TID 4) (192.168.1.204,executor driver, partition 4, PROCESS_LOCAL, 10019 bytes) 
2025-10-31 10:50:56 INFO  TaskSetManager:190 - Starting task 5.0 in stage 0.0 (TID 5) (192.168.1.204,executor driver, partition 5, PROCESS_LOCAL, 10019 bytes) 
2025-10-31 10:50:56 INFO  TaskSetManager:190 - Starting task 6.0 in stage 0.0 (TID 6) (192.168.1.204,executor driver, partition 6, PROCESS_LOCAL, 10019 bytes) 
2025-10-31 10:50:56 INFO  TaskSetManager:190 - Starting task 7.0 in stage 0.0 (TID 7) (192.168.1.204,executor driver, partition 7, PROCESS_LOCAL, 10019 bytes) 
2025-10-31 10:50:56 INFO  Executor:190 - Running task 5.0 in stage 0.0 (TID 5)
2025-10-31 10:50:56 INFO  Executor:190 - Running task 4.0 in stage 0.0 (TID 4)
2025-10-31 10:50:56 INFO  Executor:190 - Running task 3.0 in stage 0.0 (TID 3)
2025-10-31 10:50:56 INFO  Executor:190 - Running task 7.0 in stage 0.0 (TID 7)
2025-10-31 10:50:56 INFO  Executor:190 - Running task 1.0 in stage 0.0 (TID 1)
2025-10-31 10:50:56 INFO  Executor:190 - Running task 0.0 in stage 0.0 (TID 0)
2025-10-31 10:50:56 INFO  Executor:190 - Running task 6.0 in stage 0.0 (TID 6)
2025-10-31 10:50:56 INFO  Executor:190 - Running task 2.0 in stage 0.0 (TID 2)
2025-10-31 10:50:56 DEBUG ExecutorMetricsPoller:204 - stageTCMP: (0, 0) -> 4
2025-10-31 10:50:56 DEBUG ExecutorMetricsPoller:204 - stageTCMP: (0, 0) -> 6
2025-10-31 10:50:56 DEBUG ExecutorMetricsPoller:204 - stageTCMP: (0, 0) -> 8
2025-10-31 10:50:56 DEBUG ExecutorMetricsPoller:204 - stageTCMP: (0, 0) -> 5
2025-10-31 10:50:56 DEBUG ExecutorMetricsPoller:204 - stageTCMP: (0, 0) -> 3
2025-10-31 10:50:56 DEBUG ExecutorMetricsPoller:204 - stageTCMP: (0, 0) -> 7
2025-10-31 10:50:56 DEBUG ExecutorMetricsPoller:204 - stageTCMP: (0, 0) -> 2
2025-10-31 10:50:56 DEBUG ExecutorMetricsPoller:204 - stageTCMP: (0, 0) -> 1
2025-10-31 10:50:56 DEBUG BlockManager:204 - Getting local block broadcast_0
2025-10-31 10:50:56 DEBUG BlockManager:204 - Level for block broadcast_0 is StorageLevel(disk, memory, deserialized, 1 replicas)
2025-10-31 10:50:56 DEBUG CodeGenerator:204 - 
/* 001 */ public Object generate(Object[] references) {
/* 002 */   return new GeneratedIteratorForCodegenStage1(references);
/* 003 */ }
/* 004 */
/* 005 */ // codegenStageId=1
/* 006 */ final class GeneratedIteratorForCodegenStage1 extends org.apache.spark.sql.execution.BufferedRowIterator {
/* 007 */   private Object[] references;
/* 008 */   private scala.collection.Iterator[] inputs;
/* 009 */   private boolean range_initRange_0;
/* 010 */   private long range_nextIndex_0;
/* 011 */   private TaskContext range_taskContext_0;
/* 012 */   private InputMetrics range_inputMetrics_0;
/* 013 */   private long range_batchEnd_0;
/* 014 */   private long range_numElementsTodo_0;
/* 015 */   private org.apache.spark.util.random.XORShiftRandom[] project_mutableStateArray_0 = new org.apache.spark.util.random.XORShiftRandom[1];
/* 016 */   private org.apache.spark.sql.catalyst.expressions.codegen.UnsafeRowWriter[] range_mutableStateArray_0 = new org.apache.spark.sql.catalyst.expressions.codegen.UnsafeRowWriter[2];
/* 017 */
/* 018 */   public GeneratedIteratorForCodegenStage1(Object[] references) {
/* 019 */     this.references = references;
/* 020 */   }
/* 021 */
/* 022 */   public void init(int index, scala.collection.Iterator[] inputs) {
/* 023 */     partitionIndex = index;
/* 024 */     this.inputs = inputs;
/* 025 */
/* 026 */     range_taskContext_0 = TaskContext.get();
/* 027 */     range_inputMetrics_0 = range_taskContext_0.taskMetrics().inputMetrics();
/* 028 */     range_mutableStateArray_0[0] = new org.apache.spark.sql.catalyst.expressions.codegen.UnsafeRowWriter(1, 0);
/* 029 */     range_mutableStateArray_0[1] = new org.apache.spark.sql.catalyst.expressions.codegen.UnsafeRowWriter(2, 0);
/* 030 */
/* 031 */     project_mutableStateArray_0[0] = new org.apache.spark.util.random.XORShiftRandom(6374308552798896638L + partitionIndex);
/* 032 */   }
/* 033 */
/* 034 */   private void initRange(int idx) {
/* 035 */     java.math.BigInteger index = java.math.BigInteger.valueOf(idx);
/* 036 */     java.math.BigInteger numSlice = java.math.BigInteger.valueOf(8L);
/* 037 */     java.math.BigInteger numElement = java.math.BigInteger.valueOf(99999L);
/* 038 */     java.math.BigInteger step = java.math.BigInteger.valueOf(1L);
/* 039 */     java.math.BigInteger start = java.math.BigInteger.valueOf(0L);
/* 040 */     long partitionEnd;
/* 041 */
/* 042 */     java.math.BigInteger st = index.multiply(numElement).divide(numSlice).multiply(step).add(start);
/* 043 */     if (st.compareTo(java.math.BigInteger.valueOf(Long.MAX_VALUE)) > 0) {
/* 044 */       range_nextIndex_0 = Long.MAX_VALUE;
/* 045 */     } else if (st.compareTo(java.math.BigInteger.valueOf(Long.MIN_VALUE)) < 0) {
/* 046 */       range_nextIndex_0 = Long.MIN_VALUE;
/* 047 */     } else {
/* 048 */       range_nextIndex_0 = st.longValue();
/* 049 */     }
/* 050 */     range_batchEnd_0 = range_nextIndex_0;
/* 051 */
/* 052 */     java.math.BigInteger end = index.add(java.math.BigInteger.ONE).multiply(numElement).divide(numSlice)
/* 053 */     .multiply(step).add(start);
/* 054 */     if (end.compareTo(java.math.BigInteger.valueOf(Long.MAX_VALUE)) > 0) {
/* 055 */       partitionEnd = Long.MAX_VALUE;
/* 056 */     } else if (end.compareTo(java.math.BigInteger.valueOf(Long.MIN_VALUE)) < 0) {
/* 057 */       partitionEnd = Long.MIN_VALUE;
/* 058 */     } else {
/* 059 */       partitionEnd = end.longValue();
/* 060 */     }
/* 061 */
/* 062 */     java.math.BigInteger startToEnd = java.math.BigInteger.valueOf(partitionEnd).subtract(
/* 063 */       java.math.BigInteger.valueOf(range_nextIndex_0));
/* 064 */     range_numElementsTodo_0  = startToEnd.divide(step).longValue();
/* 065 */     if (range_numElementsTodo_0 < 0) {
/* 066 */       range_numElementsTodo_0 = 0;
/* 067 */     } else if (startToEnd.remainder(step).compareTo(java.math.BigInteger.valueOf(0L)) != 0) {
/* 068 */       range_numElementsTodo_0++;
/* 069 */     }
/* 070 */   }
/* 071 */
/* 072 */   protected void processNext() throws java.io.IOException {
/* 073 */     // initialize Range
/* 074 */     if (!range_initRange_0) {
/* 075 */       range_initRange_0 = true;
/* 076 */       initRange(partitionIndex);
/* 077 */     }
/* 078 */
/* 079 */     while (true) {
/* 080 */       if (range_nextIndex_0 == range_batchEnd_0) {
/* 081 */         long range_nextBatchTodo_0;
/* 082 */         if (range_numElementsTodo_0 > 1000L) {
/* 083 */           range_nextBatchTodo_0 = 1000L;
/* 084 */           range_numElementsTodo_0 -= 1000L;
/* 085 */         } else {
/* 086 */           range_nextBatchTodo_0 = range_numElementsTodo_0;
/* 087 */           range_numElementsTodo_0 = 0;
/* 088 */           if (range_nextBatchTodo_0 == 0) break;
/* 089 */         }
/* 090 */         range_batchEnd_0 += range_nextBatchTodo_0 * 1L;
/* 091 */       }
/* 092 */
/* 093 */       int range_localEnd_0 = (int)((range_batchEnd_0 - range_nextIndex_0) / 1L);
/* 094 */       for (int range_localIdx_0 = 0; range_localIdx_0 < range_localEnd_0; range_localIdx_0++) {
/* 095 */         long range_value_0 = ((long)range_localIdx_0 * 1L) + range_nextIndex_0;
/* 096 */
/* 097 */         // common sub-expressions
/* 098 */
/* 099 */         final double project_value_1 = project_mutableStateArray_0[0].nextDouble();
/* 100 */
/* 101 */         range_mutableStateArray_0[1].reset();
/* 102 */
/* 103 */         range_mutableStateArray_0[1].write(0, range_value_0);
/* 104 */
/* 105 */         range_mutableStateArray_0[1].write(1, project_value_1);
/* 106 */         append((range_mutableStateArray_0[1].getRow()));
/* 107 */
/* 108 */         if (shouldStop()) {
/* 109 */           range_nextIndex_0 = range_value_0 + 1L;
/* 110 */           ((org.apache.spark.sql.execution.metric.SQLMetric) references[0] /* numOutputRows */).add(range_localIdx_0 + 1);
/* 111 */           range_inputMetrics_0.incRecordsRead(range_localIdx_0 + 1);
/* 112 */           return;
/* 113 */         }
/* 114 */
/* 115 */       }
/* 116 */       range_nextIndex_0 = range_batchEnd_0;
/* 117 */       ((org.apache.spark.sql.execution.metric.SQLMetric) references[0] /* numOutputRows */).add(range_localEnd_0);
/* 118 */       range_inputMetrics_0.incRecordsRead(range_localEnd_0);
/* 119 */       range_taskContext_0.killTaskIfInterrupted();
/* 120 */     }
/* 121 */   }
/* 122 */
/* 123 */ }

2025-10-31 10:50:56 INFO  CodeGenerator:190 - Code generated in 21.560399 ms
2025-10-31 10:50:57 INFO  PythonRunner:190 - Times: total = 793, boot = 596, init = 61, finish = 136
2025-10-31 10:50:57 INFO  PythonRunner:190 - Times: total = 801, boot = 592, init = 82, finish = 127
2025-10-31 10:50:57 INFO  PythonRunner:190 - Times: total = 815, boot = 610, init = 52, finish = 153
2025-10-31 10:50:57 INFO  PythonRunner:190 - Times: total = 824, boot = 587, init = 69, finish = 168
2025-10-31 10:50:57 INFO  Executor:190 - Finished task 6.0 in stage 0.0 (TID 6). 1853 bytes result sent to driver
2025-10-31 10:50:57 INFO  Executor:190 - Finished task 0.0 in stage 0.0 (TID 0). 1853 bytes result sent to driver
2025-10-31 10:50:57 INFO  Executor:190 - Finished task 4.0 in stage 0.0 (TID 4). 1810 bytes result sent to driver
2025-10-31 10:50:57 INFO  Executor:190 - Finished task 1.0 in stage 0.0 (TID 1). 1810 bytes result sent to driver
2025-10-31 10:50:57 INFO  PythonRunner:190 - Times: total = 827, boot = 598, init = 61, finish = 168
2025-10-31 10:50:57 DEBUG ExecutorMetricsPoller:204 - stageTCMP: (0, 0) -> 7
2025-10-31 10:50:57 DEBUG ExecutorMetricsPoller:204 - stageTCMP: (0, 0) -> 6
2025-10-31 10:50:57 DEBUG ExecutorMetricsPoller:204 - stageTCMP: (0, 0) -> 5
2025-10-31 10:50:57 INFO  Executor:190 - Finished task 2.0 in stage 0.0 (TID 2). 1810 bytes result sent to driver
2025-10-31 10:50:57 DEBUG ExecutorMetricsPoller:204 - stageTCMP: (0, 0) -> 4
2025-10-31 10:50:57 DEBUG ExecutorMetricsPoller:204 - stageTCMP: (0, 0) -> 3
2025-10-31 10:50:57 DEBUG TaskSchedulerImpl:204 - parentName: , name: TaskSet_0.0, runningTasks: 7
2025-10-31 10:50:57 DEBUG TaskSetManager:204 - No tasks for locality level NO_PREF, so moving to locality level ANY
2025-10-31 10:50:57 INFO  PythonRunner:190 - Times: total = 845, boot = 600, init = 49, finish = 196
2025-10-31 10:50:57 INFO  PythonRunner:190 - Times: total = 847, boot = 629, init = 59, finish = 159
2025-10-31 10:50:57 INFO  Executor:190 - Finished task 5.0 in stage 0.0 (TID 5). 1810 bytes result sent to driver
2025-10-31 10:50:57 DEBUG ExecutorMetricsPoller:204 - stageTCMP: (0, 0) -> 2
2025-10-31 10:50:57 INFO  PythonRunner:190 - Times: total = 850, boot = 591, init = 59, finish = 200
2025-10-31 10:50:57 INFO  Executor:190 - Finished task 7.0 in stage 0.0 (TID 7). 1810 bytes result sent to driver
2025-10-31 10:50:57 DEBUG ExecutorMetricsPoller:204 - stageTCMP: (0, 0) -> 1
2025-10-31 10:50:57 INFO  Executor:190 - Finished task 3.0 in stage 0.0 (TID 3). 1810 bytes result sent to driver
2025-10-31 10:50:57 DEBUG ExecutorMetricsPoller:204 - stageTCMP: (0, 0) -> 0
2025-10-31 10:50:57 INFO  TaskSetManager:190 - Finished task 0.0 in stage 0.0 (TID 0) in 1033 ms on 192.168.1.204 (executor driver) (1/8)
2025-10-31 10:50:57 INFO  TaskSetManager:190 - Finished task 1.0 in stage 0.0 (TID 1) in 1022 ms on 192.168.1.204 (executor driver) (2/8)
2025-10-31 10:50:57 INFO  PythonAccumulatorV2:190 - Connected to AccumulatorServer at host: 127.0.0.1 port: 39071
2025-10-31 10:50:57 INFO  TaskSetManager:190 - Finished task 4.0 in stage 0.0 (TID 4) in 1030 ms on 192.168.1.204 (executor driver) (3/8)
2025-10-31 10:50:57 INFO  TaskSetManager:190 - Finished task 6.0 in stage 0.0 (TID 6) in 1029 ms on 192.168.1.204 (executor driver) (4/8)
2025-10-31 10:50:57 INFO  TaskSetManager:190 - Finished task 7.0 in stage 0.0 (TID 7) in 1029 ms on 192.168.1.204 (executor driver) (5/8)
2025-10-31 10:50:57 INFO  TaskSetManager:190 - Finished task 2.0 in stage 0.0 (TID 2) in 1033 ms on 192.168.1.204 (executor driver) (6/8)
2025-10-31 10:50:57 INFO  TaskSetManager:190 - Finished task 3.0 in stage 0.0 (TID 3) in 1032 ms on 192.168.1.204 (executor driver) (7/8)
2025-10-31 10:50:57 INFO  TaskSetManager:190 - Finished task 5.0 in stage 0.0 (TID 5) in 1031 ms on 192.168.1.204 (executor driver) (8/8)
2025-10-31 10:50:57 INFO  TaskSchedulerImpl:190 - Removed TaskSet 0.0 whose tasks have all completed, from pool 
2025-10-31 10:50:57 INFO  DAGScheduler:190 - ResultStage 0 (collect at /tmp/ipykernel_1660711/3782412216.py:73) finished in 1168 ms
2025-10-31 10:50:57 DEBUG DAGScheduler:204 - After removal of stage 0, remaining stages = 0
2025-10-31 10:50:57 INFO  DAGScheduler:190 - Job 0 is finished. Cancelling potential speculative or zombie tasks for this job
2025-10-31 10:50:57 INFO  TaskSchedulerImpl:190 - Canceling stage 0
2025-10-31 10:50:57 INFO  TaskSchedulerImpl:190 - Killing all running tasks in stage 0: Stage finished
2025-10-31 10:50:57 INFO  DAGScheduler:190 - Job 0 finished: collect at /tmp/ipykernel_1660711/3782412216.py:73, took 1202.776176 ms
2025-10-31 10:50:57 DEBUG Analyzer$ResolveReferences:204 - Resolving 'random_val to random_val#1
2025-10-31 10:50:57 DEBUG Analyzer$ResolveReferences:204 - Resolving 'random_val to random_val#1
2025-10-31 10:50:57 DEBUG ResolveReferencesInAggregate:204 - Resolving 'id to id#0L
2025-10-31 10:50:57 DEBUG ResolveReferencesInAggregate:204 - Resolving 'id to id#0L
2025-10-31 10:50:57 DEBUG ResolveReferencesInSort:204 - Resolving 'group to group#3L
2025-10-31 10:50:57 DEBUG ArtifactManager:204 - Not applying  classloader for session 7d44eae4-e2b6-4ac1-aaf5-8270abb7c4ab because alwaysApplyClassLoader=false, sessionArtifactAdded=false.
2025-10-31 10:50:57 DEBUG InsertAdaptiveSparkPlan:204 - Adaptive execution enabled for plan: TakeOrderedAndProject(limit=21, orderBy=[group#3L ASC NULLS FIRST], output=[group#9,avg(squared)#10])
+- HashAggregate(keys=[_groupingexpression#11L], functions=[avg(squared#2)], output=[group#3L, avg(squared)#8])
   +- HashAggregate(keys=[_groupingexpression#11L], functions=[partial_avg(squared#2)], output=[_groupingexpression#11L, sum#14, count#15L])
      +- Project [(random_val#1 * random_val#1) AS squared#2, (id#0L % 100) AS _groupingexpression#11L]
         +- Project [id#0L, rand(6374308552798896638) AS random_val#1]
            +- Range (0, 99999, step=1, splits=8)

2025-10-31 10:50:57 DEBUG ShuffleQueryStageExec:204 - Materialize query stage: ShuffleQueryStageExec-0
2025-10-31 10:50:57 DEBUG WholeStageCodegenExec:204 - 
/* 001 */ public Object generate(Object[] references) {
/* 002 */   return new GeneratedIteratorForCodegenStage1(references);
/* 003 */ }
/* 004 */
/* 005 */ // codegenStageId=1
/* 006 */ final class GeneratedIteratorForCodegenStage1 extends org.apache.spark.sql.execution.BufferedRowIterator {
/* 007 */   private Object[] references;
/* 008 */   private scala.collection.Iterator[] inputs;
/* 009 */   private boolean hashAgg_initAgg_0;
/* 010 */   private boolean hashAgg_bufIsNull_0;
/* 011 */   private double hashAgg_bufValue_0;
/* 012 */   private boolean hashAgg_bufIsNull_1;
/* 013 */   private long hashAgg_bufValue_1;
/* 014 */   private hashAgg_FastHashMap_0 hashAgg_fastHashMap_0;
/* 015 */   private org.apache.spark.unsafe.KVIterator<UnsafeRow, UnsafeRow> hashAgg_fastHashMapIter_0;
/* 016 */   private org.apache.spark.unsafe.KVIterator hashAgg_mapIter_0;
/* 017 */   private org.apache.spark.sql.execution.UnsafeFixedWidthAggregationMap hashAgg_hashMap_0;
/* 018 */   private org.apache.spark.sql.execution.UnsafeKVExternalSorter hashAgg_sorter_0;
/* 019 */   private boolean range_initRange_0;
/* 020 */   private long range_nextIndex_0;
/* 021 */   private TaskContext range_taskContext_0;
/* 022 */   private InputMetrics range_inputMetrics_0;
/* 023 */   private long range_batchEnd_0;
/* 024 */   private long range_numElementsTodo_0;
/* 025 */   private boolean hashAgg_hashAgg_isNull_8_0;
/* 026 */   private org.apache.spark.util.random.XORShiftRandom[] project_mutableStateArray_0 = new org.apache.spark.util.random.XORShiftRandom[1];
/* 027 */   private org.apache.spark.sql.catalyst.expressions.codegen.UnsafeRowWriter[] range_mutableStateArray_0 = new org.apache.spark.sql.catalyst.expressions.codegen.UnsafeRowWriter[6];
/* 028 */
/* 029 */   public GeneratedIteratorForCodegenStage1(Object[] references) {
/* 030 */     this.references = references;
/* 031 */   }
/* 032 */
/* 033 */   public void init(int index, scala.collection.Iterator[] inputs) {
/* 034 */     partitionIndex = index;
/* 035 */     this.inputs = inputs;
/* 036 */
/* 037 */     range_taskContext_0 = TaskContext.get();
/* 038 */     range_inputMetrics_0 = range_taskContext_0.taskMetrics().inputMetrics();
/* 039 */     range_mutableStateArray_0[0] = new org.apache.spark.sql.catalyst.expressions.codegen.UnsafeRowWriter(1, 0);
/* 040 */     range_mutableStateArray_0[1] = new org.apache.spark.sql.catalyst.expressions.codegen.UnsafeRowWriter(2, 0);
/* 041 */     range_mutableStateArray_0[2] = new org.apache.spark.sql.catalyst.expressions.codegen.UnsafeRowWriter(2, 0);
/* 042 */     range_mutableStateArray_0[3] = new org.apache.spark.sql.catalyst.expressions.codegen.UnsafeRowWriter(2, 0);
/* 043 */     range_mutableStateArray_0[4] = new org.apache.spark.sql.catalyst.expressions.codegen.UnsafeRowWriter(1, 0);
/* 044 */     range_mutableStateArray_0[5] = new org.apache.spark.sql.catalyst.expressions.codegen.UnsafeRowWriter(3, 0);
/* 045 */
/* 046 */     project_mutableStateArray_0[0] = new org.apache.spark.util.random.XORShiftRandom(6374308552798896638L + partitionIndex);
/* 047 */   }
/* 048 */
/* 049 */   public class hashAgg_FastHashMap_0 {
/* 050 */     private org.apache.spark.sql.catalyst.expressions.RowBasedKeyValueBatch batch;
/* 051 */     private int[] buckets;
/* 052 */     private int capacity = 1 << 16;
/* 053 */     private double loadFactor = 0.5;
/* 054 */     private int numBuckets = (int) (capacity / loadFactor);
/* 055 */     private int maxSteps = 2;
/* 056 */     private int numRows = 0;
/* 057 */     private Object emptyVBase;
/* 058 */     private long emptyVOff;
/* 059 */     private int emptyVLen;
/* 060 */     private boolean isBatchFull = false;
/* 061 */     private org.apache.spark.sql.catalyst.expressions.codegen.UnsafeRowWriter agg_rowWriter;
/* 062 */
/* 063 */     public hashAgg_FastHashMap_0(
/* 064 */       org.apache.spark.memory.TaskMemoryManager taskMemoryManager,
/* 065 */       InternalRow emptyAggregationBuffer) {
/* 066 */       batch = org.apache.spark.sql.catalyst.expressions.RowBasedKeyValueBatch
/* 067 */       .allocate(((org.apache.spark.sql.types.StructType) references[1] /* keySchemaTerm */), ((org.apache.spark.sql.types.StructType) references[2] /* valueSchemaTerm */), taskMemoryManager, capacity);
/* 068 */
/* 069 */       final UnsafeProjection valueProjection = UnsafeProjection.create(((org.apache.spark.sql.types.StructType) references[2] /* valueSchemaTerm */));
/* 070 */       final byte[] emptyBuffer = valueProjection.apply(emptyAggregationBuffer).getBytes();
/* 071 */
/* 072 */       emptyVBase = emptyBuffer;
/* 073 */       emptyVOff = Platform.BYTE_ARRAY_OFFSET;
/* 074 */       emptyVLen = emptyBuffer.length;
/* 075 */
/* 076 */       agg_rowWriter = new org.apache.spark.sql.catalyst.expressions.codegen.UnsafeRowWriter(
/* 077 */         1, 0);
/* 078 */
/* 079 */       buckets = new int[numBuckets];
/* 080 */       java.util.Arrays.fill(buckets, -1);
/* 081 */     }
/* 082 */
/* 083 */     public org.apache.spark.sql.catalyst.expressions.UnsafeRow findOrInsert(long hashAgg_key_0) {
/* 084 */       long h = hash(hashAgg_key_0);
/* 085 */       int step = 0;
/* 086 */       int idx = (int) h & (numBuckets - 1);
/* 087 */       while (step < maxSteps) {
/* 088 */         // Return bucket index if it's either an empty slot or already contains the key
/* 089 */         if (buckets[idx] == -1) {
/* 090 */           if (numRows < capacity && !isBatchFull) {
/* 091 */             agg_rowWriter.reset();
/* 092 */             agg_rowWriter.zeroOutNullBytes();
/* 093 */             agg_rowWriter.write(0, hashAgg_key_0);
/* 094 */             org.apache.spark.sql.catalyst.expressions.UnsafeRow agg_result
/* 095 */             = agg_rowWriter.getRow();
/* 096 */             Object kbase = agg_result.getBaseObject();
/* 097 */             long koff = agg_result.getBaseOffset();
/* 098 */             int klen = agg_result.getSizeInBytes();
/* 099 */
/* 100 */             UnsafeRow vRow
/* 101 */             = batch.appendRow(kbase, koff, klen, emptyVBase, emptyVOff, emptyVLen);
/* 102 */             if (vRow == null) {
/* 103 */               isBatchFull = true;
/* 104 */             } else {
/* 105 */               buckets[idx] = numRows++;
/* 106 */             }
/* 107 */             return vRow;
/* 108 */           } else {
/* 109 */             // No more space
/* 110 */             return null;
/* 111 */           }
/* 112 */         } else if (equals(idx, hashAgg_key_0)) {
/* 113 */           return batch.getValueRow(buckets[idx]);
/* 114 */         }
/* 115 */         idx = (idx + 1) & (numBuckets - 1);
/* 116 */         step++;
/* 117 */       }
/* 118 */       // Didn't find it
/* 119 */       return null;
/* 120 */     }
/* 121 */
/* 122 */     private boolean equals(int idx, long hashAgg_key_0) {
/* 123 */       UnsafeRow row = batch.getKeyRow(buckets[idx]);
/* 124 */       return (row.getLong(0) == hashAgg_key_0);
/* 125 */     }
/* 126 */
/* 127 */     private long hash(long hashAgg_key_0) {
/* 128 */       long hashAgg_hash_0 = 0;
/* 129 */
/* 130 */       long hashAgg_result_0 = hashAgg_key_0;
/* 131 */       hashAgg_hash_0 = (hashAgg_hash_0 ^ (0x9e3779b9)) + hashAgg_result_0 + (hashAgg_hash_0 << 6) + (hashAgg_hash_0 >>> 2);
/* 132 */
/* 133 */       return hashAgg_hash_0;
/* 134 */     }
/* 135 */
/* 136 */     public org.apache.spark.unsafe.KVIterator<UnsafeRow, UnsafeRow> rowIterator() {
/* 137 */       return batch.rowIterator();
/* 138 */     }
/* 139 */
/* 140 */     public void close() {
/* 141 */       batch.close();
/* 142 */     }
/* 143 */
/* 144 */   }
/* 145 */
/* 146 */   private void hashAgg_doAggregateWithKeysOutput_0(UnsafeRow hashAgg_keyTerm_0, UnsafeRow hashAgg_bufferTerm_0)
/* 147 */   throws java.io.IOException {
/* 148 */     ((org.apache.spark.sql.execution.metric.SQLMetric) references[10] /* numOutputRows */).add(1);
/* 149 */
/* 150 */     boolean hashAgg_isNull_18 = hashAgg_keyTerm_0.isNullAt(0);
/* 151 */     long hashAgg_value_20 = hashAgg_isNull_18 ?
/* 152 */     -1L : (hashAgg_keyTerm_0.getLong(0));
/* 153 */     boolean hashAgg_isNull_19 = hashAgg_bufferTerm_0.isNullAt(0);
/* 154 */     double hashAgg_value_21 = hashAgg_isNull_19 ?
/* 155 */     -1.0 : (hashAgg_bufferTerm_0.getDouble(0));
/* 156 */     boolean hashAgg_isNull_20 = hashAgg_bufferTerm_0.isNullAt(1);
/* 157 */     long hashAgg_value_22 = hashAgg_isNull_20 ?
/* 158 */     -1L : (hashAgg_bufferTerm_0.getLong(1));
/* 159 */
/* 160 */     range_mutableStateArray_0[5].reset();
/* 161 */
/* 162 */     range_mutableStateArray_0[5].zeroOutNullBytes();
/* 163 */
/* 164 */     if (hashAgg_isNull_18) {
/* 165 */       range_mutableStateArray_0[5].setNullAt(0);
/* 166 */     } else {
/* 167 */       range_mutableStateArray_0[5].write(0, hashAgg_value_20);
/* 168 */     }
/* 169 */
/* 170 */     if (hashAgg_isNull_19) {
/* 171 */       range_mutableStateArray_0[5].setNullAt(1);
/* 172 */     } else {
/* 173 */       range_mutableStateArray_0[5].write(1, hashAgg_value_21);
/* 174 */     }
/* 175 */
/* 176 */     if (hashAgg_isNull_20) {
/* 177 */       range_mutableStateArray_0[5].setNullAt(2);
/* 178 */     } else {
/* 179 */       range_mutableStateArray_0[5].write(2, hashAgg_value_22);
/* 180 */     }
/* 181 */     append((range_mutableStateArray_0[5].getRow()));
/* 182 */
/* 183 */   }
/* 184 */
/* 185 */   private void hashAgg_doAggregateWithKeys_0() throws java.io.IOException {
/* 186 */     // initialize Range
/* 187 */     if (!range_initRange_0) {
/* 188 */       range_initRange_0 = true;
/* 189 */       initRange(partitionIndex);
/* 190 */     }
/* 191 */
/* 192 */     while (true) {
/* 193 */       if (range_nextIndex_0 == range_batchEnd_0) {
/* 194 */         long range_nextBatchTodo_0;
/* 195 */         if (range_numElementsTodo_0 > 1000L) {
/* 196 */           range_nextBatchTodo_0 = 1000L;
/* 197 */           range_numElementsTodo_0 -= 1000L;
/* 198 */         } else {
/* 199 */           range_nextBatchTodo_0 = range_numElementsTodo_0;
/* 200 */           range_numElementsTodo_0 = 0;
/* 201 */           if (range_nextBatchTodo_0 == 0) break;
/* 202 */         }
/* 203 */         range_batchEnd_0 += range_nextBatchTodo_0 * 1L;
/* 204 */       }
/* 205 */
/* 206 */       int range_localEnd_0 = (int)((range_batchEnd_0 - range_nextIndex_0) / 1L);
/* 207 */       for (int range_localIdx_0 = 0; range_localIdx_0 < range_localEnd_0; range_localIdx_0++) {
/* 208 */         long range_value_0 = ((long)range_localIdx_0 * 1L) + range_nextIndex_0;
/* 209 */
/* 210 */         // common sub-expressions
/* 211 */
/* 212 */         final double project_value_1 = project_mutableStateArray_0[0].nextDouble();
/* 213 */
/* 214 */         // common sub-expressions
/* 215 */
/* 216 */         double project_value_4 = -1.0;
/* 217 */
/* 218 */         project_value_4 = project_value_1 * project_value_1;
/* 219 */         boolean project_isNull_7 = false;
/* 220 */         long project_value_7 = -1L;
/* 221 */         if (100L == 0) {
/* 222 */           throw QueryExecutionErrors.divideByZeroError(((org.apache.spark.sql.catalyst.trees.DataFrameQueryContext) references[8] /* errCtx */));
/* 223 */         } else {
/* 224 */           project_value_7 = (long)(range_value_0 % 100L);
/* 225 */         }
/* 226 */
/* 227 */         hashAgg_doConsume_0(project_value_4, project_value_7, project_isNull_7);
/* 228 */
/* 229 */         // shouldStop check is eliminated
/* 230 */       }
/* 231 */       range_nextIndex_0 = range_batchEnd_0;
/* 232 */       ((org.apache.spark.sql.execution.metric.SQLMetric) references[7] /* numOutputRows */).add(range_localEnd_0);
/* 233 */       range_inputMetrics_0.incRecordsRead(range_localEnd_0);
/* 234 */       range_taskContext_0.killTaskIfInterrupted();
/* 235 */     }
/* 236 */
/* 237 */     hashAgg_fastHashMapIter_0 = hashAgg_fastHashMap_0.rowIterator();
/* 238 */     hashAgg_mapIter_0 = ((org.apache.spark.sql.execution.aggregate.HashAggregateExec) references[0] /* plan */).finishAggregate(hashAgg_hashMap_0, hashAgg_sorter_0, ((org.apache.spark.sql.execution.metric.SQLMetric) references[3] /* peakMemory */), ((org.apache.spark.sql.execution.metric.SQLMetric) references[4] /* spillSize */), ((org.apache.spark.sql.execution.metric.SQLMetric) references[5] /* avgHashProbe */), ((org.apache.spark.sql.execution.metric.SQLMetric) references[6] /* numTasksFallBacked */));
/* 239 */
/* 240 */   }
/* 241 */
/* 242 */   private void initRange(int idx) {
/* 243 */     java.math.BigInteger index = java.math.BigInteger.valueOf(idx);
/* 244 */     java.math.BigInteger numSlice = java.math.BigInteger.valueOf(8L);
/* 245 */     java.math.BigInteger numElement = java.math.BigInteger.valueOf(99999L);
/* 246 */     java.math.BigInteger step = java.math.BigInteger.valueOf(1L);
/* 247 */     java.math.BigInteger start = java.math.BigInteger.valueOf(0L);
/* 248 */     long partitionEnd;
/* 249 */
/* 250 */     java.math.BigInteger st = index.multiply(numElement).divide(numSlice).multiply(step).add(start);
/* 251 */     if (st.compareTo(java.math.BigInteger.valueOf(Long.MAX_VALUE)) > 0) {
/* 252 */       range_nextIndex_0 = Long.MAX_VALUE;
/* 253 */     } else if (st.compareTo(java.math.BigInteger.valueOf(Long.MIN_VALUE)) < 0) {
/* 254 */       range_nextIndex_0 = Long.MIN_VALUE;
/* 255 */     } else {
/* 256 */       range_nextIndex_0 = st.longValue();
/* 257 */     }
/* 258 */     range_batchEnd_0 = range_nextIndex_0;
/* 259 */
/* 260 */     java.math.BigInteger end = index.add(java.math.BigInteger.ONE).multiply(numElement).divide(numSlice)
/* 261 */     .multiply(step).add(start);
/* 262 */     if (end.compareTo(java.math.BigInteger.valueOf(Long.MAX_VALUE)) > 0) {
/* 263 */       partitionEnd = Long.MAX_VALUE;
/* 264 */     } else if (end.compareTo(java.math.BigInteger.valueOf(Long.MIN_VALUE)) < 0) {
/* 265 */       partitionEnd = Long.MIN_VALUE;
/* 266 */     } else {
/* 267 */       partitionEnd = end.longValue();
/* 268 */     }
/* 269 */
/* 270 */     java.math.BigInteger startToEnd = java.math.BigInteger.valueOf(partitionEnd).subtract(
/* 271 */       java.math.BigInteger.valueOf(range_nextIndex_0));
/* 272 */     range_numElementsTodo_0  = startToEnd.divide(step).longValue();
/* 273 */     if (range_numElementsTodo_0 < 0) {
/* 274 */       range_numElementsTodo_0 = 0;
/* 275 */     } else if (startToEnd.remainder(step).compareTo(java.math.BigInteger.valueOf(0L)) != 0) {
/* 276 */       range_numElementsTodo_0++;
/* 277 */     }
/* 278 */   }
/* 279 */
/* 280 */   private void hashAgg_doConsume_0(double hashAgg_expr_0_0, long hashAgg_expr_1_0, boolean hashAgg_exprIsNull_1_0) throws java.io.IOException {
/* 281 */     UnsafeRow hashAgg_unsafeRowAggBuffer_0 = null;
/* 282 */     UnsafeRow hashAgg_fastAggBuffer_0 = null;
/* 283 */
/* 284 */     if (!hashAgg_exprIsNull_1_0) {
/* 285 */       hashAgg_fastAggBuffer_0 = hashAgg_fastHashMap_0.findOrInsert(
/* 286 */         hashAgg_expr_1_0);
/* 287 */     }
/* 288 */     // Cannot find the key in fast hash map, try regular hash map.
/* 289 */     if (hashAgg_fastAggBuffer_0 == null) {
/* 290 */       // generate grouping key
/* 291 */       range_mutableStateArray_0[4].reset();
/* 292 */
/* 293 */       range_mutableStateArray_0[4].zeroOutNullBytes();
/* 294 */
/* 295 */       if (hashAgg_exprIsNull_1_0) {
/* 296 */         range_mutableStateArray_0[4].setNullAt(0);
/* 297 */       } else {
/* 298 */         range_mutableStateArray_0[4].write(0, hashAgg_expr_1_0);
/* 299 */       }
/* 300 */       int hashAgg_unsafeRowKeyHash_0 = (range_mutableStateArray_0[4].getRow()).hashCode();
/* 301 */       if (true) {
/* 302 */         // try to get the buffer from hash map
/* 303 */         hashAgg_unsafeRowAggBuffer_0 =
/* 304 */         hashAgg_hashMap_0.getAggregationBufferFromUnsafeRow((range_mutableStateArray_0[4].getRow()), hashAgg_unsafeRowKeyHash_0);
/* 305 */       }
/* 306 */       // Can't allocate buffer from the hash map. Spill the map and fallback to sort-based
/* 307 */       // aggregation after processing all input rows.
/* 308 */       if (hashAgg_unsafeRowAggBuffer_0 == null) {
/* 309 */         if (hashAgg_sorter_0 == null) {
/* 310 */           hashAgg_sorter_0 = hashAgg_hashMap_0.destructAndCreateExternalSorter();
/* 311 */         } else {
/* 312 */           hashAgg_sorter_0.merge(hashAgg_hashMap_0.destructAndCreateExternalSorter());
/* 313 */         }
/* 314 */
/* 315 */         // the hash map had be spilled, it should have enough memory now,
/* 316 */         // try to allocate buffer again.
/* 317 */         hashAgg_unsafeRowAggBuffer_0 = hashAgg_hashMap_0.getAggregationBufferFromUnsafeRow(
/* 318 */           (range_mutableStateArray_0[4].getRow()), hashAgg_unsafeRowKeyHash_0);
/* 319 */         if (hashAgg_unsafeRowAggBuffer_0 == null) {
/* 320 */           // failed to allocate the first page
/* 321 */           throw new org.apache.spark.memory.SparkOutOfMemoryError("_LEGACY_ERROR_TEMP_3302", new java.util.HashMap());
/* 322 */         }
/* 323 */       }
/* 324 */
/* 325 */     }
/* 326 */
/* 327 */     // Updates the proper row buffer
/* 328 */     if (hashAgg_fastAggBuffer_0 != null) {
/* 329 */       hashAgg_unsafeRowAggBuffer_0 = hashAgg_fastAggBuffer_0;
/* 330 */     }
/* 331 */
/* 332 */     // common sub-expressions
/* 333 */
/* 334 */     // evaluate aggregate functions and update aggregation buffers
/* 335 */     hashAgg_doAggregate_avg_0(hashAgg_unsafeRowAggBuffer_0, hashAgg_expr_0_0);
/* 336 */
/* 337 */   }
/* 338 */
/* 339 */   protected void processNext() throws java.io.IOException {
/* 340 */     if (!hashAgg_initAgg_0) {
/* 341 */       hashAgg_initAgg_0 = true;
/* 342 */       hashAgg_fastHashMap_0 = new hashAgg_FastHashMap_0(((org.apache.spark.sql.execution.aggregate.HashAggregateExec) references[0] /* plan */).getTaskContext().taskMemoryManager(), ((org.apache.spark.sql.execution.aggregate.HashAggregateExec) references[0] /* plan */).getEmptyAggregationBuffer());
/* 343 */
/* 344 */       ((org.apache.spark.sql.execution.aggregate.HashAggregateExec) references[0] /* plan */).getTaskContext().addTaskCompletionListener(
/* 345 */         new org.apache.spark.util.TaskCompletionListener() {
/* 346 */           @Override
/* 347 */           public void onTaskCompletion(org.apache.spark.TaskContext context) {
/* 348 */             hashAgg_fastHashMap_0.close();
/* 349 */           }
/* 350 */         });
/* 351 */
/* 352 */       hashAgg_hashMap_0 = ((org.apache.spark.sql.execution.aggregate.HashAggregateExec) references[0] /* plan */).createHashMap();
/* 353 */       long wholestagecodegen_beforeAgg_0 = System.nanoTime();
/* 354 */       hashAgg_doAggregateWithKeys_0();
/* 355 */       ((org.apache.spark.sql.execution.metric.SQLMetric) references[11] /* aggTime */).add((System.nanoTime() - wholestagecodegen_beforeAgg_0) / 1000000);
/* 356 */     }
/* 357 */     // output the result
/* 358 */
/* 359 */     while ( hashAgg_fastHashMapIter_0.next()) {
/* 360 */       UnsafeRow hashAgg_aggKey_0 = (UnsafeRow) hashAgg_fastHashMapIter_0.getKey();
/* 361 */       UnsafeRow hashAgg_aggBuffer_0 = (UnsafeRow) hashAgg_fastHashMapIter_0.getValue();
/* 362 */       hashAgg_doAggregateWithKeysOutput_0(hashAgg_aggKey_0, hashAgg_aggBuffer_0);
/* 363 */
/* 364 */       if (shouldStop()) return;
/* 365 */     }
/* 366 */     hashAgg_fastHashMap_0.close();
/* 367 */
/* 368 */     while ( hashAgg_mapIter_0.next()) {
/* 369 */       UnsafeRow hashAgg_aggKey_0 = (UnsafeRow) hashAgg_mapIter_0.getKey();
/* 370 */       UnsafeRow hashAgg_aggBuffer_0 = (UnsafeRow) hashAgg_mapIter_0.getValue();
/* 371 */       hashAgg_doAggregateWithKeysOutput_0(hashAgg_aggKey_0, hashAgg_aggBuffer_0);
/* 372 */       if (shouldStop()) return;
/* 373 */     }
/* 374 */     hashAgg_mapIter_0.close();
/* 375 */     if (hashAgg_sorter_0 == null) {
/* 376 */       hashAgg_hashMap_0.free();
/* 377 */     }
/* 378 */   }
/* 379 */
/* 380 */   private void hashAgg_doAggregate_avg_0(org.apache.spark.sql.catalyst.InternalRow hashAgg_unsafeRowAggBuffer_0, double hashAgg_expr_0_0) throws java.io.IOException {
/* 381 */     boolean hashAgg_isNull_6 = true;
/* 382 */     double hashAgg_value_8 = -1.0;
/* 383 */     boolean hashAgg_isNull_7 = hashAgg_unsafeRowAggBuffer_0.isNullAt(0);
/* 384 */     double hashAgg_value_9 = hashAgg_isNull_7 ?
/* 385 */     -1.0 : (hashAgg_unsafeRowAggBuffer_0.getDouble(0));
/* 386 */     if (!hashAgg_isNull_7) {
/* 387 */       hashAgg_hashAgg_isNull_8_0 = true;
/* 388 */       double hashAgg_value_10 = -1.0;
/* 389 */       do {
/* 390 */         if (!false) {
/* 391 */           hashAgg_hashAgg_isNull_8_0 = false;
/* 392 */           hashAgg_value_10 = hashAgg_expr_0_0;
/* 393 */           continue;
/* 394 */         }
/* 395 */
/* 396 */         if (!false) {
/* 397 */           hashAgg_hashAgg_isNull_8_0 = false;
/* 398 */           hashAgg_value_10 = 0.0D;
/* 399 */           continue;
/* 400 */         }
/* 401 */
/* 402 */       } while (false);
/* 403 */
/* 404 */       hashAgg_isNull_6 = false; // resultCode could change nullability.
/* 405 */
/* 406 */       hashAgg_value_8 = hashAgg_value_9 + hashAgg_value_10;
/* 407 */
/* 408 */     }
/* 409 */     boolean hashAgg_isNull_11 = false;
/* 410 */     long hashAgg_value_13 = -1L;
/* 411 */     if (!false && false) {
/* 412 */       boolean hashAgg_isNull_14 = hashAgg_unsafeRowAggBuffer_0.isNullAt(1);
/* 413 */       long hashAgg_value_16 = hashAgg_isNull_14 ?
/* 414 */       -1L : (hashAgg_unsafeRowAggBuffer_0.getLong(1));
/* 415 */       hashAgg_isNull_11 = hashAgg_isNull_14;
/* 416 */       hashAgg_value_13 = hashAgg_value_16;
/* 417 */     } else {
/* 418 */       boolean hashAgg_isNull_15 = true;
/* 419 */       long hashAgg_value_17 = -1L;
/* 420 */       boolean hashAgg_isNull_16 = hashAgg_unsafeRowAggBuffer_0.isNullAt(1);
/* 421 */       long hashAgg_value_18 = hashAgg_isNull_16 ?
/* 422 */       -1L : (hashAgg_unsafeRowAggBuffer_0.getLong(1));
/* 423 */       if (!hashAgg_isNull_16) {
/* 424 */         hashAgg_isNull_15 = false; // resultCode could change nullability.
/* 425 */
/* 426 */         hashAgg_value_17 = org.apache.spark.sql.catalyst.util.MathUtils.addExact(hashAgg_value_18, 1L, ((org.apache.spark.sql.catalyst.trees.SQLQueryContext) references[9] /* errCtx */));
/* 427 */
/* 428 */       }
/* 429 */       hashAgg_isNull_11 = hashAgg_isNull_15;
/* 430 */       hashAgg_value_13 = hashAgg_value_17;
/* 431 */     }
/* 432 */
/* 433 */     if (!hashAgg_isNull_6) {
/* 434 */       hashAgg_unsafeRowAggBuffer_0.setDouble(0, hashAgg_value_8);
/* 435 */     } else {
/* 436 */       hashAgg_unsafeRowAggBuffer_0.setNullAt(0);
/* 437 */     }
/* 438 */
/* 439 */     if (!hashAgg_isNull_11) {
/* 440 */       hashAgg_unsafeRowAggBuffer_0.setLong(1, hashAgg_value_13);
/* 441 */     } else {
/* 442 */       hashAgg_unsafeRowAggBuffer_0.setNullAt(1);
/* 443 */     }
/* 444 */   }
/* 445 */
/* 446 */ }

2025-10-31 10:50:57 DEBUG CodeGenerator:204 - 
/* 001 */ public Object generate(Object[] references) {
/* 002 */   return new GeneratedIteratorForCodegenStage1(references);
/* 003 */ }
/* 004 */
/* 005 */ // codegenStageId=1
/* 006 */ final class GeneratedIteratorForCodegenStage1 extends org.apache.spark.sql.execution.BufferedRowIterator {
/* 007 */   private Object[] references;
/* 008 */   private scala.collection.Iterator[] inputs;
/* 009 */   private boolean hashAgg_initAgg_0;
/* 010 */   private boolean hashAgg_bufIsNull_0;
/* 011 */   private double hashAgg_bufValue_0;
/* 012 */   private boolean hashAgg_bufIsNull_1;
/* 013 */   private long hashAgg_bufValue_1;
/* 014 */   private hashAgg_FastHashMap_0 hashAgg_fastHashMap_0;
/* 015 */   private org.apache.spark.unsafe.KVIterator<UnsafeRow, UnsafeRow> hashAgg_fastHashMapIter_0;
/* 016 */   private org.apache.spark.unsafe.KVIterator hashAgg_mapIter_0;
/* 017 */   private org.apache.spark.sql.execution.UnsafeFixedWidthAggregationMap hashAgg_hashMap_0;
/* 018 */   private org.apache.spark.sql.execution.UnsafeKVExternalSorter hashAgg_sorter_0;
/* 019 */   private boolean range_initRange_0;
/* 020 */   private long range_nextIndex_0;
/* 021 */   private TaskContext range_taskContext_0;
/* 022 */   private InputMetrics range_inputMetrics_0;
/* 023 */   private long range_batchEnd_0;
/* 024 */   private long range_numElementsTodo_0;
/* 025 */   private boolean hashAgg_hashAgg_isNull_8_0;
/* 026 */   private org.apache.spark.util.random.XORShiftRandom[] project_mutableStateArray_0 = new org.apache.spark.util.random.XORShiftRandom[1];
/* 027 */   private org.apache.spark.sql.catalyst.expressions.codegen.UnsafeRowWriter[] range_mutableStateArray_0 = new org.apache.spark.sql.catalyst.expressions.codegen.UnsafeRowWriter[6];
/* 028 */
/* 029 */   public GeneratedIteratorForCodegenStage1(Object[] references) {
/* 030 */     this.references = references;
/* 031 */   }
/* 032 */
/* 033 */   public void init(int index, scala.collection.Iterator[] inputs) {
/* 034 */     partitionIndex = index;
/* 035 */     this.inputs = inputs;
/* 036 */
/* 037 */     range_taskContext_0 = TaskContext.get();
/* 038 */     range_inputMetrics_0 = range_taskContext_0.taskMetrics().inputMetrics();
/* 039 */     range_mutableStateArray_0[0] = new org.apache.spark.sql.catalyst.expressions.codegen.UnsafeRowWriter(1, 0);
/* 040 */     range_mutableStateArray_0[1] = new org.apache.spark.sql.catalyst.expressions.codegen.UnsafeRowWriter(2, 0);
/* 041 */     range_mutableStateArray_0[2] = new org.apache.spark.sql.catalyst.expressions.codegen.UnsafeRowWriter(2, 0);
/* 042 */     range_mutableStateArray_0[3] = new org.apache.spark.sql.catalyst.expressions.codegen.UnsafeRowWriter(2, 0);
/* 043 */     range_mutableStateArray_0[4] = new org.apache.spark.sql.catalyst.expressions.codegen.UnsafeRowWriter(1, 0);
/* 044 */     range_mutableStateArray_0[5] = new org.apache.spark.sql.catalyst.expressions.codegen.UnsafeRowWriter(3, 0);
/* 045 */
/* 046 */     project_mutableStateArray_0[0] = new org.apache.spark.util.random.XORShiftRandom(6374308552798896638L + partitionIndex);
/* 047 */   }
/* 048 */
/* 049 */   public class hashAgg_FastHashMap_0 {
/* 050 */     private org.apache.spark.sql.catalyst.expressions.RowBasedKeyValueBatch batch;
/* 051 */     private int[] buckets;
/* 052 */     private int capacity = 1 << 16;
/* 053 */     private double loadFactor = 0.5;
/* 054 */     private int numBuckets = (int) (capacity / loadFactor);
/* 055 */     private int maxSteps = 2;
/* 056 */     private int numRows = 0;
/* 057 */     private Object emptyVBase;
/* 058 */     private long emptyVOff;
/* 059 */     private int emptyVLen;
/* 060 */     private boolean isBatchFull = false;
/* 061 */     private org.apache.spark.sql.catalyst.expressions.codegen.UnsafeRowWriter agg_rowWriter;
/* 062 */
/* 063 */     public hashAgg_FastHashMap_0(
/* 064 */       org.apache.spark.memory.TaskMemoryManager taskMemoryManager,
/* 065 */       InternalRow emptyAggregationBuffer) {
/* 066 */       batch = org.apache.spark.sql.catalyst.expressions.RowBasedKeyValueBatch
/* 067 */       .allocate(((org.apache.spark.sql.types.StructType) references[1] /* keySchemaTerm */), ((org.apache.spark.sql.types.StructType) references[2] /* valueSchemaTerm */), taskMemoryManager, capacity);
/* 068 */
/* 069 */       final UnsafeProjection valueProjection = UnsafeProjection.create(((org.apache.spark.sql.types.StructType) references[2] /* valueSchemaTerm */));
/* 070 */       final byte[] emptyBuffer = valueProjection.apply(emptyAggregationBuffer).getBytes();
/* 071 */
/* 072 */       emptyVBase = emptyBuffer;
/* 073 */       emptyVOff = Platform.BYTE_ARRAY_OFFSET;
/* 074 */       emptyVLen = emptyBuffer.length;
/* 075 */
/* 076 */       agg_rowWriter = new org.apache.spark.sql.catalyst.expressions.codegen.UnsafeRowWriter(
/* 077 */         1, 0);
/* 078 */
/* 079 */       buckets = new int[numBuckets];
/* 080 */       java.util.Arrays.fill(buckets, -1);
/* 081 */     }
/* 082 */
/* 083 */     public org.apache.spark.sql.catalyst.expressions.UnsafeRow findOrInsert(long hashAgg_key_0) {
/* 084 */       long h = hash(hashAgg_key_0);
/* 085 */       int step = 0;
/* 086 */       int idx = (int) h & (numBuckets - 1);
/* 087 */       while (step < maxSteps) {
/* 088 */         // Return bucket index if it's either an empty slot or already contains the key
/* 089 */         if (buckets[idx] == -1) {
/* 090 */           if (numRows < capacity && !isBatchFull) {
/* 091 */             agg_rowWriter.reset();
/* 092 */             agg_rowWriter.zeroOutNullBytes();
/* 093 */             agg_rowWriter.write(0, hashAgg_key_0);
/* 094 */             org.apache.spark.sql.catalyst.expressions.UnsafeRow agg_result
/* 095 */             = agg_rowWriter.getRow();
/* 096 */             Object kbase = agg_result.getBaseObject();
/* 097 */             long koff = agg_result.getBaseOffset();
/* 098 */             int klen = agg_result.getSizeInBytes();
/* 099 */
/* 100 */             UnsafeRow vRow
/* 101 */             = batch.appendRow(kbase, koff, klen, emptyVBase, emptyVOff, emptyVLen);
/* 102 */             if (vRow == null) {
/* 103 */               isBatchFull = true;
/* 104 */             } else {
/* 105 */               buckets[idx] = numRows++;
/* 106 */             }
/* 107 */             return vRow;
/* 108 */           } else {
/* 109 */             // No more space
/* 110 */             return null;
/* 111 */           }
/* 112 */         } else if (equals(idx, hashAgg_key_0)) {
/* 113 */           return batch.getValueRow(buckets[idx]);
/* 114 */         }
/* 115 */         idx = (idx + 1) & (numBuckets - 1);
/* 116 */         step++;
/* 117 */       }
/* 118 */       // Didn't find it
/* 119 */       return null;
/* 120 */     }
/* 121 */
/* 122 */     private boolean equals(int idx, long hashAgg_key_0) {
/* 123 */       UnsafeRow row = batch.getKeyRow(buckets[idx]);
/* 124 */       return (row.getLong(0) == hashAgg_key_0);
/* 125 */     }
/* 126 */
/* 127 */     private long hash(long hashAgg_key_0) {
/* 128 */       long hashAgg_hash_0 = 0;
/* 129 */
/* 130 */       long hashAgg_result_0 = hashAgg_key_0;
/* 131 */       hashAgg_hash_0 = (hashAgg_hash_0 ^ (0x9e3779b9)) + hashAgg_result_0 + (hashAgg_hash_0 << 6) + (hashAgg_hash_0 >>> 2);
/* 132 */
/* 133 */       return hashAgg_hash_0;
/* 134 */     }
/* 135 */
/* 136 */     public org.apache.spark.unsafe.KVIterator<UnsafeRow, UnsafeRow> rowIterator() {
/* 137 */       return batch.rowIterator();
/* 138 */     }
/* 139 */
/* 140 */     public void close() {
/* 141 */       batch.close();
/* 142 */     }
/* 143 */
/* 144 */   }
/* 145 */
/* 146 */   private void hashAgg_doAggregateWithKeysOutput_0(UnsafeRow hashAgg_keyTerm_0, UnsafeRow hashAgg_bufferTerm_0)
/* 147 */   throws java.io.IOException {
/* 148 */     ((org.apache.spark.sql.execution.metric.SQLMetric) references[10] /* numOutputRows */).add(1);
/* 149 */
/* 150 */     boolean hashAgg_isNull_18 = hashAgg_keyTerm_0.isNullAt(0);
/* 151 */     long hashAgg_value_20 = hashAgg_isNull_18 ?
/* 152 */     -1L : (hashAgg_keyTerm_0.getLong(0));
/* 153 */     boolean hashAgg_isNull_19 = hashAgg_bufferTerm_0.isNullAt(0);
/* 154 */     double hashAgg_value_21 = hashAgg_isNull_19 ?
/* 155 */     -1.0 : (hashAgg_bufferTerm_0.getDouble(0));
/* 156 */     boolean hashAgg_isNull_20 = hashAgg_bufferTerm_0.isNullAt(1);
/* 157 */     long hashAgg_value_22 = hashAgg_isNull_20 ?
/* 158 */     -1L : (hashAgg_bufferTerm_0.getLong(1));
/* 159 */
/* 160 */     range_mutableStateArray_0[5].reset();
/* 161 */
/* 162 */     range_mutableStateArray_0[5].zeroOutNullBytes();
/* 163 */
/* 164 */     if (hashAgg_isNull_18) {
/* 165 */       range_mutableStateArray_0[5].setNullAt(0);
/* 166 */     } else {
/* 167 */       range_mutableStateArray_0[5].write(0, hashAgg_value_20);
/* 168 */     }
/* 169 */
/* 170 */     if (hashAgg_isNull_19) {
/* 171 */       range_mutableStateArray_0[5].setNullAt(1);
/* 172 */     } else {
/* 173 */       range_mutableStateArray_0[5].write(1, hashAgg_value_21);
/* 174 */     }
/* 175 */
/* 176 */     if (hashAgg_isNull_20) {
/* 177 */       range_mutableStateArray_0[5].setNullAt(2);
/* 178 */     } else {
/* 179 */       range_mutableStateArray_0[5].write(2, hashAgg_value_22);
/* 180 */     }
/* 181 */     append((range_mutableStateArray_0[5].getRow()));
/* 182 */
/* 183 */   }
/* 184 */
/* 185 */   private void hashAgg_doAggregateWithKeys_0() throws java.io.IOException {
/* 186 */     // initialize Range
/* 187 */     if (!range_initRange_0) {
/* 188 */       range_initRange_0 = true;
/* 189 */       initRange(partitionIndex);
/* 190 */     }
/* 191 */
/* 192 */     while (true) {
/* 193 */       if (range_nextIndex_0 == range_batchEnd_0) {
/* 194 */         long range_nextBatchTodo_0;
/* 195 */         if (range_numElementsTodo_0 > 1000L) {
/* 196 */           range_nextBatchTodo_0 = 1000L;
/* 197 */           range_numElementsTodo_0 -= 1000L;
/* 198 */         } else {
/* 199 */           range_nextBatchTodo_0 = range_numElementsTodo_0;
/* 200 */           range_numElementsTodo_0 = 0;
/* 201 */           if (range_nextBatchTodo_0 == 0) break;
/* 202 */         }
/* 203 */         range_batchEnd_0 += range_nextBatchTodo_0 * 1L;
/* 204 */       }
/* 205 */
/* 206 */       int range_localEnd_0 = (int)((range_batchEnd_0 - range_nextIndex_0) / 1L);
/* 207 */       for (int range_localIdx_0 = 0; range_localIdx_0 < range_localEnd_0; range_localIdx_0++) {
/* 208 */         long range_value_0 = ((long)range_localIdx_0 * 1L) + range_nextIndex_0;
/* 209 */
/* 210 */         // common sub-expressions
/* 211 */
/* 212 */         final double project_value_1 = project_mutableStateArray_0[0].nextDouble();
/* 213 */
/* 214 */         // common sub-expressions
/* 215 */
/* 216 */         double project_value_4 = -1.0;
/* 217 */
/* 218 */         project_value_4 = project_value_1 * project_value_1;
/* 219 */         boolean project_isNull_7 = false;
/* 220 */         long project_value_7 = -1L;
/* 221 */         if (100L == 0) {
/* 222 */           throw QueryExecutionErrors.divideByZeroError(((org.apache.spark.sql.catalyst.trees.DataFrameQueryContext) references[8] /* errCtx */));
/* 223 */         } else {
/* 224 */           project_value_7 = (long)(range_value_0 % 100L);
/* 225 */         }
/* 226 */
/* 227 */         hashAgg_doConsume_0(project_value_4, project_value_7, project_isNull_7);
/* 228 */
/* 229 */         // shouldStop check is eliminated
/* 230 */       }
/* 231 */       range_nextIndex_0 = range_batchEnd_0;
/* 232 */       ((org.apache.spark.sql.execution.metric.SQLMetric) references[7] /* numOutputRows */).add(range_localEnd_0);
/* 233 */       range_inputMetrics_0.incRecordsRead(range_localEnd_0);
/* 234 */       range_taskContext_0.killTaskIfInterrupted();
/* 235 */     }
/* 236 */
/* 237 */     hashAgg_fastHashMapIter_0 = hashAgg_fastHashMap_0.rowIterator();
/* 238 */     hashAgg_mapIter_0 = ((org.apache.spark.sql.execution.aggregate.HashAggregateExec) references[0] /* plan */).finishAggregate(hashAgg_hashMap_0, hashAgg_sorter_0, ((org.apache.spark.sql.execution.metric.SQLMetric) references[3] /* peakMemory */), ((org.apache.spark.sql.execution.metric.SQLMetric) references[4] /* spillSize */), ((org.apache.spark.sql.execution.metric.SQLMetric) references[5] /* avgHashProbe */), ((org.apache.spark.sql.execution.metric.SQLMetric) references[6] /* numTasksFallBacked */));
/* 239 */
/* 240 */   }
/* 241 */
/* 242 */   private void initRange(int idx) {
/* 243 */     java.math.BigInteger index = java.math.BigInteger.valueOf(idx);
/* 244 */     java.math.BigInteger numSlice = java.math.BigInteger.valueOf(8L);
/* 245 */     java.math.BigInteger numElement = java.math.BigInteger.valueOf(99999L);
/* 246 */     java.math.BigInteger step = java.math.BigInteger.valueOf(1L);
/* 247 */     java.math.BigInteger start = java.math.BigInteger.valueOf(0L);
/* 248 */     long partitionEnd;
/* 249 */
/* 250 */     java.math.BigInteger st = index.multiply(numElement).divide(numSlice).multiply(step).add(start);
/* 251 */     if (st.compareTo(java.math.BigInteger.valueOf(Long.MAX_VALUE)) > 0) {
/* 252 */       range_nextIndex_0 = Long.MAX_VALUE;
/* 253 */     } else if (st.compareTo(java.math.BigInteger.valueOf(Long.MIN_VALUE)) < 0) {
/* 254 */       range_nextIndex_0 = Long.MIN_VALUE;
/* 255 */     } else {
/* 256 */       range_nextIndex_0 = st.longValue();
/* 257 */     }
/* 258 */     range_batchEnd_0 = range_nextIndex_0;
/* 259 */
/* 260 */     java.math.BigInteger end = index.add(java.math.BigInteger.ONE).multiply(numElement).divide(numSlice)
/* 261 */     .multiply(step).add(start);
/* 262 */     if (end.compareTo(java.math.BigInteger.valueOf(Long.MAX_VALUE)) > 0) {
/* 263 */       partitionEnd = Long.MAX_VALUE;
/* 264 */     } else if (end.compareTo(java.math.BigInteger.valueOf(Long.MIN_VALUE)) < 0) {
/* 265 */       partitionEnd = Long.MIN_VALUE;
/* 266 */     } else {
/* 267 */       partitionEnd = end.longValue();
/* 268 */     }
/* 269 */
/* 270 */     java.math.BigInteger startToEnd = java.math.BigInteger.valueOf(partitionEnd).subtract(
/* 271 */       java.math.BigInteger.valueOf(range_nextIndex_0));
/* 272 */     range_numElementsTodo_0  = startToEnd.divide(step).longValue();
/* 273 */     if (range_numElementsTodo_0 < 0) {
/* 274 */       range_numElementsTodo_0 = 0;
/* 275 */     } else if (startToEnd.remainder(step).compareTo(java.math.BigInteger.valueOf(0L)) != 0) {
/* 276 */       range_numElementsTodo_0++;
/* 277 */     }
/* 278 */   }
/* 279 */
/* 280 */   private void hashAgg_doConsume_0(double hashAgg_expr_0_0, long hashAgg_expr_1_0, boolean hashAgg_exprIsNull_1_0) throws java.io.IOException {
/* 281 */     UnsafeRow hashAgg_unsafeRowAggBuffer_0 = null;
/* 282 */     UnsafeRow hashAgg_fastAggBuffer_0 = null;
/* 283 */
/* 284 */     if (!hashAgg_exprIsNull_1_0) {
/* 285 */       hashAgg_fastAggBuffer_0 = hashAgg_fastHashMap_0.findOrInsert(
/* 286 */         hashAgg_expr_1_0);
/* 287 */     }
/* 288 */     // Cannot find the key in fast hash map, try regular hash map.
/* 289 */     if (hashAgg_fastAggBuffer_0 == null) {
/* 290 */       // generate grouping key
/* 291 */       range_mutableStateArray_0[4].reset();
/* 292 */
/* 293 */       range_mutableStateArray_0[4].zeroOutNullBytes();
/* 294 */
/* 295 */       if (hashAgg_exprIsNull_1_0) {
/* 296 */         range_mutableStateArray_0[4].setNullAt(0);
/* 297 */       } else {
/* 298 */         range_mutableStateArray_0[4].write(0, hashAgg_expr_1_0);
/* 299 */       }
/* 300 */       int hashAgg_unsafeRowKeyHash_0 = (range_mutableStateArray_0[4].getRow()).hashCode();
/* 301 */       if (true) {
/* 302 */         // try to get the buffer from hash map
/* 303 */         hashAgg_unsafeRowAggBuffer_0 =
/* 304 */         hashAgg_hashMap_0.getAggregationBufferFromUnsafeRow((range_mutableStateArray_0[4].getRow()), hashAgg_unsafeRowKeyHash_0);
/* 305 */       }
/* 306 */       // Can't allocate buffer from the hash map. Spill the map and fallback to sort-based
/* 307 */       // aggregation after processing all input rows.
/* 308 */       if (hashAgg_unsafeRowAggBuffer_0 == null) {
/* 309 */         if (hashAgg_sorter_0 == null) {
/* 310 */           hashAgg_sorter_0 = hashAgg_hashMap_0.destructAndCreateExternalSorter();
/* 311 */         } else {
/* 312 */           hashAgg_sorter_0.merge(hashAgg_hashMap_0.destructAndCreateExternalSorter());
/* 313 */         }
/* 314 */
/* 315 */         // the hash map had be spilled, it should have enough memory now,
/* 316 */         // try to allocate buffer again.
/* 317 */         hashAgg_unsafeRowAggBuffer_0 = hashAgg_hashMap_0.getAggregationBufferFromUnsafeRow(
/* 318 */           (range_mutableStateArray_0[4].getRow()), hashAgg_unsafeRowKeyHash_0);
/* 319 */         if (hashAgg_unsafeRowAggBuffer_0 == null) {
/* 320 */           // failed to allocate the first page
/* 321 */           throw new org.apache.spark.memory.SparkOutOfMemoryError("_LEGACY_ERROR_TEMP_3302", new java.util.HashMap());
/* 322 */         }
/* 323 */       }
/* 324 */
/* 325 */     }
/* 326 */
/* 327 */     // Updates the proper row buffer
/* 328 */     if (hashAgg_fastAggBuffer_0 != null) {
/* 329 */       hashAgg_unsafeRowAggBuffer_0 = hashAgg_fastAggBuffer_0;
/* 330 */     }
/* 331 */
/* 332 */     // common sub-expressions
/* 333 */
/* 334 */     // evaluate aggregate functions and update aggregation buffers
/* 335 */     hashAgg_doAggregate_avg_0(hashAgg_unsafeRowAggBuffer_0, hashAgg_expr_0_0);
/* 336 */
/* 337 */   }
/* 338 */
/* 339 */   protected void processNext() throws java.io.IOException {
/* 340 */     if (!hashAgg_initAgg_0) {
/* 341 */       hashAgg_initAgg_0 = true;
/* 342 */       hashAgg_fastHashMap_0 = new hashAgg_FastHashMap_0(((org.apache.spark.sql.execution.aggregate.HashAggregateExec) references[0] /* plan */).getTaskContext().taskMemoryManager(), ((org.apache.spark.sql.execution.aggregate.HashAggregateExec) references[0] /* plan */).getEmptyAggregationBuffer());
/* 343 */
/* 344 */       ((org.apache.spark.sql.execution.aggregate.HashAggregateExec) references[0] /* plan */).getTaskContext().addTaskCompletionListener(
/* 345 */         new org.apache.spark.util.TaskCompletionListener() {
/* 346 */           @Override
/* 347 */           public void onTaskCompletion(org.apache.spark.TaskContext context) {
/* 348 */             hashAgg_fastHashMap_0.close();
/* 349 */           }
/* 350 */         });
/* 351 */
/* 352 */       hashAgg_hashMap_0 = ((org.apache.spark.sql.execution.aggregate.HashAggregateExec) references[0] /* plan */).createHashMap();
/* 353 */       long wholestagecodegen_beforeAgg_0 = System.nanoTime();
/* 354 */       hashAgg_doAggregateWithKeys_0();
/* 355 */       ((org.apache.spark.sql.execution.metric.SQLMetric) references[11] /* aggTime */).add((System.nanoTime() - wholestagecodegen_beforeAgg_0) / 1000000);
/* 356 */     }
/* 357 */     // output the result
/* 358 */
/* 359 */     while ( hashAgg_fastHashMapIter_0.next()) {
/* 360 */       UnsafeRow hashAgg_aggKey_0 = (UnsafeRow) hashAgg_fastHashMapIter_0.getKey();
/* 361 */       UnsafeRow hashAgg_aggBuffer_0 = (UnsafeRow) hashAgg_fastHashMapIter_0.getValue();
/* 362 */       hashAgg_doAggregateWithKeysOutput_0(hashAgg_aggKey_0, hashAgg_aggBuffer_0);
/* 363 */
/* 364 */       if (shouldStop()) return;
/* 365 */     }
/* 366 */     hashAgg_fastHashMap_0.close();
/* 367 */
/* 368 */     while ( hashAgg_mapIter_0.next()) {
/* 369 */       UnsafeRow hashAgg_aggKey_0 = (UnsafeRow) hashAgg_mapIter_0.getKey();
/* 370 */       UnsafeRow hashAgg_aggBuffer_0 = (UnsafeRow) hashAgg_mapIter_0.getValue();
/* 371 */       hashAgg_doAggregateWithKeysOutput_0(hashAgg_aggKey_0, hashAgg_aggBuffer_0);
/* 372 */       if (shouldStop()) return;
/* 373 */     }
/* 374 */     hashAgg_mapIter_0.close();
/* 375 */     if (hashAgg_sorter_0 == null) {
/* 376 */       hashAgg_hashMap_0.free();
/* 377 */     }
/* 378 */   }
/* 379 */
/* 380 */   private void hashAgg_doAggregate_avg_0(org.apache.spark.sql.catalyst.InternalRow hashAgg_unsafeRowAggBuffer_0, double hashAgg_expr_0_0) throws java.io.IOException {
/* 381 */     boolean hashAgg_isNull_6 = true;
/* 382 */     double hashAgg_value_8 = -1.0;
/* 383 */     boolean hashAgg_isNull_7 = hashAgg_unsafeRowAggBuffer_0.isNullAt(0);
/* 384 */     double hashAgg_value_9 = hashAgg_isNull_7 ?
/* 385 */     -1.0 : (hashAgg_unsafeRowAggBuffer_0.getDouble(0));
/* 386 */     if (!hashAgg_isNull_7) {
/* 387 */       hashAgg_hashAgg_isNull_8_0 = true;
/* 388 */       double hashAgg_value_10 = -1.0;
/* 389 */       do {
/* 390 */         if (!false) {
/* 391 */           hashAgg_hashAgg_isNull_8_0 = false;
/* 392 */           hashAgg_value_10 = hashAgg_expr_0_0;
/* 393 */           continue;
/* 394 */         }
/* 395 */
/* 396 */         if (!false) {
/* 397 */           hashAgg_hashAgg_isNull_8_0 = false;
/* 398 */           hashAgg_value_10 = 0.0D;
/* 399 */           continue;
/* 400 */         }
/* 401 */
/* 402 */       } while (false);
/* 403 */
/* 404 */       hashAgg_isNull_6 = false; // resultCode could change nullability.
/* 405 */
/* 406 */       hashAgg_value_8 = hashAgg_value_9 + hashAgg_value_10;
/* 407 */
/* 408 */     }
/* 409 */     boolean hashAgg_isNull_11 = false;
/* 410 */     long hashAgg_value_13 = -1L;
/* 411 */     if (!false && false) {
/* 412 */       boolean hashAgg_isNull_14 = hashAgg_unsafeRowAggBuffer_0.isNullAt(1);
/* 413 */       long hashAgg_value_16 = hashAgg_isNull_14 ?
/* 414 */       -1L : (hashAgg_unsafeRowAggBuffer_0.getLong(1));
/* 415 */       hashAgg_isNull_11 = hashAgg_isNull_14;
/* 416 */       hashAgg_value_13 = hashAgg_value_16;
/* 417 */     } else {
/* 418 */       boolean hashAgg_isNull_15 = true;
/* 419 */       long hashAgg_value_17 = -1L;
/* 420 */       boolean hashAgg_isNull_16 = hashAgg_unsafeRowAggBuffer_0.isNullAt(1);
/* 421 */       long hashAgg_value_18 = hashAgg_isNull_16 ?
/* 422 */       -1L : (hashAgg_unsafeRowAggBuffer_0.getLong(1));
/* 423 */       if (!hashAgg_isNull_16) {
/* 424 */         hashAgg_isNull_15 = false; // resultCode could change nullability.
/* 425 */
/* 426 */         hashAgg_value_17 = org.apache.spark.sql.catalyst.util.MathUtils.addExact(hashAgg_value_18, 1L, ((org.apache.spark.sql.catalyst.trees.SQLQueryContext) references[9] /* errCtx */));
/* 427 */
/* 428 */       }
/* 429 */       hashAgg_isNull_11 = hashAgg_isNull_15;
/* 430 */       hashAgg_value_13 = hashAgg_value_17;
/* 431 */     }
/* 432 */
/* 433 */     if (!hashAgg_isNull_6) {
/* 434 */       hashAgg_unsafeRowAggBuffer_0.setDouble(0, hashAgg_value_8);
/* 435 */     } else {
/* 436 */       hashAgg_unsafeRowAggBuffer_0.setNullAt(0);
/* 437 */     }
/* 438 */
/* 439 */     if (!hashAgg_isNull_11) {
/* 440 */       hashAgg_unsafeRowAggBuffer_0.setLong(1, hashAgg_value_13);
/* 441 */     } else {
/* 442 */       hashAgg_unsafeRowAggBuffer_0.setNullAt(1);
/* 443 */     }
/* 444 */   }
/* 445 */
/* 446 */ }

2025-10-31 10:50:57 INFO  CodeGenerator:190 - Code generated in 87.543822 ms
2025-10-31 10:50:57 DEBUG ClosureCleaner:204 - Cleaning indylambda closure: $anonfun$inputRDDs$1$adapted
2025-10-31 10:50:57 DEBUG ClosureCleaner:204 - Cleaning indylambda closure: $anonfun$doExecute$4$adapted
2025-10-31 10:50:57 DEBUG ClosureCleaner:204 -  +++ indylambda closure ($anonfun$doExecute$4$adapted) is now cleaned +++
2025-10-31 10:50:57 DEBUG DAGScheduler:204 - eagerlyComputePartitionsForRddAndAncestors for RDD 10 took 0.000080 seconds
2025-10-31 10:50:57 DEBUG DAGScheduler:204 - Merging stage rdd profiles: HashSet()
2025-10-31 10:50:57 INFO  DAGScheduler:190 - Registering RDD 10 ($anonfun$withThreadLocalCaptured$2 at CompletableFuture.java:1768) as input to shuffle 0
2025-10-31 10:50:57 INFO  DAGScheduler:190 - Got map stage job 1 ($anonfun$withThreadLocalCaptured$2 at CompletableFuture.java:1768) with 8 output partitions
2025-10-31 10:50:57 INFO  DAGScheduler:190 - Final stage: ShuffleMapStage 1 ($anonfun$withThreadLocalCaptured$2 at CompletableFuture.java:1768)
2025-10-31 10:50:57 INFO  DAGScheduler:190 - Parents of final stage: List()
2025-10-31 10:50:57 INFO  DAGScheduler:190 - Missing parents: List()
2025-10-31 10:50:57 DEBUG DAGScheduler:204 - submitStage(ShuffleMapStage 1 (name=$anonfun$withThreadLocalCaptured$2 at CompletableFuture.java:1768;jobs=1))
2025-10-31 10:50:57 DEBUG DAGScheduler:204 - missing: List()
2025-10-31 10:50:57 INFO  DAGScheduler:190 - Submitting ShuffleMapStage 1 (MapPartitionsRDD[10] at $anonfun$withThreadLocalCaptured$2 at CompletableFuture.java:1768), which has no missing parents
2025-10-31 10:50:57 DEBUG DAGScheduler:204 - submitMissingTasks(ShuffleMapStage 1)
2025-10-31 10:50:57 INFO  MemoryStore:190 - Block broadcast_1 stored as values in memory (estimated size 37.2 KiB, free 434.3 MiB)
2025-10-31 10:50:57 DEBUG BlockManager:204 - Put block broadcast_1 locally took 0 ms
2025-10-31 10:50:57 DEBUG BlockManager:204 - Putting block broadcast_1 without replication took 0 ms
2025-10-31 10:50:57 INFO  MemoryStore:190 - Block broadcast_1_piece0 stored as bytes in memory (estimated size 16.6 KiB, free 434.3 MiB)
2025-10-31 10:50:57 DEBUG BlockManagerMasterEndpoint:204 - Updating block info on master broadcast_1_piece0 for BlockManagerId(driver, 192.168.1.204, 42851, None)
2025-10-31 10:50:57 DEBUG BlockManagerInfo:210 - Added broadcast_1_piece0 in memory on 192.168.1.204:42851 (size: 16.6 KiB, free: 434.4 MiB)
2025-10-31 10:50:57 DEBUG BlockManagerMaster:204 - Updated info of block broadcast_1_piece0
2025-10-31 10:50:57 DEBUG BlockManager:204 - Told master about block broadcast_1_piece0
2025-10-31 10:50:57 DEBUG BlockManager:204 - Put block broadcast_1_piece0 locally took 1 ms
2025-10-31 10:50:57 DEBUG BlockManager:204 - Putting block broadcast_1_piece0 without replication took 1 ms
2025-10-31 10:50:57 INFO  SparkContext:190 - Created broadcast 1 from broadcast at DAGScheduler.scala:1676
2025-10-31 10:50:57 INFO  DAGScheduler:190 - Submitting 8 missing tasks from ShuffleMapStage 1 (MapPartitionsRDD[10] at $anonfun$withThreadLocalCaptured$2 at CompletableFuture.java:1768) (first 15 tasks are for partitions Vector(0, 1, 2, 3, 4, 5, 6, 7))
2025-10-31 10:50:57 INFO  TaskSchedulerImpl:190 - Adding task set 1.0 with 8 tasks resource profile 0
2025-10-31 10:50:57 DEBUG TaskSetManager:204 - Epoch for TaskSet 1.0: 0
2025-10-31 10:50:57 DEBUG TaskSetManager:204 - Adding pending tasks took 0 ms
2025-10-31 10:50:57 DEBUG TaskSetManager:204 - Valid locality levels for TaskSet 1.0: NO_PREF, ANY
2025-10-31 10:50:57 DEBUG TaskSchedulerImpl:204 - parentName: , name: TaskSet_1.0, runningTasks: 0
2025-10-31 10:50:57 INFO  TaskSetManager:190 - Starting task 0.0 in stage 1.0 (TID 8) (192.168.1.204,executor driver, partition 0, PROCESS_LOCAL, 10008 bytes) 
2025-10-31 10:50:57 INFO  TaskSetManager:190 - Starting task 1.0 in stage 1.0 (TID 9) (192.168.1.204,executor driver, partition 1, PROCESS_LOCAL, 10008 bytes) 
2025-10-31 10:50:57 INFO  TaskSetManager:190 - Starting task 2.0 in stage 1.0 (TID 10) (192.168.1.204,executor driver, partition 2, PROCESS_LOCAL, 10008 bytes) 
2025-10-31 10:50:57 INFO  TaskSetManager:190 - Starting task 3.0 in stage 1.0 (TID 11) (192.168.1.204,executor driver, partition 3, PROCESS_LOCAL, 10008 bytes) 
2025-10-31 10:50:57 INFO  TaskSetManager:190 - Starting task 4.0 in stage 1.0 (TID 12) (192.168.1.204,executor driver, partition 4, PROCESS_LOCAL, 10008 bytes) 
2025-10-31 10:50:57 INFO  TaskSetManager:190 - Starting task 5.0 in stage 1.0 (TID 13) (192.168.1.204,executor driver, partition 5, PROCESS_LOCAL, 10008 bytes) 
2025-10-31 10:50:57 INFO  TaskSetManager:190 - Starting task 6.0 in stage 1.0 (TID 14) (192.168.1.204,executor driver, partition 6, PROCESS_LOCAL, 10008 bytes) 
2025-10-31 10:50:57 INFO  TaskSetManager:190 - Starting task 7.0 in stage 1.0 (TID 15) (192.168.1.204,executor driver, partition 7, PROCESS_LOCAL, 10008 bytes) 
2025-10-31 10:50:57 INFO  Executor:190 - Running task 2.0 in stage 1.0 (TID 10)
2025-10-31 10:50:57 INFO  Executor:190 - Running task 5.0 in stage 1.0 (TID 13)
2025-10-31 10:50:57 INFO  Executor:190 - Running task 0.0 in stage 1.0 (TID 8)
2025-10-31 10:50:57 INFO  Executor:190 - Running task 7.0 in stage 1.0 (TID 15)
2025-10-31 10:50:57 INFO  Executor:190 - Running task 6.0 in stage 1.0 (TID 14)
2025-10-31 10:50:57 INFO  Executor:190 - Running task 3.0 in stage 1.0 (TID 11)
2025-10-31 10:50:57 INFO  Executor:190 - Running task 4.0 in stage 1.0 (TID 12)
2025-10-31 10:50:57 DEBUG ExecutorMetricsPoller:204 - stageTCMP: (1, 0) -> 4
2025-10-31 10:50:57 DEBUG ExecutorMetricsPoller:204 - stageTCMP: (1, 0) -> 3
2025-10-31 10:50:57 INFO  Executor:190 - Running task 1.0 in stage 1.0 (TID 9)
2025-10-31 10:50:57 DEBUG ExecutorMetricsPoller:204 - stageTCMP: (1, 0) -> 5
2025-10-31 10:50:57 DEBUG ExecutorMetricsPoller:204 - stageTCMP: (1, 0) -> 7
2025-10-31 10:50:57 DEBUG ExecutorMetricsPoller:204 - stageTCMP: (1, 0) -> 8
2025-10-31 10:50:57 DEBUG ExecutorMetricsPoller:204 - stageTCMP: (1, 0) -> 2
2025-10-31 10:50:57 DEBUG BlockManager:204 - Getting local block broadcast_1
2025-10-31 10:50:57 DEBUG BlockManager:204 - Level for block broadcast_1 is StorageLevel(disk, memory, deserialized, 1 replicas)
2025-10-31 10:50:57 DEBUG ExecutorMetricsPoller:204 - stageTCMP: (1, 0) -> 1
2025-10-31 10:50:57 DEBUG ExecutorMetricsPoller:204 - stageTCMP: (1, 0) -> 6
2025-10-31 10:50:57 DEBUG CodeGenerator:204 - 
/* 001 */ public Object generate(Object[] references) {
/* 002 */   return new GeneratedIteratorForCodegenStage1(references);
/* 003 */ }
/* 004 */
/* 005 */ // codegenStageId=1
/* 006 */ final class GeneratedIteratorForCodegenStage1 extends org.apache.spark.sql.execution.BufferedRowIterator {
/* 007 */   private Object[] references;
/* 008 */   private scala.collection.Iterator[] inputs;
/* 009 */   private boolean hashAgg_initAgg_0;
/* 010 */   private boolean hashAgg_bufIsNull_0;
/* 011 */   private double hashAgg_bufValue_0;
/* 012 */   private boolean hashAgg_bufIsNull_1;
/* 013 */   private long hashAgg_bufValue_1;
/* 014 */   private hashAgg_FastHashMap_0 hashAgg_fastHashMap_0;
/* 015 */   private org.apache.spark.unsafe.KVIterator<UnsafeRow, UnsafeRow> hashAgg_fastHashMapIter_0;
/* 016 */   private org.apache.spark.unsafe.KVIterator hashAgg_mapIter_0;
/* 017 */   private org.apache.spark.sql.execution.UnsafeFixedWidthAggregationMap hashAgg_hashMap_0;
/* 018 */   private org.apache.spark.sql.execution.UnsafeKVExternalSorter hashAgg_sorter_0;
/* 019 */   private boolean range_initRange_0;
/* 020 */   private long range_nextIndex_0;
/* 021 */   private TaskContext range_taskContext_0;
/* 022 */   private InputMetrics range_inputMetrics_0;
/* 023 */   private long range_batchEnd_0;
/* 024 */   private long range_numElementsTodo_0;
/* 025 */   private boolean hashAgg_hashAgg_isNull_8_0;
/* 026 */   private org.apache.spark.util.random.XORShiftRandom[] project_mutableStateArray_0 = new org.apache.spark.util.random.XORShiftRandom[1];
/* 027 */   private org.apache.spark.sql.catalyst.expressions.codegen.UnsafeRowWriter[] range_mutableStateArray_0 = new org.apache.spark.sql.catalyst.expressions.codegen.UnsafeRowWriter[6];
/* 028 */
/* 029 */   public GeneratedIteratorForCodegenStage1(Object[] references) {
/* 030 */     this.references = references;
/* 031 */   }
/* 032 */
/* 033 */   public void init(int index, scala.collection.Iterator[] inputs) {
/* 034 */     partitionIndex = index;
/* 035 */     this.inputs = inputs;
/* 036 */
/* 037 */     range_taskContext_0 = TaskContext.get();
/* 038 */     range_inputMetrics_0 = range_taskContext_0.taskMetrics().inputMetrics();
/* 039 */     range_mutableStateArray_0[0] = new org.apache.spark.sql.catalyst.expressions.codegen.UnsafeRowWriter(1, 0);
/* 040 */     range_mutableStateArray_0[1] = new org.apache.spark.sql.catalyst.expressions.codegen.UnsafeRowWriter(2, 0);
/* 041 */     range_mutableStateArray_0[2] = new org.apache.spark.sql.catalyst.expressions.codegen.UnsafeRowWriter(2, 0);
/* 042 */     range_mutableStateArray_0[3] = new org.apache.spark.sql.catalyst.expressions.codegen.UnsafeRowWriter(2, 0);
/* 043 */     range_mutableStateArray_0[4] = new org.apache.spark.sql.catalyst.expressions.codegen.UnsafeRowWriter(1, 0);
/* 044 */     range_mutableStateArray_0[5] = new org.apache.spark.sql.catalyst.expressions.codegen.UnsafeRowWriter(3, 0);
/* 045 */
/* 046 */     project_mutableStateArray_0[0] = new org.apache.spark.util.random.XORShiftRandom(6374308552798896638L + partitionIndex);
/* 047 */   }
/* 048 */
/* 049 */   public class hashAgg_FastHashMap_0 {
/* 050 */     private org.apache.spark.sql.catalyst.expressions.RowBasedKeyValueBatch batch;
/* 051 */     private int[] buckets;
/* 052 */     private int capacity = 1 << 16;
/* 053 */     private double loadFactor = 0.5;
/* 054 */     private int numBuckets = (int) (capacity / loadFactor);
/* 055 */     private int maxSteps = 2;
/* 056 */     private int numRows = 0;
/* 057 */     private Object emptyVBase;
/* 058 */     private long emptyVOff;
/* 059 */     private int emptyVLen;
/* 060 */     private boolean isBatchFull = false;
/* 061 */     private org.apache.spark.sql.catalyst.expressions.codegen.UnsafeRowWriter agg_rowWriter;
/* 062 */
/* 063 */     public hashAgg_FastHashMap_0(
/* 064 */       org.apache.spark.memory.TaskMemoryManager taskMemoryManager,
/* 065 */       InternalRow emptyAggregationBuffer) {
/* 066 */       batch = org.apache.spark.sql.catalyst.expressions.RowBasedKeyValueBatch
/* 067 */       .allocate(((org.apache.spark.sql.types.StructType) references[1] /* keySchemaTerm */), ((org.apache.spark.sql.types.StructType) references[2] /* valueSchemaTerm */), taskMemoryManager, capacity);
/* 068 */
/* 069 */       final UnsafeProjection valueProjection = UnsafeProjection.create(((org.apache.spark.sql.types.StructType) references[2] /* valueSchemaTerm */));
/* 070 */       final byte[] emptyBuffer = valueProjection.apply(emptyAggregationBuffer).getBytes();
/* 071 */
/* 072 */       emptyVBase = emptyBuffer;
/* 073 */       emptyVOff = Platform.BYTE_ARRAY_OFFSET;
/* 074 */       emptyVLen = emptyBuffer.length;
/* 075 */
/* 076 */       agg_rowWriter = new org.apache.spark.sql.catalyst.expressions.codegen.UnsafeRowWriter(
/* 077 */         1, 0);
/* 078 */
/* 079 */       buckets = new int[numBuckets];
/* 080 */       java.util.Arrays.fill(buckets, -1);
/* 081 */     }
/* 082 */
/* 083 */     public org.apache.spark.sql.catalyst.expressions.UnsafeRow findOrInsert(long hashAgg_key_0) {
/* 084 */       long h = hash(hashAgg_key_0);
/* 085 */       int step = 0;
/* 086 */       int idx = (int) h & (numBuckets - 1);
/* 087 */       while (step < maxSteps) {
/* 088 */         // Return bucket index if it's either an empty slot or already contains the key
/* 089 */         if (buckets[idx] == -1) {
/* 090 */           if (numRows < capacity && !isBatchFull) {
/* 091 */             agg_rowWriter.reset();
/* 092 */             agg_rowWriter.zeroOutNullBytes();
/* 093 */             agg_rowWriter.write(0, hashAgg_key_0);
/* 094 */             org.apache.spark.sql.catalyst.expressions.UnsafeRow agg_result
/* 095 */             = agg_rowWriter.getRow();
/* 096 */             Object kbase = agg_result.getBaseObject();
/* 097 */             long koff = agg_result.getBaseOffset();
/* 098 */             int klen = agg_result.getSizeInBytes();
/* 099 */
/* 100 */             UnsafeRow vRow
/* 101 */             = batch.appendRow(kbase, koff, klen, emptyVBase, emptyVOff, emptyVLen);
/* 102 */             if (vRow == null) {
/* 103 */               isBatchFull = true;
/* 104 */             } else {
/* 105 */               buckets[idx] = numRows++;
/* 106 */             }
/* 107 */             return vRow;
/* 108 */           } else {
/* 109 */             // No more space
/* 110 */             return null;
/* 111 */           }
/* 112 */         } else if (equals(idx, hashAgg_key_0)) {
/* 113 */           return batch.getValueRow(buckets[idx]);
/* 114 */         }
/* 115 */         idx = (idx + 1) & (numBuckets - 1);
/* 116 */         step++;
/* 117 */       }
/* 118 */       // Didn't find it
/* 119 */       return null;
/* 120 */     }
/* 121 */
/* 122 */     private boolean equals(int idx, long hashAgg_key_0) {
/* 123 */       UnsafeRow row = batch.getKeyRow(buckets[idx]);
/* 124 */       return (row.getLong(0) == hashAgg_key_0);
/* 125 */     }
/* 126 */
/* 127 */     private long hash(long hashAgg_key_0) {
/* 128 */       long hashAgg_hash_0 = 0;
/* 129 */
/* 130 */       long hashAgg_result_0 = hashAgg_key_0;
/* 131 */       hashAgg_hash_0 = (hashAgg_hash_0 ^ (0x9e3779b9)) + hashAgg_result_0 + (hashAgg_hash_0 << 6) + (hashAgg_hash_0 >>> 2);
/* 132 */
/* 133 */       return hashAgg_hash_0;
/* 134 */     }
/* 135 */
/* 136 */     public org.apache.spark.unsafe.KVIterator<UnsafeRow, UnsafeRow> rowIterator() {
/* 137 */       return batch.rowIterator();
/* 138 */     }
/* 139 */
/* 140 */     public void close() {
/* 141 */       batch.close();
/* 142 */     }
/* 143 */
/* 144 */   }
/* 145 */
/* 146 */   private void hashAgg_doAggregateWithKeysOutput_0(UnsafeRow hashAgg_keyTerm_0, UnsafeRow hashAgg_bufferTerm_0)
/* 147 */   throws java.io.IOException {
/* 148 */     ((org.apache.spark.sql.execution.metric.SQLMetric) references[10] /* numOutputRows */).add(1);
/* 149 */
/* 150 */     boolean hashAgg_isNull_18 = hashAgg_keyTerm_0.isNullAt(0);
/* 151 */     long hashAgg_value_20 = hashAgg_isNull_18 ?
/* 152 */     -1L : (hashAgg_keyTerm_0.getLong(0));
/* 153 */     boolean hashAgg_isNull_19 = hashAgg_bufferTerm_0.isNullAt(0);
/* 154 */     double hashAgg_value_21 = hashAgg_isNull_19 ?
/* 155 */     -1.0 : (hashAgg_bufferTerm_0.getDouble(0));
/* 156 */     boolean hashAgg_isNull_20 = hashAgg_bufferTerm_0.isNullAt(1);
/* 157 */     long hashAgg_value_22 = hashAgg_isNull_20 ?
/* 158 */     -1L : (hashAgg_bufferTerm_0.getLong(1));
/* 159 */
/* 160 */     range_mutableStateArray_0[5].reset();
/* 161 */
/* 162 */     range_mutableStateArray_0[5].zeroOutNullBytes();
/* 163 */
/* 164 */     if (hashAgg_isNull_18) {
/* 165 */       range_mutableStateArray_0[5].setNullAt(0);
/* 166 */     } else {
/* 167 */       range_mutableStateArray_0[5].write(0, hashAgg_value_20);
/* 168 */     }
/* 169 */
/* 170 */     if (hashAgg_isNull_19) {
/* 171 */       range_mutableStateArray_0[5].setNullAt(1);
/* 172 */     } else {
/* 173 */       range_mutableStateArray_0[5].write(1, hashAgg_value_21);
/* 174 */     }
/* 175 */
/* 176 */     if (hashAgg_isNull_20) {
/* 177 */       range_mutableStateArray_0[5].setNullAt(2);
/* 178 */     } else {
/* 179 */       range_mutableStateArray_0[5].write(2, hashAgg_value_22);
/* 180 */     }
/* 181 */     append((range_mutableStateArray_0[5].getRow()));
/* 182 */
/* 183 */   }
/* 184 */
/* 185 */   private void hashAgg_doAggregateWithKeys_0() throws java.io.IOException {
/* 186 */     // initialize Range
/* 187 */     if (!range_initRange_0) {
/* 188 */       range_initRange_0 = true;
/* 189 */       initRange(partitionIndex);
/* 190 */     }
/* 191 */
/* 192 */     while (true) {
/* 193 */       if (range_nextIndex_0 == range_batchEnd_0) {
/* 194 */         long range_nextBatchTodo_0;
/* 195 */         if (range_numElementsTodo_0 > 1000L) {
/* 196 */           range_nextBatchTodo_0 = 1000L;
/* 197 */           range_numElementsTodo_0 -= 1000L;
/* 198 */         } else {
/* 199 */           range_nextBatchTodo_0 = range_numElementsTodo_0;
/* 200 */           range_numElementsTodo_0 = 0;
/* 201 */           if (range_nextBatchTodo_0 == 0) break;
/* 202 */         }
/* 203 */         range_batchEnd_0 += range_nextBatchTodo_0 * 1L;
/* 204 */       }
/* 205 */
/* 206 */       int range_localEnd_0 = (int)((range_batchEnd_0 - range_nextIndex_0) / 1L);
/* 207 */       for (int range_localIdx_0 = 0; range_localIdx_0 < range_localEnd_0; range_localIdx_0++) {
/* 208 */         long range_value_0 = ((long)range_localIdx_0 * 1L) + range_nextIndex_0;
/* 209 */
/* 210 */         // common sub-expressions
/* 211 */
/* 212 */         final double project_value_1 = project_mutableStateArray_0[0].nextDouble();
/* 213 */
/* 214 */         // common sub-expressions
/* 215 */
/* 216 */         double project_value_4 = -1.0;
/* 217 */
/* 218 */         project_value_4 = project_value_1 * project_value_1;
/* 219 */         boolean project_isNull_7 = false;
/* 220 */         long project_value_7 = -1L;
/* 221 */         if (100L == 0) {
/* 222 */           throw QueryExecutionErrors.divideByZeroError(((org.apache.spark.sql.catalyst.trees.DataFrameQueryContext) references[8] /* errCtx */));
/* 223 */         } else {
/* 224 */           project_value_7 = (long)(range_value_0 % 100L);
/* 225 */         }
/* 226 */
/* 227 */         hashAgg_doConsume_0(project_value_4, project_value_7, project_isNull_7);
/* 228 */
/* 229 */         // shouldStop check is eliminated
/* 230 */       }
/* 231 */       range_nextIndex_0 = range_batchEnd_0;
/* 232 */       ((org.apache.spark.sql.execution.metric.SQLMetric) references[7] /* numOutputRows */).add(range_localEnd_0);
/* 233 */       range_inputMetrics_0.incRecordsRead(range_localEnd_0);
/* 234 */       range_taskContext_0.killTaskIfInterrupted();
/* 235 */     }
/* 236 */
/* 237 */     hashAgg_fastHashMapIter_0 = hashAgg_fastHashMap_0.rowIterator();
/* 238 */     hashAgg_mapIter_0 = ((org.apache.spark.sql.execution.aggregate.HashAggregateExec) references[0] /* plan */).finishAggregate(hashAgg_hashMap_0, hashAgg_sorter_0, ((org.apache.spark.sql.execution.metric.SQLMetric) references[3] /* peakMemory */), ((org.apache.spark.sql.execution.metric.SQLMetric) references[4] /* spillSize */), ((org.apache.spark.sql.execution.metric.SQLMetric) references[5] /* avgHashProbe */), ((org.apache.spark.sql.execution.metric.SQLMetric) references[6] /* numTasksFallBacked */));
/* 239 */
/* 240 */   }
/* 241 */
/* 242 */   private void initRange(int idx) {
/* 243 */     java.math.BigInteger index = java.math.BigInteger.valueOf(idx);
/* 244 */     java.math.BigInteger numSlice = java.math.BigInteger.valueOf(8L);
/* 245 */     java.math.BigInteger numElement = java.math.BigInteger.valueOf(99999L);
/* 246 */     java.math.BigInteger step = java.math.BigInteger.valueOf(1L);
/* 247 */     java.math.BigInteger start = java.math.BigInteger.valueOf(0L);
/* 248 */     long partitionEnd;
/* 249 */
/* 250 */     java.math.BigInteger st = index.multiply(numElement).divide(numSlice).multiply(step).add(start);
/* 251 */     if (st.compareTo(java.math.BigInteger.valueOf(Long.MAX_VALUE)) > 0) {
/* 252 */       range_nextIndex_0 = Long.MAX_VALUE;
/* 253 */     } else if (st.compareTo(java.math.BigInteger.valueOf(Long.MIN_VALUE)) < 0) {
/* 254 */       range_nextIndex_0 = Long.MIN_VALUE;
/* 255 */     } else {
/* 256 */       range_nextIndex_0 = st.longValue();
/* 257 */     }
/* 258 */     range_batchEnd_0 = range_nextIndex_0;
/* 259 */
/* 260 */     java.math.BigInteger end = index.add(java.math.BigInteger.ONE).multiply(numElement).divide(numSlice)
/* 261 */     .multiply(step).add(start);
/* 262 */     if (end.compareTo(java.math.BigInteger.valueOf(Long.MAX_VALUE)) > 0) {
/* 263 */       partitionEnd = Long.MAX_VALUE;
/* 264 */     } else if (end.compareTo(java.math.BigInteger.valueOf(Long.MIN_VALUE)) < 0) {
/* 265 */       partitionEnd = Long.MIN_VALUE;
/* 266 */     } else {
/* 267 */       partitionEnd = end.longValue();
/* 268 */     }
/* 269 */
/* 270 */     java.math.BigInteger startToEnd = java.math.BigInteger.valueOf(partitionEnd).subtract(
/* 271 */       java.math.BigInteger.valueOf(range_nextIndex_0));
/* 272 */     range_numElementsTodo_0  = startToEnd.divide(step).longValue();
/* 273 */     if (range_numElementsTodo_0 < 0) {
/* 274 */       range_numElementsTodo_0 = 0;
/* 275 */     } else if (startToEnd.remainder(step).compareTo(java.math.BigInteger.valueOf(0L)) != 0) {
/* 276 */       range_numElementsTodo_0++;
/* 277 */     }
/* 278 */   }
/* 279 */
/* 280 */   private void hashAgg_doConsume_0(double hashAgg_expr_0_0, long hashAgg_expr_1_0, boolean hashAgg_exprIsNull_1_0) throws java.io.IOException {
/* 281 */     UnsafeRow hashAgg_unsafeRowAggBuffer_0 = null;
/* 282 */     UnsafeRow hashAgg_fastAggBuffer_0 = null;
/* 283 */
/* 284 */     if (!hashAgg_exprIsNull_1_0) {
/* 285 */       hashAgg_fastAggBuffer_0 = hashAgg_fastHashMap_0.findOrInsert(
/* 286 */         hashAgg_expr_1_0);
/* 287 */     }
/* 288 */     // Cannot find the key in fast hash map, try regular hash map.
/* 289 */     if (hashAgg_fastAggBuffer_0 == null) {
/* 290 */       // generate grouping key
/* 291 */       range_mutableStateArray_0[4].reset();
/* 292 */
/* 293 */       range_mutableStateArray_0[4].zeroOutNullBytes();
/* 294 */
/* 295 */       if (hashAgg_exprIsNull_1_0) {
/* 296 */         range_mutableStateArray_0[4].setNullAt(0);
/* 297 */       } else {
/* 298 */         range_mutableStateArray_0[4].write(0, hashAgg_expr_1_0);
/* 299 */       }
/* 300 */       int hashAgg_unsafeRowKeyHash_0 = (range_mutableStateArray_0[4].getRow()).hashCode();
/* 301 */       if (true) {
/* 302 */         // try to get the buffer from hash map
/* 303 */         hashAgg_unsafeRowAggBuffer_0 =
/* 304 */         hashAgg_hashMap_0.getAggregationBufferFromUnsafeRow((range_mutableStateArray_0[4].getRow()), hashAgg_unsafeRowKeyHash_0);
/* 305 */       }
/* 306 */       // Can't allocate buffer from the hash map. Spill the map and fallback to sort-based
/* 307 */       // aggregation after processing all input rows.
/* 308 */       if (hashAgg_unsafeRowAggBuffer_0 == null) {
/* 309 */         if (hashAgg_sorter_0 == null) {
/* 310 */           hashAgg_sorter_0 = hashAgg_hashMap_0.destructAndCreateExternalSorter();
/* 311 */         } else {
/* 312 */           hashAgg_sorter_0.merge(hashAgg_hashMap_0.destructAndCreateExternalSorter());
/* 313 */         }
/* 314 */
/* 315 */         // the hash map had be spilled, it should have enough memory now,
/* 316 */         // try to allocate buffer again.
/* 317 */         hashAgg_unsafeRowAggBuffer_0 = hashAgg_hashMap_0.getAggregationBufferFromUnsafeRow(
/* 318 */           (range_mutableStateArray_0[4].getRow()), hashAgg_unsafeRowKeyHash_0);
/* 319 */         if (hashAgg_unsafeRowAggBuffer_0 == null) {
/* 320 */           // failed to allocate the first page
/* 321 */           throw new org.apache.spark.memory.SparkOutOfMemoryError("_LEGACY_ERROR_TEMP_3302", new java.util.HashMap());
/* 322 */         }
/* 323 */       }
/* 324 */
/* 325 */     }
/* 326 */
/* 327 */     // Updates the proper row buffer
/* 328 */     if (hashAgg_fastAggBuffer_0 != null) {
/* 329 */       hashAgg_unsafeRowAggBuffer_0 = hashAgg_fastAggBuffer_0;
/* 330 */     }
/* 331 */
/* 332 */     // common sub-expressions
/* 333 */
/* 334 */     // evaluate aggregate functions and update aggregation buffers
/* 335 */     hashAgg_doAggregate_avg_0(hashAgg_unsafeRowAggBuffer_0, hashAgg_expr_0_0);
/* 336 */
/* 337 */   }
/* 338 */
/* 339 */   protected void processNext() throws java.io.IOException {
/* 340 */     if (!hashAgg_initAgg_0) {
/* 341 */       hashAgg_initAgg_0 = true;
/* 342 */       hashAgg_fastHashMap_0 = new hashAgg_FastHashMap_0(((org.apache.spark.sql.execution.aggregate.HashAggregateExec) references[0] /* plan */).getTaskContext().taskMemoryManager(), ((org.apache.spark.sql.execution.aggregate.HashAggregateExec) references[0] /* plan */).getEmptyAggregationBuffer());
/* 343 */
/* 344 */       ((org.apache.spark.sql.execution.aggregate.HashAggregateExec) references[0] /* plan */).getTaskContext().addTaskCompletionListener(
/* 345 */         new org.apache.spark.util.TaskCompletionListener() {
/* 346 */           @Override
/* 347 */           public void onTaskCompletion(org.apache.spark.TaskContext context) {
/* 348 */             hashAgg_fastHashMap_0.close();
/* 349 */           }
/* 350 */         });
/* 351 */
/* 352 */       hashAgg_hashMap_0 = ((org.apache.spark.sql.execution.aggregate.HashAggregateExec) references[0] /* plan */).createHashMap();
/* 353 */       long wholestagecodegen_beforeAgg_0 = System.nanoTime();
/* 354 */       hashAgg_doAggregateWithKeys_0();
/* 355 */       ((org.apache.spark.sql.execution.metric.SQLMetric) references[11] /* aggTime */).add((System.nanoTime() - wholestagecodegen_beforeAgg_0) / 1000000);
/* 356 */     }
/* 357 */     // output the result
/* 358 */
/* 359 */     while ( hashAgg_fastHashMapIter_0.next()) {
/* 360 */       UnsafeRow hashAgg_aggKey_0 = (UnsafeRow) hashAgg_fastHashMapIter_0.getKey();
/* 361 */       UnsafeRow hashAgg_aggBuffer_0 = (UnsafeRow) hashAgg_fastHashMapIter_0.getValue();
/* 362 */       hashAgg_doAggregateWithKeysOutput_0(hashAgg_aggKey_0, hashAgg_aggBuffer_0);
/* 363 */
/* 364 */       if (shouldStop()) return;
/* 365 */     }
/* 366 */     hashAgg_fastHashMap_0.close();
/* 367 */
/* 368 */     while ( hashAgg_mapIter_0.next()) {
/* 369 */       UnsafeRow hashAgg_aggKey_0 = (UnsafeRow) hashAgg_mapIter_0.getKey();
/* 370 */       UnsafeRow hashAgg_aggBuffer_0 = (UnsafeRow) hashAgg_mapIter_0.getValue();
/* 371 */       hashAgg_doAggregateWithKeysOutput_0(hashAgg_aggKey_0, hashAgg_aggBuffer_0);
/* 372 */       if (shouldStop()) return;
/* 373 */     }
/* 374 */     hashAgg_mapIter_0.close();
/* 375 */     if (hashAgg_sorter_0 == null) {
/* 376 */       hashAgg_hashMap_0.free();
/* 377 */     }
/* 378 */   }
/* 379 */
/* 380 */   private void hashAgg_doAggregate_avg_0(org.apache.spark.sql.catalyst.InternalRow hashAgg_unsafeRowAggBuffer_0, double hashAgg_expr_0_0) throws java.io.IOException {
/* 381 */     boolean hashAgg_isNull_6 = true;
/* 382 */     double hashAgg_value_8 = -1.0;
/* 383 */     boolean hashAgg_isNull_7 = hashAgg_unsafeRowAggBuffer_0.isNullAt(0);
/* 384 */     double hashAgg_value_9 = hashAgg_isNull_7 ?
/* 385 */     -1.0 : (hashAgg_unsafeRowAggBuffer_0.getDouble(0));
/* 386 */     if (!hashAgg_isNull_7) {
/* 387 */       hashAgg_hashAgg_isNull_8_0 = true;
/* 388 */       double hashAgg_value_10 = -1.0;
/* 389 */       do {
/* 390 */         if (!false) {
/* 391 */           hashAgg_hashAgg_isNull_8_0 = false;
/* 392 */           hashAgg_value_10 = hashAgg_expr_0_0;
/* 393 */           continue;
/* 394 */         }
/* 395 */
/* 396 */         if (!false) {
/* 397 */           hashAgg_hashAgg_isNull_8_0 = false;
/* 398 */           hashAgg_value_10 = 0.0D;
/* 399 */           continue;
/* 400 */         }
/* 401 */
/* 402 */       } while (false);
/* 403 */
/* 404 */       hashAgg_isNull_6 = false; // resultCode could change nullability.
/* 405 */
/* 406 */       hashAgg_value_8 = hashAgg_value_9 + hashAgg_value_10;
/* 407 */
/* 408 */     }
/* 409 */     boolean hashAgg_isNull_11 = false;
/* 410 */     long hashAgg_value_13 = -1L;
/* 411 */     if (!false && false) {
/* 412 */       boolean hashAgg_isNull_14 = hashAgg_unsafeRowAggBuffer_0.isNullAt(1);
/* 413 */       long hashAgg_value_16 = hashAgg_isNull_14 ?
/* 414 */       -1L : (hashAgg_unsafeRowAggBuffer_0.getLong(1));
/* 415 */       hashAgg_isNull_11 = hashAgg_isNull_14;
/* 416 */       hashAgg_value_13 = hashAgg_value_16;
/* 417 */     } else {
/* 418 */       boolean hashAgg_isNull_15 = true;
/* 419 */       long hashAgg_value_17 = -1L;
/* 420 */       boolean hashAgg_isNull_16 = hashAgg_unsafeRowAggBuffer_0.isNullAt(1);
/* 421 */       long hashAgg_value_18 = hashAgg_isNull_16 ?
/* 422 */       -1L : (hashAgg_unsafeRowAggBuffer_0.getLong(1));
/* 423 */       if (!hashAgg_isNull_16) {
/* 424 */         hashAgg_isNull_15 = false; // resultCode could change nullability.
/* 425 */
/* 426 */         hashAgg_value_17 = org.apache.spark.sql.catalyst.util.MathUtils.addExact(hashAgg_value_18, 1L, ((org.apache.spark.sql.catalyst.trees.SQLQueryContext) references[9] /* errCtx */));
/* 427 */
/* 428 */       }
/* 429 */       hashAgg_isNull_11 = hashAgg_isNull_15;
/* 430 */       hashAgg_value_13 = hashAgg_value_17;
/* 431 */     }
/* 432 */
/* 433 */     if (!hashAgg_isNull_6) {
/* 434 */       hashAgg_unsafeRowAggBuffer_0.setDouble(0, hashAgg_value_8);
/* 435 */     } else {
/* 436 */       hashAgg_unsafeRowAggBuffer_0.setNullAt(0);
/* 437 */     }
/* 438 */
/* 439 */     if (!hashAgg_isNull_11) {
/* 440 */       hashAgg_unsafeRowAggBuffer_0.setLong(1, hashAgg_value_13);
/* 441 */     } else {
/* 442 */       hashAgg_unsafeRowAggBuffer_0.setNullAt(1);
/* 443 */     }
/* 444 */   }
/* 445 */
/* 446 */ }

2025-10-31 10:50:57 INFO  CodeGenerator:190 - Code generated in 46.677414 ms
2025-10-31 10:50:57 DEBUG GenerateUnsafeProjection:204 - code for pmod(collation_aware_hash(input[0, bigint, true], 42), 200):
/* 001 */ public java.lang.Object generate(Object[] references) {
/* 002 */   return new SpecificUnsafeProjection(references);
/* 003 */ }
/* 004 */
/* 005 */ class SpecificUnsafeProjection extends org.apache.spark.sql.catalyst.expressions.UnsafeProjection {
/* 006 */
/* 007 */   private Object[] references;
/* 008 */   private org.apache.spark.sql.catalyst.expressions.codegen.UnsafeRowWriter[] mutableStateArray_0 = new org.apache.spark.sql.catalyst.expressions.codegen.UnsafeRowWriter[1];
/* 009 */
/* 010 */   public SpecificUnsafeProjection(Object[] references) {
/* 011 */     this.references = references;
/* 012 */     mutableStateArray_0[0] = new org.apache.spark.sql.catalyst.expressions.codegen.UnsafeRowWriter(1, 0);
/* 013 */
/* 014 */   }
/* 015 */
/* 016 */   public void initialize(int partitionIndex) {
/* 017 */
/* 018 */   }
/* 019 */
/* 020 */   // Scala.Function1 need this
/* 021 */   public java.lang.Object apply(java.lang.Object row) {
/* 022 */     return apply((InternalRow) row);
/* 023 */   }
/* 024 */
/* 025 */   public UnsafeRow apply(InternalRow i) {
/* 026 */     mutableStateArray_0[0].reset();
/* 027 */
/* 028 */
/* 029 */     mutableStateArray_0[0].zeroOutNullBytes();
/* 030 */
/* 031 */     boolean isNull_0 = false;
/* 032 */     int value_0 = -1;
/* 033 */     if (200 == 0) {
/* 034 */       throw QueryExecutionErrors.divideByZeroError(((org.apache.spark.sql.catalyst.trees.SQLQueryContext) references[0] /* errCtx */));
/* 035 */     } else {
/* 036 */       int value_1 = 42;
/* 037 */       boolean isNull_2 = i.isNullAt(0);
/* 038 */       long value_2 = isNull_2 ?
/* 039 */       -1L : (i.getLong(0));
/* 040 */       if (!isNull_2) {
/* 041 */         value_1 = org.apache.spark.unsafe.hash.Murmur3_x86_32.hashLong(value_2, value_1);
/* 042 */       }
/* 043 */
/* 044 */       int remainder_0 = value_1 % 200;
/* 045 */       if (remainder_0 < 0) {
/* 046 */         value_0=(remainder_0 + 200) % 200;
/* 047 */       } else {
/* 048 */         value_0=remainder_0;
/* 049 */       }
/* 050 */
/* 051 */     }
/* 052 */     if (isNull_0) {
/* 053 */       mutableStateArray_0[0].setNullAt(0);
/* 054 */     } else {
/* 055 */       mutableStateArray_0[0].write(0, value_0);
/* 056 */     }
/* 057 */     return (mutableStateArray_0[0].getRow());
/* 058 */   }
/* 059 */
/* 060 */
/* 061 */ }

2025-10-31 10:50:57 DEBUG GenerateUnsafeProjection:204 - code for pmod(collation_aware_hash(input[0, bigint, true], 42), 200):
/* 001 */ public java.lang.Object generate(Object[] references) {
/* 002 */   return new SpecificUnsafeProjection(references);
/* 003 */ }
/* 004 */
/* 005 */ class SpecificUnsafeProjection extends org.apache.spark.sql.catalyst.expressions.UnsafeProjection {
/* 006 */
/* 007 */   private Object[] references;
/* 008 */   private org.apache.spark.sql.catalyst.expressions.codegen.UnsafeRowWriter[] mutableStateArray_0 = new org.apache.spark.sql.catalyst.expressions.codegen.UnsafeRowWriter[1];
/* 009 */
/* 010 */   public SpecificUnsafeProjection(Object[] references) {
/* 011 */     this.references = references;
/* 012 */     mutableStateArray_0[0] = new org.apache.spark.sql.catalyst.expressions.codegen.UnsafeRowWriter(1, 0);
/* 013 */
/* 014 */   }
/* 015 */
/* 016 */   public void initialize(int partitionIndex) {
/* 017 */
/* 018 */   }
/* 019 */
/* 020 */   // Scala.Function1 need this
/* 021 */   public java.lang.Object apply(java.lang.Object row) {
/* 022 */     return apply((InternalRow) row);
/* 023 */   }
/* 024 */
/* 025 */   public UnsafeRow apply(InternalRow i) {
/* 026 */     mutableStateArray_0[0].reset();
/* 027 */
/* 028 */
/* 029 */     mutableStateArray_0[0].zeroOutNullBytes();
/* 030 */
/* 031 */     boolean isNull_0 = false;
/* 032 */     int value_0 = -1;
/* 033 */     if (200 == 0) {
/* 034 */       throw QueryExecutionErrors.divideByZeroError(((org.apache.spark.sql.catalyst.trees.SQLQueryContext) references[0] /* errCtx */));
/* 035 */     } else {
/* 036 */       int value_1 = 42;
/* 037 */       boolean isNull_2 = i.isNullAt(0);
/* 038 */       long value_2 = isNull_2 ?
/* 039 */       -1L : (i.getLong(0));
/* 040 */       if (!isNull_2) {
/* 041 */         value_1 = org.apache.spark.unsafe.hash.Murmur3_x86_32.hashLong(value_2, value_1);
/* 042 */       }
/* 043 */
/* 044 */       int remainder_0 = value_1 % 200;
/* 045 */       if (remainder_0 < 0) {
/* 046 */         value_0=(remainder_0 + 200) % 200;
/* 047 */       } else {
/* 048 */         value_0=remainder_0;
/* 049 */       }
/* 050 */
/* 051 */     }
/* 052 */     if (isNull_0) {
/* 053 */       mutableStateArray_0[0].setNullAt(0);
/* 054 */     } else {
/* 055 */       mutableStateArray_0[0].write(0, value_0);
/* 056 */     }
/* 057 */     return (mutableStateArray_0[0].getRow());
/* 058 */   }
/* 059 */
/* 060 */
/* 061 */ }

2025-10-31 10:50:57 DEBUG GenerateUnsafeProjection:204 - code for pmod(collation_aware_hash(input[0, bigint, true], 42), 200):
/* 001 */ public java.lang.Object generate(Object[] references) {
/* 002 */   return new SpecificUnsafeProjection(references);
/* 003 */ }
/* 004 */
/* 005 */ class SpecificUnsafeProjection extends org.apache.spark.sql.catalyst.expressions.UnsafeProjection {
/* 006 */
/* 007 */   private Object[] references;
/* 008 */   private org.apache.spark.sql.catalyst.expressions.codegen.UnsafeRowWriter[] mutableStateArray_0 = new org.apache.spark.sql.catalyst.expressions.codegen.UnsafeRowWriter[1];
/* 009 */
/* 010 */   public SpecificUnsafeProjection(Object[] references) {
/* 011 */     this.references = references;
/* 012 */     mutableStateArray_0[0] = new org.apache.spark.sql.catalyst.expressions.codegen.UnsafeRowWriter(1, 0);
/* 013 */
/* 014 */   }
/* 015 */
/* 016 */   public void initialize(int partitionIndex) {
/* 017 */
/* 018 */   }
/* 019 */
/* 020 */   // Scala.Function1 need this
/* 021 */   public java.lang.Object apply(java.lang.Object row) {
/* 022 */     return apply((InternalRow) row);
/* 023 */   }
/* 024 */
/* 025 */   public UnsafeRow apply(InternalRow i) {
/* 026 */     mutableStateArray_0[0].reset();
/* 027 */
/* 028 */
/* 029 */     mutableStateArray_0[0].zeroOutNullBytes();
/* 030 */
/* 031 */     boolean isNull_0 = false;
/* 032 */     int value_0 = -1;
/* 033 */     if (200 == 0) {
/* 034 */       throw QueryExecutionErrors.divideByZeroError(((org.apache.spark.sql.catalyst.trees.SQLQueryContext) references[0] /* errCtx */));
/* 035 */     } else {
/* 036 */       int value_1 = 42;
/* 037 */       boolean isNull_2 = i.isNullAt(0);
/* 038 */       long value_2 = isNull_2 ?
/* 039 */       -1L : (i.getLong(0));
/* 040 */       if (!isNull_2) {
/* 041 */         value_1 = org.apache.spark.unsafe.hash.Murmur3_x86_32.hashLong(value_2, value_1);
/* 042 */       }
/* 043 */
/* 044 */       int remainder_0 = value_1 % 200;
/* 045 */       if (remainder_0 < 0) {
/* 046 */         value_0=(remainder_0 + 200) % 200;
/* 047 */       } else {
/* 048 */         value_0=remainder_0;
/* 049 */       }
/* 050 */
/* 051 */     }
/* 052 */     if (isNull_0) {
/* 053 */       mutableStateArray_0[0].setNullAt(0);
/* 054 */     } else {
/* 055 */       mutableStateArray_0[0].write(0, value_0);
/* 056 */     }
/* 057 */     return (mutableStateArray_0[0].getRow());
/* 058 */   }
/* 059 */
/* 060 */
/* 061 */ }

2025-10-31 10:50:57 DEBUG GenerateUnsafeProjection:204 - code for pmod(collation_aware_hash(input[0, bigint, true], 42), 200):
/* 001 */ public java.lang.Object generate(Object[] references) {
/* 002 */   return new SpecificUnsafeProjection(references);
/* 003 */ }
/* 004 */
/* 005 */ class SpecificUnsafeProjection extends org.apache.spark.sql.catalyst.expressions.UnsafeProjection {
/* 006 */
/* 007 */   private Object[] references;
/* 008 */   private org.apache.spark.sql.catalyst.expressions.codegen.UnsafeRowWriter[] mutableStateArray_0 = new org.apache.spark.sql.catalyst.expressions.codegen.UnsafeRowWriter[1];
/* 009 */
/* 010 */   public SpecificUnsafeProjection(Object[] references) {
/* 011 */     this.references = references;
/* 012 */     mutableStateArray_0[0] = new org.apache.spark.sql.catalyst.expressions.codegen.UnsafeRowWriter(1, 0);
/* 013 */
/* 014 */   }
/* 015 */
/* 016 */   public void initialize(int partitionIndex) {
/* 017 */
/* 018 */   }
/* 019 */
/* 020 */   // Scala.Function1 need this
/* 021 */   public java.lang.Object apply(java.lang.Object row) {
/* 022 */     return apply((InternalRow) row);
/* 023 */   }
/* 024 */
/* 025 */   public UnsafeRow apply(InternalRow i) {
/* 026 */     mutableStateArray_0[0].reset();
/* 027 */
/* 028 */
/* 029 */     mutableStateArray_0[0].zeroOutNullBytes();
/* 030 */
/* 031 */     boolean isNull_0 = false;
/* 032 */     int value_0 = -1;
/* 033 */     if (200 == 0) {
/* 034 */       throw QueryExecutionErrors.divideByZeroError(((org.apache.spark.sql.catalyst.trees.SQLQueryContext) references[0] /* errCtx */));
/* 035 */     } else {
/* 036 */       int value_1 = 42;
/* 037 */       boolean isNull_2 = i.isNullAt(0);
/* 038 */       long value_2 = isNull_2 ?
/* 039 */       -1L : (i.getLong(0));
/* 040 */       if (!isNull_2) {
/* 041 */         value_1 = org.apache.spark.unsafe.hash.Murmur3_x86_32.hashLong(value_2, value_1);
/* 042 */       }
/* 043 */
/* 044 */       int remainder_0 = value_1 % 200;
/* 045 */       if (remainder_0 < 0) {
/* 046 */         value_0=(remainder_0 + 200) % 200;
/* 047 */       } else {
/* 048 */         value_0=remainder_0;
/* 049 */       }
/* 050 */
/* 051 */     }
/* 052 */     if (isNull_0) {
/* 053 */       mutableStateArray_0[0].setNullAt(0);
/* 054 */     } else {
/* 055 */       mutableStateArray_0[0].write(0, value_0);
/* 056 */     }
/* 057 */     return (mutableStateArray_0[0].getRow());
/* 058 */   }
/* 059 */
/* 060 */
/* 061 */ }

2025-10-31 10:50:57 DEBUG CodeGenerator:204 - 
/* 001 */ public java.lang.Object generate(Object[] references) {
/* 002 */   return new SpecificUnsafeProjection(references);
/* 003 */ }
/* 004 */
/* 005 */ class SpecificUnsafeProjection extends org.apache.spark.sql.catalyst.expressions.UnsafeProjection {
/* 006 */
/* 007 */   private Object[] references;
/* 008 */   private org.apache.spark.sql.catalyst.expressions.codegen.UnsafeRowWriter[] mutableStateArray_0 = new org.apache.spark.sql.catalyst.expressions.codegen.UnsafeRowWriter[1];
/* 009 */
/* 010 */   public SpecificUnsafeProjection(Object[] references) {
/* 011 */     this.references = references;
/* 012 */     mutableStateArray_0[0] = new org.apache.spark.sql.catalyst.expressions.codegen.UnsafeRowWriter(1, 0);
/* 013 */
/* 014 */   }
/* 015 */
/* 016 */   public void initialize(int partitionIndex) {
/* 017 */
/* 018 */   }
/* 019 */
/* 020 */   // Scala.Function1 need this
/* 021 */   public java.lang.Object apply(java.lang.Object row) {
/* 022 */     return apply((InternalRow) row);
/* 023 */   }
/* 024 */
/* 025 */   public UnsafeRow apply(InternalRow i) {
/* 026 */     mutableStateArray_0[0].reset();
/* 027 */
/* 028 */
/* 029 */     mutableStateArray_0[0].zeroOutNullBytes();
/* 030 */
/* 031 */     boolean isNull_0 = false;
/* 032 */     int value_0 = -1;
/* 033 */     if (200 == 0) {
/* 034 */       throw QueryExecutionErrors.divideByZeroError(((org.apache.spark.sql.catalyst.trees.SQLQueryContext) references[0] /* errCtx */));
/* 035 */     } else {
/* 036 */       int value_1 = 42;
/* 037 */       boolean isNull_2 = i.isNullAt(0);
/* 038 */       long value_2 = isNull_2 ?
/* 039 */       -1L : (i.getLong(0));
/* 040 */       if (!isNull_2) {
/* 041 */         value_1 = org.apache.spark.unsafe.hash.Murmur3_x86_32.hashLong(value_2, value_1);
/* 042 */       }
/* 043 */
/* 044 */       int remainder_0 = value_1 % 200;
/* 045 */       if (remainder_0 < 0) {
/* 046 */         value_0=(remainder_0 + 200) % 200;
/* 047 */       } else {
/* 048 */         value_0=remainder_0;
/* 049 */       }
/* 050 */
/* 051 */     }
/* 052 */     if (isNull_0) {
/* 053 */       mutableStateArray_0[0].setNullAt(0);
/* 054 */     } else {
/* 055 */       mutableStateArray_0[0].write(0, value_0);
/* 056 */     }
/* 057 */     return (mutableStateArray_0[0].getRow());
/* 058 */   }
/* 059 */
/* 060 */
/* 061 */ }

2025-10-31 10:50:57 DEBUG GenerateUnsafeProjection:204 - code for pmod(collation_aware_hash(input[0, bigint, true], 42), 200):
/* 001 */ public java.lang.Object generate(Object[] references) {
/* 002 */   return new SpecificUnsafeProjection(references);
/* 003 */ }
/* 004 */
/* 005 */ class SpecificUnsafeProjection extends org.apache.spark.sql.catalyst.expressions.UnsafeProjection {
/* 006 */
/* 007 */   private Object[] references;
/* 008 */   private org.apache.spark.sql.catalyst.expressions.codegen.UnsafeRowWriter[] mutableStateArray_0 = new org.apache.spark.sql.catalyst.expressions.codegen.UnsafeRowWriter[1];
/* 009 */
/* 010 */   public SpecificUnsafeProjection(Object[] references) {
/* 011 */     this.references = references;
/* 012 */     mutableStateArray_0[0] = new org.apache.spark.sql.catalyst.expressions.codegen.UnsafeRowWriter(1, 0);
/* 013 */
/* 014 */   }
/* 015 */
/* 016 */   public void initialize(int partitionIndex) {
/* 017 */
/* 018 */   }
/* 019 */
/* 020 */   // Scala.Function1 need this
/* 021 */   public java.lang.Object apply(java.lang.Object row) {
/* 022 */     return apply((InternalRow) row);
/* 023 */   }
/* 024 */
/* 025 */   public UnsafeRow apply(InternalRow i) {
/* 026 */     mutableStateArray_0[0].reset();
/* 027 */
/* 028 */
/* 029 */     mutableStateArray_0[0].zeroOutNullBytes();
/* 030 */
/* 031 */     boolean isNull_0 = false;
/* 032 */     int value_0 = -1;
/* 033 */     if (200 == 0) {
/* 034 */       throw QueryExecutionErrors.divideByZeroError(((org.apache.spark.sql.catalyst.trees.SQLQueryContext) references[0] /* errCtx */));
/* 035 */     } else {
/* 036 */       int value_1 = 42;
/* 037 */       boolean isNull_2 = i.isNullAt(0);
/* 038 */       long value_2 = isNull_2 ?
/* 039 */       -1L : (i.getLong(0));
/* 040 */       if (!isNull_2) {
/* 041 */         value_1 = org.apache.spark.unsafe.hash.Murmur3_x86_32.hashLong(value_2, value_1);
/* 042 */       }
/* 043 */
/* 044 */       int remainder_0 = value_1 % 200;
/* 045 */       if (remainder_0 < 0) {
/* 046 */         value_0=(remainder_0 + 200) % 200;
/* 047 */       } else {
/* 048 */         value_0=remainder_0;
/* 049 */       }
/* 050 */
/* 051 */     }
/* 052 */     if (isNull_0) {
/* 053 */       mutableStateArray_0[0].setNullAt(0);
/* 054 */     } else {
/* 055 */       mutableStateArray_0[0].write(0, value_0);
/* 056 */     }
/* 057 */     return (mutableStateArray_0[0].getRow());
/* 058 */   }
/* 059 */
/* 060 */
/* 061 */ }

2025-10-31 10:50:57 DEBUG GenerateUnsafeProjection:204 - code for pmod(collation_aware_hash(input[0, bigint, true], 42), 200):
/* 001 */ public java.lang.Object generate(Object[] references) {
/* 002 */   return new SpecificUnsafeProjection(references);
/* 003 */ }
/* 004 */
/* 005 */ class SpecificUnsafeProjection extends org.apache.spark.sql.catalyst.expressions.UnsafeProjection {
/* 006 */
/* 007 */   private Object[] references;
/* 008 */   private org.apache.spark.sql.catalyst.expressions.codegen.UnsafeRowWriter[] mutableStateArray_0 = new org.apache.spark.sql.catalyst.expressions.codegen.UnsafeRowWriter[1];
/* 009 */
/* 010 */   public SpecificUnsafeProjection(Object[] references) {
/* 011 */     this.references = references;
/* 012 */     mutableStateArray_0[0] = new org.apache.spark.sql.catalyst.expressions.codegen.UnsafeRowWriter(1, 0);
/* 013 */
/* 014 */   }
/* 015 */
/* 016 */   public void initialize(int partitionIndex) {
/* 017 */
/* 018 */   }
/* 019 */
/* 020 */   // Scala.Function1 need this
/* 021 */   public java.lang.Object apply(java.lang.Object row) {
/* 022 */     return apply((InternalRow) row);
/* 023 */   }
/* 024 */
/* 025 */   public UnsafeRow apply(InternalRow i) {
/* 026 */     mutableStateArray_0[0].reset();
/* 027 */
/* 028 */
/* 029 */     mutableStateArray_0[0].zeroOutNullBytes();
/* 030 */
/* 031 */     boolean isNull_0 = false;
/* 032 */     int value_0 = -1;
/* 033 */     if (200 == 0) {
/* 034 */       throw QueryExecutionErrors.divideByZeroError(((org.apache.spark.sql.catalyst.trees.SQLQueryContext) references[0] /* errCtx */));
/* 035 */     } else {
/* 036 */       int value_1 = 42;
/* 037 */       boolean isNull_2 = i.isNullAt(0);
/* 038 */       long value_2 = isNull_2 ?
/* 039 */       -1L : (i.getLong(0));
/* 040 */       if (!isNull_2) {
/* 041 */         value_1 = org.apache.spark.unsafe.hash.Murmur3_x86_32.hashLong(value_2, value_1);
/* 042 */       }
/* 043 */
/* 044 */       int remainder_0 = value_1 % 200;
/* 045 */       if (remainder_0 < 0) {
/* 046 */         value_0=(remainder_0 + 200) % 200;
/* 047 */       } else {
/* 048 */         value_0=remainder_0;
/* 049 */       }
/* 050 */
/* 051 */     }
/* 052 */     if (isNull_0) {
/* 053 */       mutableStateArray_0[0].setNullAt(0);
/* 054 */     } else {
/* 055 */       mutableStateArray_0[0].write(0, value_0);
/* 056 */     }
/* 057 */     return (mutableStateArray_0[0].getRow());
/* 058 */   }
/* 059 */
/* 060 */
/* 061 */ }

2025-10-31 10:50:57 DEBUG GenerateUnsafeProjection:204 - code for pmod(collation_aware_hash(input[0, bigint, true], 42), 200):
/* 001 */ public java.lang.Object generate(Object[] references) {
/* 002 */   return new SpecificUnsafeProjection(references);
/* 003 */ }
/* 004 */
/* 005 */ class SpecificUnsafeProjection extends org.apache.spark.sql.catalyst.expressions.UnsafeProjection {
/* 006 */
/* 007 */   private Object[] references;
/* 008 */   private org.apache.spark.sql.catalyst.expressions.codegen.UnsafeRowWriter[] mutableStateArray_0 = new org.apache.spark.sql.catalyst.expressions.codegen.UnsafeRowWriter[1];
/* 009 */
/* 010 */   public SpecificUnsafeProjection(Object[] references) {
/* 011 */     this.references = references;
/* 012 */     mutableStateArray_0[0] = new org.apache.spark.sql.catalyst.expressions.codegen.UnsafeRowWriter(1, 0);
/* 013 */
/* 014 */   }
/* 015 */
/* 016 */   public void initialize(int partitionIndex) {
/* 017 */
/* 018 */   }
/* 019 */
/* 020 */   // Scala.Function1 need this
/* 021 */   public java.lang.Object apply(java.lang.Object row) {
/* 022 */     return apply((InternalRow) row);
/* 023 */   }
/* 024 */
/* 025 */   public UnsafeRow apply(InternalRow i) {
/* 026 */     mutableStateArray_0[0].reset();
/* 027 */
/* 028 */
/* 029 */     mutableStateArray_0[0].zeroOutNullBytes();
/* 030 */
/* 031 */     boolean isNull_0 = false;
/* 032 */     int value_0 = -1;
/* 033 */     if (200 == 0) {
/* 034 */       throw QueryExecutionErrors.divideByZeroError(((org.apache.spark.sql.catalyst.trees.SQLQueryContext) references[0] /* errCtx */));
/* 035 */     } else {
/* 036 */       int value_1 = 42;
/* 037 */       boolean isNull_2 = i.isNullAt(0);
/* 038 */       long value_2 = isNull_2 ?
/* 039 */       -1L : (i.getLong(0));
/* 040 */       if (!isNull_2) {
/* 041 */         value_1 = org.apache.spark.unsafe.hash.Murmur3_x86_32.hashLong(value_2, value_1);
/* 042 */       }
/* 043 */
/* 044 */       int remainder_0 = value_1 % 200;
/* 045 */       if (remainder_0 < 0) {
/* 046 */         value_0=(remainder_0 + 200) % 200;
/* 047 */       } else {
/* 048 */         value_0=remainder_0;
/* 049 */       }
/* 050 */
/* 051 */     }
/* 052 */     if (isNull_0) {
/* 053 */       mutableStateArray_0[0].setNullAt(0);
/* 054 */     } else {
/* 055 */       mutableStateArray_0[0].write(0, value_0);
/* 056 */     }
/* 057 */     return (mutableStateArray_0[0].getRow());
/* 058 */   }
/* 059 */
/* 060 */
/* 061 */ }

2025-10-31 10:50:57 DEBUG GenerateUnsafeProjection:204 - code for pmod(collation_aware_hash(input[0, bigint, true], 42), 200):
/* 001 */ public java.lang.Object generate(Object[] references) {
/* 002 */   return new SpecificUnsafeProjection(references);
/* 003 */ }
/* 004 */
/* 005 */ class SpecificUnsafeProjection extends org.apache.spark.sql.catalyst.expressions.UnsafeProjection {
/* 006 */
/* 007 */   private Object[] references;
/* 008 */   private org.apache.spark.sql.catalyst.expressions.codegen.UnsafeRowWriter[] mutableStateArray_0 = new org.apache.spark.sql.catalyst.expressions.codegen.UnsafeRowWriter[1];
/* 009 */
/* 010 */   public SpecificUnsafeProjection(Object[] references) {
/* 011 */     this.references = references;
/* 012 */     mutableStateArray_0[0] = new org.apache.spark.sql.catalyst.expressions.codegen.UnsafeRowWriter(1, 0);
/* 013 */
/* 014 */   }
/* 015 */
/* 016 */   public void initialize(int partitionIndex) {
/* 017 */
/* 018 */   }
/* 019 */
/* 020 */   // Scala.Function1 need this
/* 021 */   public java.lang.Object apply(java.lang.Object row) {
/* 022 */     return apply((InternalRow) row);
/* 023 */   }
/* 024 */
/* 025 */   public UnsafeRow apply(InternalRow i) {
/* 026 */     mutableStateArray_0[0].reset();
/* 027 */
/* 028 */
/* 029 */     mutableStateArray_0[0].zeroOutNullBytes();
/* 030 */
/* 031 */     boolean isNull_0 = false;
/* 032 */     int value_0 = -1;
/* 033 */     if (200 == 0) {
/* 034 */       throw QueryExecutionErrors.divideByZeroError(((org.apache.spark.sql.catalyst.trees.SQLQueryContext) references[0] /* errCtx */));
/* 035 */     } else {
/* 036 */       int value_1 = 42;
/* 037 */       boolean isNull_2 = i.isNullAt(0);
/* 038 */       long value_2 = isNull_2 ?
/* 039 */       -1L : (i.getLong(0));
/* 040 */       if (!isNull_2) {
/* 041 */         value_1 = org.apache.spark.unsafe.hash.Murmur3_x86_32.hashLong(value_2, value_1);
/* 042 */       }
/* 043 */
/* 044 */       int remainder_0 = value_1 % 200;
/* 045 */       if (remainder_0 < 0) {
/* 046 */         value_0=(remainder_0 + 200) % 200;
/* 047 */       } else {
/* 048 */         value_0=remainder_0;
/* 049 */       }
/* 050 */
/* 051 */     }
/* 052 */     if (isNull_0) {
/* 053 */       mutableStateArray_0[0].setNullAt(0);
/* 054 */     } else {
/* 055 */       mutableStateArray_0[0].write(0, value_0);
/* 056 */     }
/* 057 */     return (mutableStateArray_0[0].getRow());
/* 058 */   }
/* 059 */
/* 060 */
/* 061 */ }

2025-10-31 10:50:58 INFO  CodeGenerator:190 - Code generated in 11.934018 ms
2025-10-31 10:50:58 INFO  SecurityManager:190 - Changing view acls to: aditya
2025-10-31 10:50:58 INFO  SecurityManager:190 - Changing modify acls to: aditya
2025-10-31 10:50:58 INFO  SecurityManager:190 - Changing view acls groups to: aditya
2025-10-31 10:50:58 INFO  SecurityManager:190 - Changing modify acls groups to: aditya
2025-10-31 10:50:58 INFO  SecurityManager:190 - SecurityManager: authentication disabled; ui acls disabled; users with view permissions: aditya groups with view permissions: EMPTY; users with modify permissions: aditya; groups with modify permissions: EMPTY; RPC SSL disabled
2025-10-31 10:50:58 DEBUG SecurityManager:204 - Created SSL options for rpc: SSLOptions{enabled=false, port=None, keyStore=None, keyStorePassword=None, privateKey=None, keyPassword=None, privateKeyPassword=None, keyStoreType=None, needClientAuth=false, certChain=None, trustStore=None, trustStorePassword=None, trustStoreReloadIntervalMs=10000, trustStoreReloadingEnabled=false, openSSLEnabled=false, protocol=None, enabledAlgorithms=Set()}
2025-10-31 10:50:58 DEBUG GenerateUnsafeProjection:204 - code for 0.0,0:
/* 001 */ public java.lang.Object generate(Object[] references) {
/* 002 */   return new SpecificUnsafeProjection(references);
/* 003 */ }
/* 004 */
/* 005 */ class SpecificUnsafeProjection extends org.apache.spark.sql.catalyst.expressions.UnsafeProjection {
/* 006 */
/* 007 */   private Object[] references;
/* 008 */   private org.apache.spark.sql.catalyst.expressions.codegen.UnsafeRowWriter[] mutableStateArray_0 = new org.apache.spark.sql.catalyst.expressions.codegen.UnsafeRowWriter[1];
/* 009 */
/* 010 */   public SpecificUnsafeProjection(Object[] references) {
/* 011 */     this.references = references;
/* 012 */     mutableStateArray_0[0] = new org.apache.spark.sql.catalyst.expressions.codegen.UnsafeRowWriter(2, 0);
/* 013 */
/* 014 */   }
/* 015 */
/* 016 */   public void initialize(int partitionIndex) {
/* 017 */
/* 018 */   }
/* 019 */
/* 020 */   // Scala.Function1 need this
/* 021 */   public java.lang.Object apply(java.lang.Object row) {
/* 022 */     return apply((InternalRow) row);
/* 023 */   }
/* 024 */
/* 025 */   public UnsafeRow apply(InternalRow i) {
/* 026 */     mutableStateArray_0[0].reset();
/* 027 */
/* 028 */
/* 029 */
/* 030 */
/* 031 */
/* 032 */     mutableStateArray_0[0].write(0, 0.0D);
/* 033 */
/* 034 */
/* 035 */     mutableStateArray_0[0].write(1, 0L);
/* 036 */     return (mutableStateArray_0[0].getRow());
/* 037 */   }
/* 038 */
/* 039 */
/* 040 */ }

2025-10-31 10:50:58 DEBUG GenerateUnsafeProjection:204 - code for 0.0,0:
/* 001 */ public java.lang.Object generate(Object[] references) {
/* 002 */   return new SpecificUnsafeProjection(references);
/* 003 */ }
/* 004 */
/* 005 */ class SpecificUnsafeProjection extends org.apache.spark.sql.catalyst.expressions.UnsafeProjection {
/* 006 */
/* 007 */   private Object[] references;
/* 008 */   private org.apache.spark.sql.catalyst.expressions.codegen.UnsafeRowWriter[] mutableStateArray_0 = new org.apache.spark.sql.catalyst.expressions.codegen.UnsafeRowWriter[1];
/* 009 */
/* 010 */   public SpecificUnsafeProjection(Object[] references) {
/* 011 */     this.references = references;
/* 012 */     mutableStateArray_0[0] = new org.apache.spark.sql.catalyst.expressions.codegen.UnsafeRowWriter(2, 0);
/* 013 */
/* 014 */   }
/* 015 */
/* 016 */   public void initialize(int partitionIndex) {
/* 017 */
/* 018 */   }
/* 019 */
/* 020 */   // Scala.Function1 need this
/* 021 */   public java.lang.Object apply(java.lang.Object row) {
/* 022 */     return apply((InternalRow) row);
/* 023 */   }
/* 024 */
/* 025 */   public UnsafeRow apply(InternalRow i) {
/* 026 */     mutableStateArray_0[0].reset();
/* 027 */
/* 028 */
/* 029 */
/* 030 */
/* 031 */
/* 032 */     mutableStateArray_0[0].write(0, 0.0D);
/* 033 */
/* 034 */
/* 035 */     mutableStateArray_0[0].write(1, 0L);
/* 036 */     return (mutableStateArray_0[0].getRow());
/* 037 */   }
/* 038 */
/* 039 */
/* 040 */ }

2025-10-31 10:50:58 DEBUG GenerateUnsafeProjection:204 - code for 0.0,0:
/* 001 */ public java.lang.Object generate(Object[] references) {
/* 002 */   return new SpecificUnsafeProjection(references);
/* 003 */ }
/* 004 */
/* 005 */ class SpecificUnsafeProjection extends org.apache.spark.sql.catalyst.expressions.UnsafeProjection {
/* 006 */
/* 007 */   private Object[] references;
/* 008 */   private org.apache.spark.sql.catalyst.expressions.codegen.UnsafeRowWriter[] mutableStateArray_0 = new org.apache.spark.sql.catalyst.expressions.codegen.UnsafeRowWriter[1];
/* 009 */
/* 010 */   public SpecificUnsafeProjection(Object[] references) {
/* 011 */     this.references = references;
/* 012 */     mutableStateArray_0[0] = new org.apache.spark.sql.catalyst.expressions.codegen.UnsafeRowWriter(2, 0);
/* 013 */
/* 014 */   }
/* 015 */
/* 016 */   public void initialize(int partitionIndex) {
/* 017 */
/* 018 */   }
/* 019 */
/* 020 */   // Scala.Function1 need this
/* 021 */   public java.lang.Object apply(java.lang.Object row) {
/* 022 */     return apply((InternalRow) row);
/* 023 */   }
/* 024 */
/* 025 */   public UnsafeRow apply(InternalRow i) {
/* 026 */     mutableStateArray_0[0].reset();
/* 027 */
/* 028 */
/* 029 */
/* 030 */
/* 031 */
/* 032 */     mutableStateArray_0[0].write(0, 0.0D);
/* 033 */
/* 034 */
/* 035 */     mutableStateArray_0[0].write(1, 0L);
/* 036 */     return (mutableStateArray_0[0].getRow());
/* 037 */   }
/* 038 */
/* 039 */
/* 040 */ }

2025-10-31 10:50:58 DEBUG GenerateUnsafeProjection:204 - code for 0.0,0:
/* 001 */ public java.lang.Object generate(Object[] references) {
/* 002 */   return new SpecificUnsafeProjection(references);
/* 003 */ }
/* 004 */
/* 005 */ class SpecificUnsafeProjection extends org.apache.spark.sql.catalyst.expressions.UnsafeProjection {
/* 006 */
/* 007 */   private Object[] references;
/* 008 */   private org.apache.spark.sql.catalyst.expressions.codegen.UnsafeRowWriter[] mutableStateArray_0 = new org.apache.spark.sql.catalyst.expressions.codegen.UnsafeRowWriter[1];
/* 009 */
/* 010 */   public SpecificUnsafeProjection(Object[] references) {
/* 011 */     this.references = references;
/* 012 */     mutableStateArray_0[0] = new org.apache.spark.sql.catalyst.expressions.codegen.UnsafeRowWriter(2, 0);
/* 013 */
/* 014 */   }
/* 015 */
/* 016 */   public void initialize(int partitionIndex) {
/* 017 */
/* 018 */   }
/* 019 */
/* 020 */   // Scala.Function1 need this
/* 021 */   public java.lang.Object apply(java.lang.Object row) {
/* 022 */     return apply((InternalRow) row);
/* 023 */   }
/* 024 */
/* 025 */   public UnsafeRow apply(InternalRow i) {
/* 026 */     mutableStateArray_0[0].reset();
/* 027 */
/* 028 */
/* 029 */
/* 030 */
/* 031 */
/* 032 */     mutableStateArray_0[0].write(0, 0.0D);
/* 033 */
/* 034 */
/* 035 */     mutableStateArray_0[0].write(1, 0L);
/* 036 */     return (mutableStateArray_0[0].getRow());
/* 037 */   }
/* 038 */
/* 039 */
/* 040 */ }

2025-10-31 10:50:58 DEBUG GenerateUnsafeProjection:204 - code for 0.0,0:
/* 001 */ public java.lang.Object generate(Object[] references) {
/* 002 */   return new SpecificUnsafeProjection(references);
/* 003 */ }
/* 004 */
/* 005 */ class SpecificUnsafeProjection extends org.apache.spark.sql.catalyst.expressions.UnsafeProjection {
/* 006 */
/* 007 */   private Object[] references;
/* 008 */   private org.apache.spark.sql.catalyst.expressions.codegen.UnsafeRowWriter[] mutableStateArray_0 = new org.apache.spark.sql.catalyst.expressions.codegen.UnsafeRowWriter[1];
/* 009 */
/* 010 */   public SpecificUnsafeProjection(Object[] references) {
/* 011 */     this.references = references;
/* 012 */     mutableStateArray_0[0] = new org.apache.spark.sql.catalyst.expressions.codegen.UnsafeRowWriter(2, 0);
/* 013 */
/* 014 */   }
/* 015 */
/* 016 */   public void initialize(int partitionIndex) {
/* 017 */
/* 018 */   }
/* 019 */
/* 020 */   // Scala.Function1 need this
/* 021 */   public java.lang.Object apply(java.lang.Object row) {
/* 022 */     return apply((InternalRow) row);
/* 023 */   }
/* 024 */
/* 025 */   public UnsafeRow apply(InternalRow i) {
/* 026 */     mutableStateArray_0[0].reset();
/* 027 */
/* 028 */
/* 029 */
/* 030 */
/* 031 */
/* 032 */     mutableStateArray_0[0].write(0, 0.0D);
/* 033 */
/* 034 */
/* 035 */     mutableStateArray_0[0].write(1, 0L);
/* 036 */     return (mutableStateArray_0[0].getRow());
/* 037 */   }
/* 038 */
/* 039 */
/* 040 */ }

2025-10-31 10:50:58 DEBUG CodeGenerator:204 - 
/* 001 */ public java.lang.Object generate(Object[] references) {
/* 002 */   return new SpecificUnsafeProjection(references);
/* 003 */ }
/* 004 */
/* 005 */ class SpecificUnsafeProjection extends org.apache.spark.sql.catalyst.expressions.UnsafeProjection {
/* 006 */
/* 007 */   private Object[] references;
/* 008 */   private org.apache.spark.sql.catalyst.expressions.codegen.UnsafeRowWriter[] mutableStateArray_0 = new org.apache.spark.sql.catalyst.expressions.codegen.UnsafeRowWriter[1];
/* 009 */
/* 010 */   public SpecificUnsafeProjection(Object[] references) {
/* 011 */     this.references = references;
/* 012 */     mutableStateArray_0[0] = new org.apache.spark.sql.catalyst.expressions.codegen.UnsafeRowWriter(2, 0);
/* 013 */
/* 014 */   }
/* 015 */
/* 016 */   public void initialize(int partitionIndex) {
/* 017 */
/* 018 */   }
/* 019 */
/* 020 */   // Scala.Function1 need this
/* 021 */   public java.lang.Object apply(java.lang.Object row) {
/* 022 */     return apply((InternalRow) row);
/* 023 */   }
/* 024 */
/* 025 */   public UnsafeRow apply(InternalRow i) {
/* 026 */     mutableStateArray_0[0].reset();
/* 027 */
/* 028 */
/* 029 */
/* 030 */
/* 031 */
/* 032 */     mutableStateArray_0[0].write(0, 0.0D);
/* 033 */
/* 034 */
/* 035 */     mutableStateArray_0[0].write(1, 0L);
/* 036 */     return (mutableStateArray_0[0].getRow());
/* 037 */   }
/* 038 */
/* 039 */
/* 040 */ }

2025-10-31 10:50:58 DEBUG GenerateUnsafeProjection:204 - code for 0.0,0:
/* 001 */ public java.lang.Object generate(Object[] references) {
/* 002 */   return new SpecificUnsafeProjection(references);
/* 003 */ }
/* 004 */
/* 005 */ class SpecificUnsafeProjection extends org.apache.spark.sql.catalyst.expressions.UnsafeProjection {
/* 006 */
/* 007 */   private Object[] references;
/* 008 */   private org.apache.spark.sql.catalyst.expressions.codegen.UnsafeRowWriter[] mutableStateArray_0 = new org.apache.spark.sql.catalyst.expressions.codegen.UnsafeRowWriter[1];
/* 009 */
/* 010 */   public SpecificUnsafeProjection(Object[] references) {
/* 011 */     this.references = references;
/* 012 */     mutableStateArray_0[0] = new org.apache.spark.sql.catalyst.expressions.codegen.UnsafeRowWriter(2, 0);
/* 013 */
/* 014 */   }
/* 015 */
/* 016 */   public void initialize(int partitionIndex) {
/* 017 */
/* 018 */   }
/* 019 */
/* 020 */   // Scala.Function1 need this
/* 021 */   public java.lang.Object apply(java.lang.Object row) {
/* 022 */     return apply((InternalRow) row);
/* 023 */   }
/* 024 */
/* 025 */   public UnsafeRow apply(InternalRow i) {
/* 026 */     mutableStateArray_0[0].reset();
/* 027 */
/* 028 */
/* 029 */
/* 030 */
/* 031 */
/* 032 */     mutableStateArray_0[0].write(0, 0.0D);
/* 033 */
/* 034 */
/* 035 */     mutableStateArray_0[0].write(1, 0L);
/* 036 */     return (mutableStateArray_0[0].getRow());
/* 037 */   }
/* 038 */
/* 039 */
/* 040 */ }

2025-10-31 10:50:58 DEBUG GenerateUnsafeProjection:204 - code for 0.0,0:
/* 001 */ public java.lang.Object generate(Object[] references) {
/* 002 */   return new SpecificUnsafeProjection(references);
/* 003 */ }
/* 004 */
/* 005 */ class SpecificUnsafeProjection extends org.apache.spark.sql.catalyst.expressions.UnsafeProjection {
/* 006 */
/* 007 */   private Object[] references;
/* 008 */   private org.apache.spark.sql.catalyst.expressions.codegen.UnsafeRowWriter[] mutableStateArray_0 = new org.apache.spark.sql.catalyst.expressions.codegen.UnsafeRowWriter[1];
/* 009 */
/* 010 */   public SpecificUnsafeProjection(Object[] references) {
/* 011 */     this.references = references;
/* 012 */     mutableStateArray_0[0] = new org.apache.spark.sql.catalyst.expressions.codegen.UnsafeRowWriter(2, 0);
/* 013 */
/* 014 */   }
/* 015 */
/* 016 */   public void initialize(int partitionIndex) {
/* 017 */
/* 018 */   }
/* 019 */
/* 020 */   // Scala.Function1 need this
/* 021 */   public java.lang.Object apply(java.lang.Object row) {
/* 022 */     return apply((InternalRow) row);
/* 023 */   }
/* 024 */
/* 025 */   public UnsafeRow apply(InternalRow i) {
/* 026 */     mutableStateArray_0[0].reset();
/* 027 */
/* 028 */
/* 029 */
/* 030 */
/* 031 */
/* 032 */     mutableStateArray_0[0].write(0, 0.0D);
/* 033 */
/* 034 */
/* 035 */     mutableStateArray_0[0].write(1, 0L);
/* 036 */     return (mutableStateArray_0[0].getRow());
/* 037 */   }
/* 038 */
/* 039 */
/* 040 */ }

2025-10-31 10:50:58 DEBUG GenerateUnsafeProjection:204 - code for 0.0,0:
/* 001 */ public java.lang.Object generate(Object[] references) {
/* 002 */   return new SpecificUnsafeProjection(references);
/* 003 */ }
/* 004 */
/* 005 */ class SpecificUnsafeProjection extends org.apache.spark.sql.catalyst.expressions.UnsafeProjection {
/* 006 */
/* 007 */   private Object[] references;
/* 008 */   private org.apache.spark.sql.catalyst.expressions.codegen.UnsafeRowWriter[] mutableStateArray_0 = new org.apache.spark.sql.catalyst.expressions.codegen.UnsafeRowWriter[1];
/* 009 */
/* 010 */   public SpecificUnsafeProjection(Object[] references) {
/* 011 */     this.references = references;
/* 012 */     mutableStateArray_0[0] = new org.apache.spark.sql.catalyst.expressions.codegen.UnsafeRowWriter(2, 0);
/* 013 */
/* 014 */   }
/* 015 */
/* 016 */   public void initialize(int partitionIndex) {
/* 017 */
/* 018 */   }
/* 019 */
/* 020 */   // Scala.Function1 need this
/* 021 */   public java.lang.Object apply(java.lang.Object row) {
/* 022 */     return apply((InternalRow) row);
/* 023 */   }
/* 024 */
/* 025 */   public UnsafeRow apply(InternalRow i) {
/* 026 */     mutableStateArray_0[0].reset();
/* 027 */
/* 028 */
/* 029 */
/* 030 */
/* 031 */
/* 032 */     mutableStateArray_0[0].write(0, 0.0D);
/* 033 */
/* 034 */
/* 035 */     mutableStateArray_0[0].write(1, 0L);
/* 036 */     return (mutableStateArray_0[0].getRow());
/* 037 */   }
/* 038 */
/* 039 */
/* 040 */ }

2025-10-31 10:50:58 INFO  CodeGenerator:190 - Code generated in 7.545117 ms
2025-10-31 10:50:58 DEBUG TaskMemoryManager:184 - Task 14 acquired 2048.0 KiB for org.apache.spark.sql.catalyst.expressions.FixedLengthRowBasedKeyValueBatch@54abdd5e
2025-10-31 10:50:58 DEBUG TaskMemoryManager:184 - Task 13 acquired 2048.0 KiB for org.apache.spark.sql.catalyst.expressions.FixedLengthRowBasedKeyValueBatch@52c99fdc
2025-10-31 10:50:58 DEBUG TaskMemoryManager:184 - Task 15 acquired 2048.0 KiB for org.apache.spark.sql.catalyst.expressions.FixedLengthRowBasedKeyValueBatch@5f00728c
2025-10-31 10:50:58 DEBUG TaskMemoryManager:184 - Task 10 acquired 2048.0 KiB for org.apache.spark.sql.catalyst.expressions.FixedLengthRowBasedKeyValueBatch@76e9e0f6
2025-10-31 10:50:58 DEBUG TaskMemoryManager:184 - Task 11 acquired 2048.0 KiB for org.apache.spark.sql.catalyst.expressions.FixedLengthRowBasedKeyValueBatch@7c01a7ce
2025-10-31 10:50:58 DEBUG TaskMemoryManager:184 - Task 8 acquired 2048.0 KiB for org.apache.spark.sql.catalyst.expressions.FixedLengthRowBasedKeyValueBatch@16a3c555
2025-10-31 10:50:58 DEBUG TaskMemoryManager:184 - Task 9 acquired 2048.0 KiB for org.apache.spark.sql.catalyst.expressions.FixedLengthRowBasedKeyValueBatch@78f70e09
2025-10-31 10:50:58 DEBUG TaskMemoryManager:184 - Task 12 acquired 2048.0 KiB for org.apache.spark.sql.catalyst.expressions.FixedLengthRowBasedKeyValueBatch@346dd9f6
2025-10-31 10:50:58 DEBUG GenerateUnsafeProjection:204 - code for input[0, double, true],input[1, bigint, true]:
/* 001 */ public java.lang.Object generate(Object[] references) {
/* 002 */   return new SpecificUnsafeProjection(references);
/* 003 */ }
/* 004 */
/* 005 */ class SpecificUnsafeProjection extends org.apache.spark.sql.catalyst.expressions.UnsafeProjection {
/* 006 */
/* 007 */   private Object[] references;
/* 008 */   private org.apache.spark.sql.catalyst.expressions.codegen.UnsafeRowWriter[] mutableStateArray_0 = new org.apache.spark.sql.catalyst.expressions.codegen.UnsafeRowWriter[1];
/* 009 */
/* 010 */   public SpecificUnsafeProjection(Object[] references) {
/* 011 */     this.references = references;
/* 012 */     mutableStateArray_0[0] = new org.apache.spark.sql.catalyst.expressions.codegen.UnsafeRowWriter(2, 0);
/* 013 */
/* 014 */   }
/* 015 */
/* 016 */   public void initialize(int partitionIndex) {
/* 017 */
/* 018 */   }
/* 019 */
/* 020 */   // Scala.Function1 need this
/* 021 */   public java.lang.Object apply(java.lang.Object row) {
/* 022 */     return apply((InternalRow) row);
/* 023 */   }
/* 024 */
/* 025 */   public UnsafeRow apply(InternalRow i) {
/* 026 */     mutableStateArray_0[0].reset();
/* 027 */
/* 028 */
/* 029 */     mutableStateArray_0[0].zeroOutNullBytes();
/* 030 */
/* 031 */     boolean isNull_0 = i.isNullAt(0);
/* 032 */     double value_0 = isNull_0 ?
/* 033 */     -1.0 : (i.getDouble(0));
/* 034 */     if (isNull_0) {
/* 035 */       mutableStateArray_0[0].setNullAt(0);
/* 036 */     } else {
/* 037 */       mutableStateArray_0[0].write(0, value_0);
/* 038 */     }
/* 039 */
/* 040 */     boolean isNull_1 = i.isNullAt(1);
/* 041 */     long value_1 = isNull_1 ?
/* 042 */     -1L : (i.getLong(1));
/* 043 */     if (isNull_1) {
/* 044 */       mutableStateArray_0[0].setNullAt(1);
/* 045 */     } else {
/* 046 */       mutableStateArray_0[0].write(1, value_1);
/* 047 */     }
/* 048 */     return (mutableStateArray_0[0].getRow());
/* 049 */   }
/* 050 */
/* 051 */
/* 052 */ }

2025-10-31 10:50:58 DEBUG GenerateUnsafeProjection:204 - code for input[0, double, true],input[1, bigint, true]:
/* 001 */ public java.lang.Object generate(Object[] references) {
/* 002 */   return new SpecificUnsafeProjection(references);
/* 003 */ }
/* 004 */
/* 005 */ class SpecificUnsafeProjection extends org.apache.spark.sql.catalyst.expressions.UnsafeProjection {
/* 006 */
/* 007 */   private Object[] references;
/* 008 */   private org.apache.spark.sql.catalyst.expressions.codegen.UnsafeRowWriter[] mutableStateArray_0 = new org.apache.spark.sql.catalyst.expressions.codegen.UnsafeRowWriter[1];
/* 009 */
/* 010 */   public SpecificUnsafeProjection(Object[] references) {
/* 011 */     this.references = references;
/* 012 */     mutableStateArray_0[0] = new org.apache.spark.sql.catalyst.expressions.codegen.UnsafeRowWriter(2, 0);
/* 013 */
/* 014 */   }
/* 015 */
/* 016 */   public void initialize(int partitionIndex) {
/* 017 */
/* 018 */   }
/* 019 */
/* 020 */   // Scala.Function1 need this
/* 021 */   public java.lang.Object apply(java.lang.Object row) {
/* 022 */     return apply((InternalRow) row);
/* 023 */   }
/* 024 */
/* 025 */   public UnsafeRow apply(InternalRow i) {
/* 026 */     mutableStateArray_0[0].reset();
/* 027 */
/* 028 */
/* 029 */     mutableStateArray_0[0].zeroOutNullBytes();
/* 030 */
/* 031 */     boolean isNull_0 = i.isNullAt(0);
/* 032 */     double value_0 = isNull_0 ?
/* 033 */     -1.0 : (i.getDouble(0));
/* 034 */     if (isNull_0) {
/* 035 */       mutableStateArray_0[0].setNullAt(0);
/* 036 */     } else {
/* 037 */       mutableStateArray_0[0].write(0, value_0);
/* 038 */     }
/* 039 */
/* 040 */     boolean isNull_1 = i.isNullAt(1);
/* 041 */     long value_1 = isNull_1 ?
/* 042 */     -1L : (i.getLong(1));
/* 043 */     if (isNull_1) {
/* 044 */       mutableStateArray_0[0].setNullAt(1);
/* 045 */     } else {
/* 046 */       mutableStateArray_0[0].write(1, value_1);
/* 047 */     }
/* 048 */     return (mutableStateArray_0[0].getRow());
/* 049 */   }
/* 050 */
/* 051 */
/* 052 */ }

2025-10-31 10:50:58 DEBUG GenerateUnsafeProjection:204 - code for input[0, double, true],input[1, bigint, true]:
/* 001 */ public java.lang.Object generate(Object[] references) {
/* 002 */   return new SpecificUnsafeProjection(references);
/* 003 */ }
/* 004 */
/* 005 */ class SpecificUnsafeProjection extends org.apache.spark.sql.catalyst.expressions.UnsafeProjection {
/* 006 */
/* 007 */   private Object[] references;
/* 008 */   private org.apache.spark.sql.catalyst.expressions.codegen.UnsafeRowWriter[] mutableStateArray_0 = new org.apache.spark.sql.catalyst.expressions.codegen.UnsafeRowWriter[1];
/* 009 */
/* 010 */   public SpecificUnsafeProjection(Object[] references) {
/* 011 */     this.references = references;
/* 012 */     mutableStateArray_0[0] = new org.apache.spark.sql.catalyst.expressions.codegen.UnsafeRowWriter(2, 0);
/* 013 */
/* 014 */   }
/* 015 */
/* 016 */   public void initialize(int partitionIndex) {
/* 017 */
/* 018 */   }
/* 019 */
/* 020 */   // Scala.Function1 need this
/* 021 */   public java.lang.Object apply(java.lang.Object row) {
/* 022 */     return apply((InternalRow) row);
/* 023 */   }
/* 024 */
/* 025 */   public UnsafeRow apply(InternalRow i) {
/* 026 */     mutableStateArray_0[0].reset();
/* 027 */
/* 028 */
/* 029 */     mutableStateArray_0[0].zeroOutNullBytes();
/* 030 */
/* 031 */     boolean isNull_0 = i.isNullAt(0);
/* 032 */     double value_0 = isNull_0 ?
/* 033 */     -1.0 : (i.getDouble(0));
/* 034 */     if (isNull_0) {
/* 035 */       mutableStateArray_0[0].setNullAt(0);
/* 036 */     } else {
/* 037 */       mutableStateArray_0[0].write(0, value_0);
/* 038 */     }
/* 039 */
/* 040 */     boolean isNull_1 = i.isNullAt(1);
/* 041 */     long value_1 = isNull_1 ?
/* 042 */     -1L : (i.getLong(1));
/* 043 */     if (isNull_1) {
/* 044 */       mutableStateArray_0[0].setNullAt(1);
/* 045 */     } else {
/* 046 */       mutableStateArray_0[0].write(1, value_1);
/* 047 */     }
/* 048 */     return (mutableStateArray_0[0].getRow());
/* 049 */   }
/* 050 */
/* 051 */
/* 052 */ }

2025-10-31 10:50:58 DEBUG GenerateUnsafeProjection:204 - code for input[0, double, true],input[1, bigint, true]:
/* 001 */ public java.lang.Object generate(Object[] references) {
/* 002 */   return new SpecificUnsafeProjection(references);
/* 003 */ }
/* 004 */
/* 005 */ class SpecificUnsafeProjection extends org.apache.spark.sql.catalyst.expressions.UnsafeProjection {
/* 006 */
/* 007 */   private Object[] references;
/* 008 */   private org.apache.spark.sql.catalyst.expressions.codegen.UnsafeRowWriter[] mutableStateArray_0 = new org.apache.spark.sql.catalyst.expressions.codegen.UnsafeRowWriter[1];
/* 009 */
/* 010 */   public SpecificUnsafeProjection(Object[] references) {
/* 011 */     this.references = references;
/* 012 */     mutableStateArray_0[0] = new org.apache.spark.sql.catalyst.expressions.codegen.UnsafeRowWriter(2, 0);
/* 013 */
/* 014 */   }
/* 015 */
/* 016 */   public void initialize(int partitionIndex) {
/* 017 */
/* 018 */   }
/* 019 */
/* 020 */   // Scala.Function1 need this
/* 021 */   public java.lang.Object apply(java.lang.Object row) {
/* 022 */     return apply((InternalRow) row);
/* 023 */   }
/* 024 */
/* 025 */   public UnsafeRow apply(InternalRow i) {
/* 026 */     mutableStateArray_0[0].reset();
/* 027 */
/* 028 */
/* 029 */     mutableStateArray_0[0].zeroOutNullBytes();
/* 030 */
/* 031 */     boolean isNull_0 = i.isNullAt(0);
/* 032 */     double value_0 = isNull_0 ?
/* 033 */     -1.0 : (i.getDouble(0));
/* 034 */     if (isNull_0) {
/* 035 */       mutableStateArray_0[0].setNullAt(0);
/* 036 */     } else {
/* 037 */       mutableStateArray_0[0].write(0, value_0);
/* 038 */     }
/* 039 */
/* 040 */     boolean isNull_1 = i.isNullAt(1);
/* 041 */     long value_1 = isNull_1 ?
/* 042 */     -1L : (i.getLong(1));
/* 043 */     if (isNull_1) {
/* 044 */       mutableStateArray_0[0].setNullAt(1);
/* 045 */     } else {
/* 046 */       mutableStateArray_0[0].write(1, value_1);
/* 047 */     }
/* 048 */     return (mutableStateArray_0[0].getRow());
/* 049 */   }
/* 050 */
/* 051 */
/* 052 */ }

2025-10-31 10:50:58 DEBUG GenerateUnsafeProjection:204 - code for input[0, double, true],input[1, bigint, true]:
/* 001 */ public java.lang.Object generate(Object[] references) {
/* 002 */   return new SpecificUnsafeProjection(references);
/* 003 */ }
/* 004 */
/* 005 */ class SpecificUnsafeProjection extends org.apache.spark.sql.catalyst.expressions.UnsafeProjection {
/* 006 */
/* 007 */   private Object[] references;
/* 008 */   private org.apache.spark.sql.catalyst.expressions.codegen.UnsafeRowWriter[] mutableStateArray_0 = new org.apache.spark.sql.catalyst.expressions.codegen.UnsafeRowWriter[1];
/* 009 */
/* 010 */   public SpecificUnsafeProjection(Object[] references) {
/* 011 */     this.references = references;
/* 012 */     mutableStateArray_0[0] = new org.apache.spark.sql.catalyst.expressions.codegen.UnsafeRowWriter(2, 0);
/* 013 */
/* 014 */   }
/* 015 */
/* 016 */   public void initialize(int partitionIndex) {
/* 017 */
/* 018 */   }
/* 019 */
/* 020 */   // Scala.Function1 need this
/* 021 */   public java.lang.Object apply(java.lang.Object row) {
/* 022 */     return apply((InternalRow) row);
/* 023 */   }
/* 024 */
/* 025 */   public UnsafeRow apply(InternalRow i) {
/* 026 */     mutableStateArray_0[0].reset();
/* 027 */
/* 028 */
/* 029 */     mutableStateArray_0[0].zeroOutNullBytes();
/* 030 */
/* 031 */     boolean isNull_0 = i.isNullAt(0);
/* 032 */     double value_0 = isNull_0 ?
/* 033 */     -1.0 : (i.getDouble(0));
/* 034 */     if (isNull_0) {
/* 035 */       mutableStateArray_0[0].setNullAt(0);
/* 036 */     } else {
/* 037 */       mutableStateArray_0[0].write(0, value_0);
/* 038 */     }
/* 039 */
/* 040 */     boolean isNull_1 = i.isNullAt(1);
/* 041 */     long value_1 = isNull_1 ?
/* 042 */     -1L : (i.getLong(1));
/* 043 */     if (isNull_1) {
/* 044 */       mutableStateArray_0[0].setNullAt(1);
/* 045 */     } else {
/* 046 */       mutableStateArray_0[0].write(1, value_1);
/* 047 */     }
/* 048 */     return (mutableStateArray_0[0].getRow());
/* 049 */   }
/* 050 */
/* 051 */
/* 052 */ }

2025-10-31 10:50:58 DEBUG GenerateUnsafeProjection:204 - code for input[0, double, true],input[1, bigint, true]:
/* 001 */ public java.lang.Object generate(Object[] references) {
/* 002 */   return new SpecificUnsafeProjection(references);
/* 003 */ }
/* 004 */
/* 005 */ class SpecificUnsafeProjection extends org.apache.spark.sql.catalyst.expressions.UnsafeProjection {
/* 006 */
/* 007 */   private Object[] references;
/* 008 */   private org.apache.spark.sql.catalyst.expressions.codegen.UnsafeRowWriter[] mutableStateArray_0 = new org.apache.spark.sql.catalyst.expressions.codegen.UnsafeRowWriter[1];
/* 009 */
/* 010 */   public SpecificUnsafeProjection(Object[] references) {
/* 011 */     this.references = references;
/* 012 */     mutableStateArray_0[0] = new org.apache.spark.sql.catalyst.expressions.codegen.UnsafeRowWriter(2, 0);
/* 013 */
/* 014 */   }
/* 015 */
/* 016 */   public void initialize(int partitionIndex) {
/* 017 */
/* 018 */   }
/* 019 */
/* 020 */   // Scala.Function1 need this
/* 021 */   public java.lang.Object apply(java.lang.Object row) {
/* 022 */     return apply((InternalRow) row);
/* 023 */   }
/* 024 */
/* 025 */   public UnsafeRow apply(InternalRow i) {
/* 026 */     mutableStateArray_0[0].reset();
/* 027 */
/* 028 */
/* 029 */     mutableStateArray_0[0].zeroOutNullBytes();
/* 030 */
/* 031 */     boolean isNull_0 = i.isNullAt(0);
/* 032 */     double value_0 = isNull_0 ?
/* 033 */     -1.0 : (i.getDouble(0));
/* 034 */     if (isNull_0) {
/* 035 */       mutableStateArray_0[0].setNullAt(0);
/* 036 */     } else {
/* 037 */       mutableStateArray_0[0].write(0, value_0);
/* 038 */     }
/* 039 */
/* 040 */     boolean isNull_1 = i.isNullAt(1);
/* 041 */     long value_1 = isNull_1 ?
/* 042 */     -1L : (i.getLong(1));
/* 043 */     if (isNull_1) {
/* 044 */       mutableStateArray_0[0].setNullAt(1);
/* 045 */     } else {
/* 046 */       mutableStateArray_0[0].write(1, value_1);
/* 047 */     }
/* 048 */     return (mutableStateArray_0[0].getRow());
/* 049 */   }
/* 050 */
/* 051 */
/* 052 */ }

2025-10-31 10:50:58 DEBUG GenerateUnsafeProjection:204 - code for input[0, double, true],input[1, bigint, true]:
/* 001 */ public java.lang.Object generate(Object[] references) {
/* 002 */   return new SpecificUnsafeProjection(references);
/* 003 */ }
/* 004 */
/* 005 */ class SpecificUnsafeProjection extends org.apache.spark.sql.catalyst.expressions.UnsafeProjection {
/* 006 */
/* 007 */   private Object[] references;
/* 008 */   private org.apache.spark.sql.catalyst.expressions.codegen.UnsafeRowWriter[] mutableStateArray_0 = new org.apache.spark.sql.catalyst.expressions.codegen.UnsafeRowWriter[1];
/* 009 */
/* 010 */   public SpecificUnsafeProjection(Object[] references) {
/* 011 */     this.references = references;
/* 012 */     mutableStateArray_0[0] = new org.apache.spark.sql.catalyst.expressions.codegen.UnsafeRowWriter(2, 0);
/* 013 */
/* 014 */   }
/* 015 */
/* 016 */   public void initialize(int partitionIndex) {
/* 017 */
/* 018 */   }
/* 019 */
/* 020 */   // Scala.Function1 need this
/* 021 */   public java.lang.Object apply(java.lang.Object row) {
/* 022 */     return apply((InternalRow) row);
/* 023 */   }
/* 024 */
/* 025 */   public UnsafeRow apply(InternalRow i) {
/* 026 */     mutableStateArray_0[0].reset();
/* 027 */
/* 028 */
/* 029 */     mutableStateArray_0[0].zeroOutNullBytes();
/* 030 */
/* 031 */     boolean isNull_0 = i.isNullAt(0);
/* 032 */     double value_0 = isNull_0 ?
/* 033 */     -1.0 : (i.getDouble(0));
/* 034 */     if (isNull_0) {
/* 035 */       mutableStateArray_0[0].setNullAt(0);
/* 036 */     } else {
/* 037 */       mutableStateArray_0[0].write(0, value_0);
/* 038 */     }
/* 039 */
/* 040 */     boolean isNull_1 = i.isNullAt(1);
/* 041 */     long value_1 = isNull_1 ?
/* 042 */     -1L : (i.getLong(1));
/* 043 */     if (isNull_1) {
/* 044 */       mutableStateArray_0[0].setNullAt(1);
/* 045 */     } else {
/* 046 */       mutableStateArray_0[0].write(1, value_1);
/* 047 */     }
/* 048 */     return (mutableStateArray_0[0].getRow());
/* 049 */   }
/* 050 */
/* 051 */
/* 052 */ }

2025-10-31 10:50:58 DEBUG GenerateUnsafeProjection:204 - code for input[0, double, true],input[1, bigint, true]:
/* 001 */ public java.lang.Object generate(Object[] references) {
/* 002 */   return new SpecificUnsafeProjection(references);
/* 003 */ }
/* 004 */
/* 005 */ class SpecificUnsafeProjection extends org.apache.spark.sql.catalyst.expressions.UnsafeProjection {
/* 006 */
/* 007 */   private Object[] references;
/* 008 */   private org.apache.spark.sql.catalyst.expressions.codegen.UnsafeRowWriter[] mutableStateArray_0 = new org.apache.spark.sql.catalyst.expressions.codegen.UnsafeRowWriter[1];
/* 009 */
/* 010 */   public SpecificUnsafeProjection(Object[] references) {
/* 011 */     this.references = references;
/* 012 */     mutableStateArray_0[0] = new org.apache.spark.sql.catalyst.expressions.codegen.UnsafeRowWriter(2, 0);
/* 013 */
/* 014 */   }
/* 015 */
/* 016 */   public void initialize(int partitionIndex) {
/* 017 */
/* 018 */   }
/* 019 */
/* 020 */   // Scala.Function1 need this
/* 021 */   public java.lang.Object apply(java.lang.Object row) {
/* 022 */     return apply((InternalRow) row);
/* 023 */   }
/* 024 */
/* 025 */   public UnsafeRow apply(InternalRow i) {
/* 026 */     mutableStateArray_0[0].reset();
/* 027 */
/* 028 */
/* 029 */     mutableStateArray_0[0].zeroOutNullBytes();
/* 030 */
/* 031 */     boolean isNull_0 = i.isNullAt(0);
/* 032 */     double value_0 = isNull_0 ?
/* 033 */     -1.0 : (i.getDouble(0));
/* 034 */     if (isNull_0) {
/* 035 */       mutableStateArray_0[0].setNullAt(0);
/* 036 */     } else {
/* 037 */       mutableStateArray_0[0].write(0, value_0);
/* 038 */     }
/* 039 */
/* 040 */     boolean isNull_1 = i.isNullAt(1);
/* 041 */     long value_1 = isNull_1 ?
/* 042 */     -1L : (i.getLong(1));
/* 043 */     if (isNull_1) {
/* 044 */       mutableStateArray_0[0].setNullAt(1);
/* 045 */     } else {
/* 046 */       mutableStateArray_0[0].write(1, value_1);
/* 047 */     }
/* 048 */     return (mutableStateArray_0[0].getRow());
/* 049 */   }
/* 050 */
/* 051 */
/* 052 */ }

2025-10-31 10:50:58 DEBUG CodeGenerator:204 - 
/* 001 */ public java.lang.Object generate(Object[] references) {
/* 002 */   return new SpecificUnsafeProjection(references);
/* 003 */ }
/* 004 */
/* 005 */ class SpecificUnsafeProjection extends org.apache.spark.sql.catalyst.expressions.UnsafeProjection {
/* 006 */
/* 007 */   private Object[] references;
/* 008 */   private org.apache.spark.sql.catalyst.expressions.codegen.UnsafeRowWriter[] mutableStateArray_0 = new org.apache.spark.sql.catalyst.expressions.codegen.UnsafeRowWriter[1];
/* 009 */
/* 010 */   public SpecificUnsafeProjection(Object[] references) {
/* 011 */     this.references = references;
/* 012 */     mutableStateArray_0[0] = new org.apache.spark.sql.catalyst.expressions.codegen.UnsafeRowWriter(2, 0);
/* 013 */
/* 014 */   }
/* 015 */
/* 016 */   public void initialize(int partitionIndex) {
/* 017 */
/* 018 */   }
/* 019 */
/* 020 */   // Scala.Function1 need this
/* 021 */   public java.lang.Object apply(java.lang.Object row) {
/* 022 */     return apply((InternalRow) row);
/* 023 */   }
/* 024 */
/* 025 */   public UnsafeRow apply(InternalRow i) {
/* 026 */     mutableStateArray_0[0].reset();
/* 027 */
/* 028 */
/* 029 */     mutableStateArray_0[0].zeroOutNullBytes();
/* 030 */
/* 031 */     boolean isNull_0 = i.isNullAt(0);
/* 032 */     double value_0 = isNull_0 ?
/* 033 */     -1.0 : (i.getDouble(0));
/* 034 */     if (isNull_0) {
/* 035 */       mutableStateArray_0[0].setNullAt(0);
/* 036 */     } else {
/* 037 */       mutableStateArray_0[0].write(0, value_0);
/* 038 */     }
/* 039 */
/* 040 */     boolean isNull_1 = i.isNullAt(1);
/* 041 */     long value_1 = isNull_1 ?
/* 042 */     -1L : (i.getLong(1));
/* 043 */     if (isNull_1) {
/* 044 */       mutableStateArray_0[0].setNullAt(1);
/* 045 */     } else {
/* 046 */       mutableStateArray_0[0].write(1, value_1);
/* 047 */     }
/* 048 */     return (mutableStateArray_0[0].getRow());
/* 049 */   }
/* 050 */
/* 051 */
/* 052 */ }

2025-10-31 10:50:58 INFO  CodeGenerator:190 - Code generated in 10.781246 ms
2025-10-31 10:50:58 DEBUG GenerateUnsafeProjection:204 - code for 0.0,0:
/* 001 */ public java.lang.Object generate(Object[] references) {
/* 002 */   return new SpecificUnsafeProjection(references);
/* 003 */ }
/* 004 */
/* 005 */ class SpecificUnsafeProjection extends org.apache.spark.sql.catalyst.expressions.UnsafeProjection {
/* 006 */
/* 007 */   private Object[] references;
/* 008 */   private org.apache.spark.sql.catalyst.expressions.codegen.UnsafeRowWriter[] mutableStateArray_0 = new org.apache.spark.sql.catalyst.expressions.codegen.UnsafeRowWriter[1];
/* 009 */
/* 010 */   public SpecificUnsafeProjection(Object[] references) {
/* 011 */     this.references = references;
/* 012 */     mutableStateArray_0[0] = new org.apache.spark.sql.catalyst.expressions.codegen.UnsafeRowWriter(2, 0);
/* 013 */
/* 014 */   }
/* 015 */
/* 016 */   public void initialize(int partitionIndex) {
/* 017 */
/* 018 */   }
/* 019 */
/* 020 */   // Scala.Function1 need this
/* 021 */   public java.lang.Object apply(java.lang.Object row) {
/* 022 */     return apply((InternalRow) row);
/* 023 */   }
/* 024 */
/* 025 */   public UnsafeRow apply(InternalRow i) {
/* 026 */     mutableStateArray_0[0].reset();
/* 027 */
/* 028 */
/* 029 */
/* 030 */
/* 031 */
/* 032 */     mutableStateArray_0[0].write(0, 0.0D);
/* 033 */
/* 034 */
/* 035 */     mutableStateArray_0[0].write(1, 0L);
/* 036 */     return (mutableStateArray_0[0].getRow());
/* 037 */   }
/* 038 */
/* 039 */
/* 040 */ }

2025-10-31 10:50:58 DEBUG GenerateUnsafeProjection:204 - code for 0.0,0:
/* 001 */ public java.lang.Object generate(Object[] references) {
/* 002 */   return new SpecificUnsafeProjection(references);
/* 003 */ }
/* 004 */
/* 005 */ class SpecificUnsafeProjection extends org.apache.spark.sql.catalyst.expressions.UnsafeProjection {
/* 006 */
/* 007 */   private Object[] references;
/* 008 */   private org.apache.spark.sql.catalyst.expressions.codegen.UnsafeRowWriter[] mutableStateArray_0 = new org.apache.spark.sql.catalyst.expressions.codegen.UnsafeRowWriter[1];
/* 009 */
/* 010 */   public SpecificUnsafeProjection(Object[] references) {
/* 011 */     this.references = references;
/* 012 */     mutableStateArray_0[0] = new org.apache.spark.sql.catalyst.expressions.codegen.UnsafeRowWriter(2, 0);
/* 013 */
/* 014 */   }
/* 015 */
/* 016 */   public void initialize(int partitionIndex) {
/* 017 */
/* 018 */   }
/* 019 */
/* 020 */   // Scala.Function1 need this
/* 021 */   public java.lang.Object apply(java.lang.Object row) {
/* 022 */     return apply((InternalRow) row);
/* 023 */   }
/* 024 */
/* 025 */   public UnsafeRow apply(InternalRow i) {
/* 026 */     mutableStateArray_0[0].reset();
/* 027 */
/* 028 */
/* 029 */
/* 030 */
/* 031 */
/* 032 */     mutableStateArray_0[0].write(0, 0.0D);
/* 033 */
/* 034 */
/* 035 */     mutableStateArray_0[0].write(1, 0L);
/* 036 */     return (mutableStateArray_0[0].getRow());
/* 037 */   }
/* 038 */
/* 039 */
/* 040 */ }

2025-10-31 10:50:58 DEBUG GenerateUnsafeProjection:204 - code for 0.0,0:
/* 001 */ public java.lang.Object generate(Object[] references) {
/* 002 */   return new SpecificUnsafeProjection(references);
/* 003 */ }
/* 004 */
/* 005 */ class SpecificUnsafeProjection extends org.apache.spark.sql.catalyst.expressions.UnsafeProjection {
/* 006 */
/* 007 */   private Object[] references;
/* 008 */   private org.apache.spark.sql.catalyst.expressions.codegen.UnsafeRowWriter[] mutableStateArray_0 = new org.apache.spark.sql.catalyst.expressions.codegen.UnsafeRowWriter[1];
/* 009 */
/* 010 */   public SpecificUnsafeProjection(Object[] references) {
/* 011 */     this.references = references;
/* 012 */     mutableStateArray_0[0] = new org.apache.spark.sql.catalyst.expressions.codegen.UnsafeRowWriter(2, 0);
/* 013 */
/* 014 */   }
/* 015 */
/* 016 */   public void initialize(int partitionIndex) {
/* 017 */
/* 018 */   }
/* 019 */
/* 020 */   // Scala.Function1 need this
/* 021 */   public java.lang.Object apply(java.lang.Object row) {
/* 022 */     return apply((InternalRow) row);
/* 023 */   }
/* 024 */
/* 025 */   public UnsafeRow apply(InternalRow i) {
/* 026 */     mutableStateArray_0[0].reset();
/* 027 */
/* 028 */
/* 029 */
/* 030 */
/* 031 */
/* 032 */     mutableStateArray_0[0].write(0, 0.0D);
/* 033 */
/* 034 */
/* 035 */     mutableStateArray_0[0].write(1, 0L);
/* 036 */     return (mutableStateArray_0[0].getRow());
/* 037 */   }
/* 038 */
/* 039 */
/* 040 */ }

2025-10-31 10:50:58 DEBUG GenerateUnsafeProjection:204 - code for input[0, bigint, true]:
/* 001 */ public java.lang.Object generate(Object[] references) {
/* 002 */   return new SpecificUnsafeProjection(references);
/* 003 */ }
/* 004 */
/* 005 */ class SpecificUnsafeProjection extends org.apache.spark.sql.catalyst.expressions.UnsafeProjection {
/* 006 */
/* 007 */   private Object[] references;
/* 008 */   private org.apache.spark.sql.catalyst.expressions.codegen.UnsafeRowWriter[] mutableStateArray_0 = new org.apache.spark.sql.catalyst.expressions.codegen.UnsafeRowWriter[1];
/* 009 */
/* 010 */   public SpecificUnsafeProjection(Object[] references) {
/* 011 */     this.references = references;
/* 012 */     mutableStateArray_0[0] = new org.apache.spark.sql.catalyst.expressions.codegen.UnsafeRowWriter(1, 0);
/* 013 */
/* 014 */   }
/* 015 */
/* 016 */   public void initialize(int partitionIndex) {
/* 017 */
/* 018 */   }
/* 019 */
/* 020 */   // Scala.Function1 need this
/* 021 */   public java.lang.Object apply(java.lang.Object row) {
/* 022 */     return apply((InternalRow) row);
/* 023 */   }
/* 024 */
/* 025 */   public UnsafeRow apply(InternalRow i) {
/* 026 */     mutableStateArray_0[0].reset();
/* 027 */
/* 028 */
/* 029 */     mutableStateArray_0[0].zeroOutNullBytes();
/* 030 */
/* 031 */     boolean isNull_0 = i.isNullAt(0);
/* 032 */     long value_0 = isNull_0 ?
/* 033 */     -1L : (i.getLong(0));
/* 034 */     if (isNull_0) {
/* 035 */       mutableStateArray_0[0].setNullAt(0);
/* 036 */     } else {
/* 037 */       mutableStateArray_0[0].write(0, value_0);
/* 038 */     }
/* 039 */     return (mutableStateArray_0[0].getRow());
/* 040 */   }
/* 041 */
/* 042 */
/* 043 */ }

2025-10-31 10:50:58 DEBUG GenerateUnsafeProjection:204 - code for 0.0,0:
/* 001 */ public java.lang.Object generate(Object[] references) {
/* 002 */   return new SpecificUnsafeProjection(references);
/* 003 */ }
/* 004 */
/* 005 */ class SpecificUnsafeProjection extends org.apache.spark.sql.catalyst.expressions.UnsafeProjection {
/* 006 */
/* 007 */   private Object[] references;
/* 008 */   private org.apache.spark.sql.catalyst.expressions.codegen.UnsafeRowWriter[] mutableStateArray_0 = new org.apache.spark.sql.catalyst.expressions.codegen.UnsafeRowWriter[1];
/* 009 */
/* 010 */   public SpecificUnsafeProjection(Object[] references) {
/* 011 */     this.references = references;
/* 012 */     mutableStateArray_0[0] = new org.apache.spark.sql.catalyst.expressions.codegen.UnsafeRowWriter(2, 0);
/* 013 */
/* 014 */   }
/* 015 */
/* 016 */   public void initialize(int partitionIndex) {
/* 017 */
/* 018 */   }
/* 019 */
/* 020 */   // Scala.Function1 need this
/* 021 */   public java.lang.Object apply(java.lang.Object row) {
/* 022 */     return apply((InternalRow) row);
/* 023 */   }
/* 024 */
/* 025 */   public UnsafeRow apply(InternalRow i) {
/* 026 */     mutableStateArray_0[0].reset();
/* 027 */
/* 028 */
/* 029 */
/* 030 */
/* 031 */
/* 032 */     mutableStateArray_0[0].write(0, 0.0D);
/* 033 */
/* 034 */
/* 035 */     mutableStateArray_0[0].write(1, 0L);
/* 036 */     return (mutableStateArray_0[0].getRow());
/* 037 */   }
/* 038 */
/* 039 */
/* 040 */ }

2025-10-31 10:50:58 DEBUG CodeGenerator:204 - 
/* 001 */ public java.lang.Object generate(Object[] references) {
/* 002 */   return new SpecificUnsafeProjection(references);
/* 003 */ }
/* 004 */
/* 005 */ class SpecificUnsafeProjection extends org.apache.spark.sql.catalyst.expressions.UnsafeProjection {
/* 006 */
/* 007 */   private Object[] references;
/* 008 */   private org.apache.spark.sql.catalyst.expressions.codegen.UnsafeRowWriter[] mutableStateArray_0 = new org.apache.spark.sql.catalyst.expressions.codegen.UnsafeRowWriter[1];
/* 009 */
/* 010 */   public SpecificUnsafeProjection(Object[] references) {
/* 011 */     this.references = references;
/* 012 */     mutableStateArray_0[0] = new org.apache.spark.sql.catalyst.expressions.codegen.UnsafeRowWriter(1, 0);
/* 013 */
/* 014 */   }
/* 015 */
/* 016 */   public void initialize(int partitionIndex) {
/* 017 */
/* 018 */   }
/* 019 */
/* 020 */   // Scala.Function1 need this
/* 021 */   public java.lang.Object apply(java.lang.Object row) {
/* 022 */     return apply((InternalRow) row);
/* 023 */   }
/* 024 */
/* 025 */   public UnsafeRow apply(InternalRow i) {
/* 026 */     mutableStateArray_0[0].reset();
/* 027 */
/* 028 */
/* 029 */     mutableStateArray_0[0].zeroOutNullBytes();
/* 030 */
/* 031 */     boolean isNull_0 = i.isNullAt(0);
/* 032 */     long value_0 = isNull_0 ?
/* 033 */     -1L : (i.getLong(0));
/* 034 */     if (isNull_0) {
/* 035 */       mutableStateArray_0[0].setNullAt(0);
/* 036 */     } else {
/* 037 */       mutableStateArray_0[0].write(0, value_0);
/* 038 */     }
/* 039 */     return (mutableStateArray_0[0].getRow());
/* 040 */   }
/* 041 */
/* 042 */
/* 043 */ }

2025-10-31 10:50:58 DEBUG GenerateUnsafeProjection:204 - code for input[0, bigint, true]:
/* 001 */ public java.lang.Object generate(Object[] references) {
/* 002 */   return new SpecificUnsafeProjection(references);
/* 003 */ }
/* 004 */
/* 005 */ class SpecificUnsafeProjection extends org.apache.spark.sql.catalyst.expressions.UnsafeProjection {
/* 006 */
/* 007 */   private Object[] references;
/* 008 */   private org.apache.spark.sql.catalyst.expressions.codegen.UnsafeRowWriter[] mutableStateArray_0 = new org.apache.spark.sql.catalyst.expressions.codegen.UnsafeRowWriter[1];
/* 009 */
/* 010 */   public SpecificUnsafeProjection(Object[] references) {
/* 011 */     this.references = references;
/* 012 */     mutableStateArray_0[0] = new org.apache.spark.sql.catalyst.expressions.codegen.UnsafeRowWriter(1, 0);
/* 013 */
/* 014 */   }
/* 015 */
/* 016 */   public void initialize(int partitionIndex) {
/* 017 */
/* 018 */   }
/* 019 */
/* 020 */   // Scala.Function1 need this
/* 021 */   public java.lang.Object apply(java.lang.Object row) {
/* 022 */     return apply((InternalRow) row);
/* 023 */   }
/* 024 */
/* 025 */   public UnsafeRow apply(InternalRow i) {
/* 026 */     mutableStateArray_0[0].reset();
/* 027 */
/* 028 */
/* 029 */     mutableStateArray_0[0].zeroOutNullBytes();
/* 030 */
/* 031 */     boolean isNull_0 = i.isNullAt(0);
/* 032 */     long value_0 = isNull_0 ?
/* 033 */     -1L : (i.getLong(0));
/* 034 */     if (isNull_0) {
/* 035 */       mutableStateArray_0[0].setNullAt(0);
/* 036 */     } else {
/* 037 */       mutableStateArray_0[0].write(0, value_0);
/* 038 */     }
/* 039 */     return (mutableStateArray_0[0].getRow());
/* 040 */   }
/* 041 */
/* 042 */
/* 043 */ }

2025-10-31 10:50:58 DEBUG GenerateUnsafeProjection:204 - code for 0.0,0:
/* 001 */ public java.lang.Object generate(Object[] references) {
/* 002 */   return new SpecificUnsafeProjection(references);
/* 003 */ }
/* 004 */
/* 005 */ class SpecificUnsafeProjection extends org.apache.spark.sql.catalyst.expressions.UnsafeProjection {
/* 006 */
/* 007 */   private Object[] references;
/* 008 */   private org.apache.spark.sql.catalyst.expressions.codegen.UnsafeRowWriter[] mutableStateArray_0 = new org.apache.spark.sql.catalyst.expressions.codegen.UnsafeRowWriter[1];
/* 009 */
/* 010 */   public SpecificUnsafeProjection(Object[] references) {
/* 011 */     this.references = references;
/* 012 */     mutableStateArray_0[0] = new org.apache.spark.sql.catalyst.expressions.codegen.UnsafeRowWriter(2, 0);
/* 013 */
/* 014 */   }
/* 015 */
/* 016 */   public void initialize(int partitionIndex) {
/* 017 */
/* 018 */   }
/* 019 */
/* 020 */   // Scala.Function1 need this
/* 021 */   public java.lang.Object apply(java.lang.Object row) {
/* 022 */     return apply((InternalRow) row);
/* 023 */   }
/* 024 */
/* 025 */   public UnsafeRow apply(InternalRow i) {
/* 026 */     mutableStateArray_0[0].reset();
/* 027 */
/* 028 */
/* 029 */
/* 030 */
/* 031 */
/* 032 */     mutableStateArray_0[0].write(0, 0.0D);
/* 033 */
/* 034 */
/* 035 */     mutableStateArray_0[0].write(1, 0L);
/* 036 */     return (mutableStateArray_0[0].getRow());
/* 037 */   }
/* 038 */
/* 039 */
/* 040 */ }

2025-10-31 10:50:58 DEBUG GenerateUnsafeProjection:204 - code for 0.0,0:
/* 001 */ public java.lang.Object generate(Object[] references) {
/* 002 */   return new SpecificUnsafeProjection(references);
/* 003 */ }
/* 004 */
/* 005 */ class SpecificUnsafeProjection extends org.apache.spark.sql.catalyst.expressions.UnsafeProjection {
/* 006 */
/* 007 */   private Object[] references;
/* 008 */   private org.apache.spark.sql.catalyst.expressions.codegen.UnsafeRowWriter[] mutableStateArray_0 = new org.apache.spark.sql.catalyst.expressions.codegen.UnsafeRowWriter[1];
/* 009 */
/* 010 */   public SpecificUnsafeProjection(Object[] references) {
/* 011 */     this.references = references;
/* 012 */     mutableStateArray_0[0] = new org.apache.spark.sql.catalyst.expressions.codegen.UnsafeRowWriter(2, 0);
/* 013 */
/* 014 */   }
/* 015 */
/* 016 */   public void initialize(int partitionIndex) {
/* 017 */
/* 018 */   }
/* 019 */
/* 020 */   // Scala.Function1 need this
/* 021 */   public java.lang.Object apply(java.lang.Object row) {
/* 022 */     return apply((InternalRow) row);
/* 023 */   }
/* 024 */
/* 025 */   public UnsafeRow apply(InternalRow i) {
/* 026 */     mutableStateArray_0[0].reset();
/* 027 */
/* 028 */
/* 029 */
/* 030 */
/* 031 */
/* 032 */     mutableStateArray_0[0].write(0, 0.0D);
/* 033 */
/* 034 */
/* 035 */     mutableStateArray_0[0].write(1, 0L);
/* 036 */     return (mutableStateArray_0[0].getRow());
/* 037 */   }
/* 038 */
/* 039 */
/* 040 */ }

2025-10-31 10:50:58 DEBUG GenerateUnsafeProjection:204 - code for input[0, bigint, true]:
/* 001 */ public java.lang.Object generate(Object[] references) {
/* 002 */   return new SpecificUnsafeProjection(references);
/* 003 */ }
/* 004 */
/* 005 */ class SpecificUnsafeProjection extends org.apache.spark.sql.catalyst.expressions.UnsafeProjection {
/* 006 */
/* 007 */   private Object[] references;
/* 008 */   private org.apache.spark.sql.catalyst.expressions.codegen.UnsafeRowWriter[] mutableStateArray_0 = new org.apache.spark.sql.catalyst.expressions.codegen.UnsafeRowWriter[1];
/* 009 */
/* 010 */   public SpecificUnsafeProjection(Object[] references) {
/* 011 */     this.references = references;
/* 012 */     mutableStateArray_0[0] = new org.apache.spark.sql.catalyst.expressions.codegen.UnsafeRowWriter(1, 0);
/* 013 */
/* 014 */   }
/* 015 */
/* 016 */   public void initialize(int partitionIndex) {
/* 017 */
/* 018 */   }
/* 019 */
/* 020 */   // Scala.Function1 need this
/* 021 */   public java.lang.Object apply(java.lang.Object row) {
/* 022 */     return apply((InternalRow) row);
/* 023 */   }
/* 024 */
/* 025 */   public UnsafeRow apply(InternalRow i) {
/* 026 */     mutableStateArray_0[0].reset();
/* 027 */
/* 028 */
/* 029 */     mutableStateArray_0[0].zeroOutNullBytes();
/* 030 */
/* 031 */     boolean isNull_0 = i.isNullAt(0);
/* 032 */     long value_0 = isNull_0 ?
/* 033 */     -1L : (i.getLong(0));
/* 034 */     if (isNull_0) {
/* 035 */       mutableStateArray_0[0].setNullAt(0);
/* 036 */     } else {
/* 037 */       mutableStateArray_0[0].write(0, value_0);
/* 038 */     }
/* 039 */     return (mutableStateArray_0[0].getRow());
/* 040 */   }
/* 041 */
/* 042 */
/* 043 */ }

2025-10-31 10:50:58 DEBUG GenerateUnsafeProjection:204 - code for input[0, bigint, true]:
/* 001 */ public java.lang.Object generate(Object[] references) {
/* 002 */   return new SpecificUnsafeProjection(references);
/* 003 */ }
/* 004 */
/* 005 */ class SpecificUnsafeProjection extends org.apache.spark.sql.catalyst.expressions.UnsafeProjection {
/* 006 */
/* 007 */   private Object[] references;
/* 008 */   private org.apache.spark.sql.catalyst.expressions.codegen.UnsafeRowWriter[] mutableStateArray_0 = new org.apache.spark.sql.catalyst.expressions.codegen.UnsafeRowWriter[1];
/* 009 */
/* 010 */   public SpecificUnsafeProjection(Object[] references) {
/* 011 */     this.references = references;
/* 012 */     mutableStateArray_0[0] = new org.apache.spark.sql.catalyst.expressions.codegen.UnsafeRowWriter(1, 0);
/* 013 */
/* 014 */   }
/* 015 */
/* 016 */   public void initialize(int partitionIndex) {
/* 017 */
/* 018 */   }
/* 019 */
/* 020 */   // Scala.Function1 need this
/* 021 */   public java.lang.Object apply(java.lang.Object row) {
/* 022 */     return apply((InternalRow) row);
/* 023 */   }
/* 024 */
/* 025 */   public UnsafeRow apply(InternalRow i) {
/* 026 */     mutableStateArray_0[0].reset();
/* 027 */
/* 028 */
/* 029 */     mutableStateArray_0[0].zeroOutNullBytes();
/* 030 */
/* 031 */     boolean isNull_0 = i.isNullAt(0);
/* 032 */     long value_0 = isNull_0 ?
/* 033 */     -1L : (i.getLong(0));
/* 034 */     if (isNull_0) {
/* 035 */       mutableStateArray_0[0].setNullAt(0);
/* 036 */     } else {
/* 037 */       mutableStateArray_0[0].write(0, value_0);
/* 038 */     }
/* 039 */     return (mutableStateArray_0[0].getRow());
/* 040 */   }
/* 041 */
/* 042 */
/* 043 */ }

2025-10-31 10:50:58 DEBUG GenerateUnsafeProjection:204 - code for input[0, bigint, true]:
/* 001 */ public java.lang.Object generate(Object[] references) {
/* 002 */   return new SpecificUnsafeProjection(references);
/* 003 */ }
/* 004 */
/* 005 */ class SpecificUnsafeProjection extends org.apache.spark.sql.catalyst.expressions.UnsafeProjection {
/* 006 */
/* 007 */   private Object[] references;
/* 008 */   private org.apache.spark.sql.catalyst.expressions.codegen.UnsafeRowWriter[] mutableStateArray_0 = new org.apache.spark.sql.catalyst.expressions.codegen.UnsafeRowWriter[1];
/* 009 */
/* 010 */   public SpecificUnsafeProjection(Object[] references) {
/* 011 */     this.references = references;
/* 012 */     mutableStateArray_0[0] = new org.apache.spark.sql.catalyst.expressions.codegen.UnsafeRowWriter(1, 0);
/* 013 */
/* 014 */   }
/* 015 */
/* 016 */   public void initialize(int partitionIndex) {
/* 017 */
/* 018 */   }
/* 019 */
/* 020 */   // Scala.Function1 need this
/* 021 */   public java.lang.Object apply(java.lang.Object row) {
/* 022 */     return apply((InternalRow) row);
/* 023 */   }
/* 024 */
/* 025 */   public UnsafeRow apply(InternalRow i) {
/* 026 */     mutableStateArray_0[0].reset();
/* 027 */
/* 028 */
/* 029 */     mutableStateArray_0[0].zeroOutNullBytes();
/* 030 */
/* 031 */     boolean isNull_0 = i.isNullAt(0);
/* 032 */     long value_0 = isNull_0 ?
/* 033 */     -1L : (i.getLong(0));
/* 034 */     if (isNull_0) {
/* 035 */       mutableStateArray_0[0].setNullAt(0);
/* 036 */     } else {
/* 037 */       mutableStateArray_0[0].write(0, value_0);
/* 038 */     }
/* 039 */     return (mutableStateArray_0[0].getRow());
/* 040 */   }
/* 041 */
/* 042 */
/* 043 */ }

2025-10-31 10:50:58 DEBUG GenerateUnsafeProjection:204 - code for input[0, bigint, true]:
/* 001 */ public java.lang.Object generate(Object[] references) {
/* 002 */   return new SpecificUnsafeProjection(references);
/* 003 */ }
/* 004 */
/* 005 */ class SpecificUnsafeProjection extends org.apache.spark.sql.catalyst.expressions.UnsafeProjection {
/* 006 */
/* 007 */   private Object[] references;
/* 008 */   private org.apache.spark.sql.catalyst.expressions.codegen.UnsafeRowWriter[] mutableStateArray_0 = new org.apache.spark.sql.catalyst.expressions.codegen.UnsafeRowWriter[1];
/* 009 */
/* 010 */   public SpecificUnsafeProjection(Object[] references) {
/* 011 */     this.references = references;
/* 012 */     mutableStateArray_0[0] = new org.apache.spark.sql.catalyst.expressions.codegen.UnsafeRowWriter(1, 0);
/* 013 */
/* 014 */   }
/* 015 */
/* 016 */   public void initialize(int partitionIndex) {
/* 017 */
/* 018 */   }
/* 019 */
/* 020 */   // Scala.Function1 need this
/* 021 */   public java.lang.Object apply(java.lang.Object row) {
/* 022 */     return apply((InternalRow) row);
/* 023 */   }
/* 024 */
/* 025 */   public UnsafeRow apply(InternalRow i) {
/* 026 */     mutableStateArray_0[0].reset();
/* 027 */
/* 028 */
/* 029 */     mutableStateArray_0[0].zeroOutNullBytes();
/* 030 */
/* 031 */     boolean isNull_0 = i.isNullAt(0);
/* 032 */     long value_0 = isNull_0 ?
/* 033 */     -1L : (i.getLong(0));
/* 034 */     if (isNull_0) {
/* 035 */       mutableStateArray_0[0].setNullAt(0);
/* 036 */     } else {
/* 037 */       mutableStateArray_0[0].write(0, value_0);
/* 038 */     }
/* 039 */     return (mutableStateArray_0[0].getRow());
/* 040 */   }
/* 041 */
/* 042 */
/* 043 */ }

2025-10-31 10:50:58 DEBUG GenerateUnsafeProjection:204 - code for 0.0,0:
/* 001 */ public java.lang.Object generate(Object[] references) {
/* 002 */   return new SpecificUnsafeProjection(references);
/* 003 */ }
/* 004 */
/* 005 */ class SpecificUnsafeProjection extends org.apache.spark.sql.catalyst.expressions.UnsafeProjection {
/* 006 */
/* 007 */   private Object[] references;
/* 008 */   private org.apache.spark.sql.catalyst.expressions.codegen.UnsafeRowWriter[] mutableStateArray_0 = new org.apache.spark.sql.catalyst.expressions.codegen.UnsafeRowWriter[1];
/* 009 */
/* 010 */   public SpecificUnsafeProjection(Object[] references) {
/* 011 */     this.references = references;
/* 012 */     mutableStateArray_0[0] = new org.apache.spark.sql.catalyst.expressions.codegen.UnsafeRowWriter(2, 0);
/* 013 */
/* 014 */   }
/* 015 */
/* 016 */   public void initialize(int partitionIndex) {
/* 017 */
/* 018 */   }
/* 019 */
/* 020 */   // Scala.Function1 need this
/* 021 */   public java.lang.Object apply(java.lang.Object row) {
/* 022 */     return apply((InternalRow) row);
/* 023 */   }
/* 024 */
/* 025 */   public UnsafeRow apply(InternalRow i) {
/* 026 */     mutableStateArray_0[0].reset();
/* 027 */
/* 028 */
/* 029 */
/* 030 */
/* 031 */
/* 032 */     mutableStateArray_0[0].write(0, 0.0D);
/* 033 */
/* 034 */
/* 035 */     mutableStateArray_0[0].write(1, 0L);
/* 036 */     return (mutableStateArray_0[0].getRow());
/* 037 */   }
/* 038 */
/* 039 */
/* 040 */ }

2025-10-31 10:50:58 DEBUG GenerateUnsafeProjection:204 - code for input[0, bigint, true]:
/* 001 */ public java.lang.Object generate(Object[] references) {
/* 002 */   return new SpecificUnsafeProjection(references);
/* 003 */ }
/* 004 */
/* 005 */ class SpecificUnsafeProjection extends org.apache.spark.sql.catalyst.expressions.UnsafeProjection {
/* 006 */
/* 007 */   private Object[] references;
/* 008 */   private org.apache.spark.sql.catalyst.expressions.codegen.UnsafeRowWriter[] mutableStateArray_0 = new org.apache.spark.sql.catalyst.expressions.codegen.UnsafeRowWriter[1];
/* 009 */
/* 010 */   public SpecificUnsafeProjection(Object[] references) {
/* 011 */     this.references = references;
/* 012 */     mutableStateArray_0[0] = new org.apache.spark.sql.catalyst.expressions.codegen.UnsafeRowWriter(1, 0);
/* 013 */
/* 014 */   }
/* 015 */
/* 016 */   public void initialize(int partitionIndex) {
/* 017 */
/* 018 */   }
/* 019 */
/* 020 */   // Scala.Function1 need this
/* 021 */   public java.lang.Object apply(java.lang.Object row) {
/* 022 */     return apply((InternalRow) row);
/* 023 */   }
/* 024 */
/* 025 */   public UnsafeRow apply(InternalRow i) {
/* 026 */     mutableStateArray_0[0].reset();
/* 027 */
/* 028 */
/* 029 */     mutableStateArray_0[0].zeroOutNullBytes();
/* 030 */
/* 031 */     boolean isNull_0 = i.isNullAt(0);
/* 032 */     long value_0 = isNull_0 ?
/* 033 */     -1L : (i.getLong(0));
/* 034 */     if (isNull_0) {
/* 035 */       mutableStateArray_0[0].setNullAt(0);
/* 036 */     } else {
/* 037 */       mutableStateArray_0[0].write(0, value_0);
/* 038 */     }
/* 039 */     return (mutableStateArray_0[0].getRow());
/* 040 */   }
/* 041 */
/* 042 */
/* 043 */ }

2025-10-31 10:50:58 DEBUG GenerateUnsafeProjection:204 - code for 0.0,0:
/* 001 */ public java.lang.Object generate(Object[] references) {
/* 002 */   return new SpecificUnsafeProjection(references);
/* 003 */ }
/* 004 */
/* 005 */ class SpecificUnsafeProjection extends org.apache.spark.sql.catalyst.expressions.UnsafeProjection {
/* 006 */
/* 007 */   private Object[] references;
/* 008 */   private org.apache.spark.sql.catalyst.expressions.codegen.UnsafeRowWriter[] mutableStateArray_0 = new org.apache.spark.sql.catalyst.expressions.codegen.UnsafeRowWriter[1];
/* 009 */
/* 010 */   public SpecificUnsafeProjection(Object[] references) {
/* 011 */     this.references = references;
/* 012 */     mutableStateArray_0[0] = new org.apache.spark.sql.catalyst.expressions.codegen.UnsafeRowWriter(2, 0);
/* 013 */
/* 014 */   }
/* 015 */
/* 016 */   public void initialize(int partitionIndex) {
/* 017 */
/* 018 */   }
/* 019 */
/* 020 */   // Scala.Function1 need this
/* 021 */   public java.lang.Object apply(java.lang.Object row) {
/* 022 */     return apply((InternalRow) row);
/* 023 */   }
/* 024 */
/* 025 */   public UnsafeRow apply(InternalRow i) {
/* 026 */     mutableStateArray_0[0].reset();
/* 027 */
/* 028 */
/* 029 */
/* 030 */
/* 031 */
/* 032 */     mutableStateArray_0[0].write(0, 0.0D);
/* 033 */
/* 034 */
/* 035 */     mutableStateArray_0[0].write(1, 0L);
/* 036 */     return (mutableStateArray_0[0].getRow());
/* 037 */   }
/* 038 */
/* 039 */
/* 040 */ }

2025-10-31 10:50:58 DEBUG GenerateUnsafeProjection:204 - code for input[0, bigint, true]:
/* 001 */ public java.lang.Object generate(Object[] references) {
/* 002 */   return new SpecificUnsafeProjection(references);
/* 003 */ }
/* 004 */
/* 005 */ class SpecificUnsafeProjection extends org.apache.spark.sql.catalyst.expressions.UnsafeProjection {
/* 006 */
/* 007 */   private Object[] references;
/* 008 */   private org.apache.spark.sql.catalyst.expressions.codegen.UnsafeRowWriter[] mutableStateArray_0 = new org.apache.spark.sql.catalyst.expressions.codegen.UnsafeRowWriter[1];
/* 009 */
/* 010 */   public SpecificUnsafeProjection(Object[] references) {
/* 011 */     this.references = references;
/* 012 */     mutableStateArray_0[0] = new org.apache.spark.sql.catalyst.expressions.codegen.UnsafeRowWriter(1, 0);
/* 013 */
/* 014 */   }
/* 015 */
/* 016 */   public void initialize(int partitionIndex) {
/* 017 */
/* 018 */   }
/* 019 */
/* 020 */   // Scala.Function1 need this
/* 021 */   public java.lang.Object apply(java.lang.Object row) {
/* 022 */     return apply((InternalRow) row);
/* 023 */   }
/* 024 */
/* 025 */   public UnsafeRow apply(InternalRow i) {
/* 026 */     mutableStateArray_0[0].reset();
/* 027 */
/* 028 */
/* 029 */     mutableStateArray_0[0].zeroOutNullBytes();
/* 030 */
/* 031 */     boolean isNull_0 = i.isNullAt(0);
/* 032 */     long value_0 = isNull_0 ?
/* 033 */     -1L : (i.getLong(0));
/* 034 */     if (isNull_0) {
/* 035 */       mutableStateArray_0[0].setNullAt(0);
/* 036 */     } else {
/* 037 */       mutableStateArray_0[0].write(0, value_0);
/* 038 */     }
/* 039 */     return (mutableStateArray_0[0].getRow());
/* 040 */   }
/* 041 */
/* 042 */
/* 043 */ }

2025-10-31 10:50:58 INFO  CodeGenerator:190 - Code generated in 10.2407 ms
2025-10-31 10:50:58 DEBUG ContextCleaner:204 - Got cleaning task CleanAccum(22)
2025-10-31 10:50:58 DEBUG ContextCleaner:204 - Cleaning accumulator 22
2025-10-31 10:50:58 DEBUG TaskMemoryManager:184 - Task 13 acquired 256.0 KiB for org.apache.spark.unsafe.map.BytesToBytesMap@31767e8b
2025-10-31 10:50:58 DEBUG ContextCleaner:204 - Cleaned accumulator 22
2025-10-31 10:50:58 DEBUG ContextCleaner:204 - Got cleaning task CleanAccum(4)
2025-10-31 10:50:58 DEBUG ContextCleaner:204 - Cleaning accumulator 4
2025-10-31 10:50:58 DEBUG ContextCleaner:204 - Cleaned accumulator 4
2025-10-31 10:50:58 DEBUG ContextCleaner:204 - Got cleaning task CleanAccum(31)
2025-10-31 10:50:58 DEBUG ContextCleaner:204 - Cleaning accumulator 31
2025-10-31 10:50:58 DEBUG ContextCleaner:204 - Cleaned accumulator 31
2025-10-31 10:50:58 DEBUG ContextCleaner:204 - Got cleaning task CleanAccum(16)
2025-10-31 10:50:58 DEBUG ContextCleaner:204 - Cleaning accumulator 16
2025-10-31 10:50:58 DEBUG ContextCleaner:204 - Cleaned accumulator 16
2025-10-31 10:50:58 DEBUG ContextCleaner:204 - Got cleaning task CleanAccum(39)
2025-10-31 10:50:58 DEBUG ContextCleaner:204 - Cleaning accumulator 39
2025-10-31 10:50:58 DEBUG ContextCleaner:204 - Cleaned accumulator 39
2025-10-31 10:50:58 DEBUG ContextCleaner:204 - Got cleaning task CleanAccum(35)
2025-10-31 10:50:58 DEBUG ContextCleaner:204 - Cleaning accumulator 35
2025-10-31 10:50:58 DEBUG ContextCleaner:204 - Cleaned accumulator 35
2025-10-31 10:50:58 DEBUG ContextCleaner:204 - Got cleaning task CleanAccum(17)
2025-10-31 10:50:58 DEBUG ContextCleaner:204 - Cleaning accumulator 17
2025-10-31 10:50:58 DEBUG ContextCleaner:204 - Cleaned accumulator 17
2025-10-31 10:50:58 DEBUG ContextCleaner:204 - Got cleaning task CleanAccum(13)
2025-10-31 10:50:58 DEBUG ContextCleaner:204 - Cleaning accumulator 13
2025-10-31 10:50:58 DEBUG ContextCleaner:204 - Cleaned accumulator 13
2025-10-31 10:50:58 DEBUG ContextCleaner:204 - Got cleaning task CleanAccum(34)
2025-10-31 10:50:58 DEBUG ContextCleaner:204 - Cleaning accumulator 34
2025-10-31 10:50:58 DEBUG ContextCleaner:204 - Cleaned accumulator 34
2025-10-31 10:50:58 DEBUG ContextCleaner:204 - Got cleaning task CleanAccum(21)
2025-10-31 10:50:58 DEBUG ContextCleaner:204 - Cleaning accumulator 21
2025-10-31 10:50:58 DEBUG ContextCleaner:204 - Cleaned accumulator 21
2025-10-31 10:50:58 DEBUG ContextCleaner:204 - Got cleaning task CleanAccum(26)
2025-10-31 10:50:58 DEBUG ContextCleaner:204 - Cleaning accumulator 26
2025-10-31 10:50:58 DEBUG ContextCleaner:204 - Cleaned accumulator 26
2025-10-31 10:50:58 DEBUG ContextCleaner:204 - Got cleaning task CleanAccum(5)
2025-10-31 10:50:58 DEBUG ContextCleaner:204 - Cleaning accumulator 5
2025-10-31 10:50:58 DEBUG ContextCleaner:204 - Cleaned accumulator 5
2025-10-31 10:50:58 DEBUG ContextCleaner:204 - Got cleaning task CleanAccum(9)
2025-10-31 10:50:58 DEBUG ContextCleaner:204 - Cleaning accumulator 9
2025-10-31 10:50:58 DEBUG ContextCleaner:204 - Cleaned accumulator 9
2025-10-31 10:50:58 DEBUG ContextCleaner:204 - Got cleaning task CleanAccum(24)
2025-10-31 10:50:58 DEBUG ContextCleaner:204 - Cleaning accumulator 24
2025-10-31 10:50:58 DEBUG ContextCleaner:204 - Cleaned accumulator 24
2025-10-31 10:50:58 DEBUG ContextCleaner:204 - Got cleaning task CleanAccum(6)
2025-10-31 10:50:58 DEBUG ContextCleaner:204 - Cleaning accumulator 6
2025-10-31 10:50:58 DEBUG ContextCleaner:204 - Cleaned accumulator 6
2025-10-31 10:50:58 DEBUG ContextCleaner:204 - Got cleaning task CleanAccum(12)
2025-10-31 10:50:58 DEBUG GenerateUnsafeProjection:204 - code for input[0, double, true],input[1, bigint, true]:
/* 001 */ public java.lang.Object generate(Object[] references) {
/* 002 */   return new SpecificUnsafeProjection(references);
/* 003 */ }
/* 004 */
/* 005 */ class SpecificUnsafeProjection extends org.apache.spark.sql.catalyst.expressions.UnsafeProjection {
/* 006 */
/* 007 */   private Object[] references;
/* 008 */   private org.apache.spark.sql.catalyst.expressions.codegen.UnsafeRowWriter[] mutableStateArray_0 = new org.apache.spark.sql.catalyst.expressions.codegen.UnsafeRowWriter[1];
/* 009 */
/* 010 */   public SpecificUnsafeProjection(Object[] references) {
/* 011 */     this.references = references;
/* 012 */     mutableStateArray_0[0] = new org.apache.spark.sql.catalyst.expressions.codegen.UnsafeRowWriter(2, 0);
/* 013 */
/* 014 */   }
/* 015 */
/* 016 */   public void initialize(int partitionIndex) {
/* 017 */
/* 018 */   }
/* 019 */
/* 020 */   // Scala.Function1 need this
/* 021 */   public java.lang.Object apply(java.lang.Object row) {
/* 022 */     return apply((InternalRow) row);
/* 023 */   }
/* 024 */
/* 025 */   public UnsafeRow apply(InternalRow i) {
/* 026 */     mutableStateArray_0[0].reset();
/* 027 */
/* 028 */
/* 029 */     mutableStateArray_0[0].zeroOutNullBytes();
/* 030 */
/* 031 */     boolean isNull_0 = i.isNullAt(0);
/* 032 */     double value_0 = isNull_0 ?
/* 033 */     -1.0 : (i.getDouble(0));
/* 034 */     if (isNull_0) {
/* 035 */       mutableStateArray_0[0].setNullAt(0);
/* 036 */     } else {
/* 037 */       mutableStateArray_0[0].write(0, value_0);
/* 038 */     }
/* 039 */
/* 040 */     boolean isNull_1 = i.isNullAt(1);
/* 041 */     long value_1 = isNull_1 ?
/* 042 */     -1L : (i.getLong(1));
/* 043 */     if (isNull_1) {
/* 044 */       mutableStateArray_0[0].setNullAt(1);
/* 045 */     } else {
/* 046 */       mutableStateArray_0[0].write(1, value_1);
/* 047 */     }
/* 048 */     return (mutableStateArray_0[0].getRow());
/* 049 */   }
/* 050 */
/* 051 */
/* 052 */ }

2025-10-31 10:50:58 DEBUG ContextCleaner:204 - Cleaning accumulator 12
2025-10-31 10:50:58 DEBUG ContextCleaner:204 - Cleaned accumulator 12
2025-10-31 10:50:58 DEBUG ContextCleaner:204 - Got cleaning task CleanAccum(18)
2025-10-31 10:50:58 DEBUG ContextCleaner:204 - Cleaning accumulator 18
2025-10-31 10:50:58 DEBUG ContextCleaner:204 - Cleaned accumulator 18
2025-10-31 10:50:58 DEBUG ContextCleaner:204 - Got cleaning task CleanBroadcast(0)
2025-10-31 10:50:58 DEBUG ContextCleaner:204 - Cleaning broadcast 0
2025-10-31 10:50:58 DEBUG TorrentBroadcast:204 - Unpersisting TorrentBroadcast 0
2025-10-31 10:50:58 DEBUG TaskMemoryManager:184 - Task 14 acquired 256.0 KiB for org.apache.spark.unsafe.map.BytesToBytesMap@1167109b
2025-10-31 10:50:58 DEBUG TaskMemoryManager:184 - Task 11 acquired 256.0 KiB for org.apache.spark.unsafe.map.BytesToBytesMap@669ace61
2025-10-31 10:50:58 DEBUG GenerateUnsafeProjection:204 - code for input[0, double, true],input[1, bigint, true]:
/* 001 */ public java.lang.Object generate(Object[] references) {
/* 002 */   return new SpecificUnsafeProjection(references);
/* 003 */ }
/* 004 */
/* 005 */ class SpecificUnsafeProjection extends org.apache.spark.sql.catalyst.expressions.UnsafeProjection {
/* 006 */
/* 007 */   private Object[] references;
/* 008 */   private org.apache.spark.sql.catalyst.expressions.codegen.UnsafeRowWriter[] mutableStateArray_0 = new org.apache.spark.sql.catalyst.expressions.codegen.UnsafeRowWriter[1];
/* 009 */
/* 010 */   public SpecificUnsafeProjection(Object[] references) {
/* 011 */     this.references = references;
/* 012 */     mutableStateArray_0[0] = new org.apache.spark.sql.catalyst.expressions.codegen.UnsafeRowWriter(2, 0);
/* 013 */
/* 014 */   }
/* 015 */
/* 016 */   public void initialize(int partitionIndex) {
/* 017 */
/* 018 */   }
/* 019 */
/* 020 */   // Scala.Function1 need this
/* 021 */   public java.lang.Object apply(java.lang.Object row) {
/* 022 */     return apply((InternalRow) row);
/* 023 */   }
/* 024 */
/* 025 */   public UnsafeRow apply(InternalRow i) {
/* 026 */     mutableStateArray_0[0].reset();
/* 027 */
/* 028 */
/* 029 */     mutableStateArray_0[0].zeroOutNullBytes();
/* 030 */
/* 031 */     boolean isNull_0 = i.isNullAt(0);
/* 032 */     double value_0 = isNull_0 ?
/* 033 */     -1.0 : (i.getDouble(0));
/* 034 */     if (isNull_0) {
/* 035 */       mutableStateArray_0[0].setNullAt(0);
/* 036 */     } else {
/* 037 */       mutableStateArray_0[0].write(0, value_0);
/* 038 */     }
/* 039 */
/* 040 */     boolean isNull_1 = i.isNullAt(1);
/* 041 */     long value_1 = isNull_1 ?
/* 042 */     -1L : (i.getLong(1));
/* 043 */     if (isNull_1) {
/* 044 */       mutableStateArray_0[0].setNullAt(1);
/* 045 */     } else {
/* 046 */       mutableStateArray_0[0].write(1, value_1);
/* 047 */     }
/* 048 */     return (mutableStateArray_0[0].getRow());
/* 049 */   }
/* 050 */
/* 051 */
/* 052 */ }

2025-10-31 10:50:58 DEBUG GenerateUnsafeProjection:204 - code for input[0, double, true],input[1, bigint, true]:
/* 001 */ public java.lang.Object generate(Object[] references) {
/* 002 */   return new SpecificUnsafeProjection(references);
/* 003 */ }
/* 004 */
/* 005 */ class SpecificUnsafeProjection extends org.apache.spark.sql.catalyst.expressions.UnsafeProjection {
/* 006 */
/* 007 */   private Object[] references;
/* 008 */   private org.apache.spark.sql.catalyst.expressions.codegen.UnsafeRowWriter[] mutableStateArray_0 = new org.apache.spark.sql.catalyst.expressions.codegen.UnsafeRowWriter[1];
/* 009 */
/* 010 */   public SpecificUnsafeProjection(Object[] references) {
/* 011 */     this.references = references;
/* 012 */     mutableStateArray_0[0] = new org.apache.spark.sql.catalyst.expressions.codegen.UnsafeRowWriter(2, 0);
/* 013 */
/* 014 */   }
/* 015 */
/* 016 */   public void initialize(int partitionIndex) {
/* 017 */
/* 018 */   }
/* 019 */
/* 020 */   // Scala.Function1 need this
/* 021 */   public java.lang.Object apply(java.lang.Object row) {
/* 022 */     return apply((InternalRow) row);
/* 023 */   }
/* 024 */
/* 025 */   public UnsafeRow apply(InternalRow i) {
/* 026 */     mutableStateArray_0[0].reset();
/* 027 */
/* 028 */
/* 029 */     mutableStateArray_0[0].zeroOutNullBytes();
/* 030 */
/* 031 */     boolean isNull_0 = i.isNullAt(0);
/* 032 */     double value_0 = isNull_0 ?
/* 033 */     -1.0 : (i.getDouble(0));
/* 034 */     if (isNull_0) {
/* 035 */       mutableStateArray_0[0].setNullAt(0);
/* 036 */     } else {
/* 037 */       mutableStateArray_0[0].write(0, value_0);
/* 038 */     }
/* 039 */
/* 040 */     boolean isNull_1 = i.isNullAt(1);
/* 041 */     long value_1 = isNull_1 ?
/* 042 */     -1L : (i.getLong(1));
/* 043 */     if (isNull_1) {
/* 044 */       mutableStateArray_0[0].setNullAt(1);
/* 045 */     } else {
/* 046 */       mutableStateArray_0[0].write(1, value_1);
/* 047 */     }
/* 048 */     return (mutableStateArray_0[0].getRow());
/* 049 */   }
/* 050 */
/* 051 */
/* 052 */ }

2025-10-31 10:50:58 DEBUG TaskMemoryManager:184 - Task 9 acquired 256.0 KiB for org.apache.spark.unsafe.map.BytesToBytesMap@57b1c6d5
2025-10-31 10:50:58 DEBUG TaskMemoryManager:184 - Task 15 acquired 256.0 KiB for org.apache.spark.unsafe.map.BytesToBytesMap@417d59b3
2025-10-31 10:50:58 DEBUG TaskMemoryManager:184 - Task 8 acquired 256.0 KiB for org.apache.spark.unsafe.map.BytesToBytesMap@690c7f56
2025-10-31 10:50:58 DEBUG GenerateUnsafeProjection:204 - code for input[0, double, true],input[1, bigint, true]:
/* 001 */ public java.lang.Object generate(Object[] references) {
/* 002 */   return new SpecificUnsafeProjection(references);
/* 003 */ }
/* 004 */
/* 005 */ class SpecificUnsafeProjection extends org.apache.spark.sql.catalyst.expressions.UnsafeProjection {
/* 006 */
/* 007 */   private Object[] references;
/* 008 */   private org.apache.spark.sql.catalyst.expressions.codegen.UnsafeRowWriter[] mutableStateArray_0 = new org.apache.spark.sql.catalyst.expressions.codegen.UnsafeRowWriter[1];
/* 009 */
/* 010 */   public SpecificUnsafeProjection(Object[] references) {
/* 011 */     this.references = references;
/* 012 */     mutableStateArray_0[0] = new org.apache.spark.sql.catalyst.expressions.codegen.UnsafeRowWriter(2, 0);
/* 013 */
/* 014 */   }
/* 015 */
/* 016 */   public void initialize(int partitionIndex) {
/* 017 */
/* 018 */   }
/* 019 */
/* 020 */   // Scala.Function1 need this
/* 021 */   public java.lang.Object apply(java.lang.Object row) {
/* 022 */     return apply((InternalRow) row);
/* 023 */   }
/* 024 */
/* 025 */   public UnsafeRow apply(InternalRow i) {
/* 026 */     mutableStateArray_0[0].reset();
/* 027 */
/* 028 */
/* 029 */     mutableStateArray_0[0].zeroOutNullBytes();
/* 030 */
/* 031 */     boolean isNull_0 = i.isNullAt(0);
/* 032 */     double value_0 = isNull_0 ?
/* 033 */     -1.0 : (i.getDouble(0));
/* 034 */     if (isNull_0) {
/* 035 */       mutableStateArray_0[0].setNullAt(0);
/* 036 */     } else {
/* 037 */       mutableStateArray_0[0].write(0, value_0);
/* 038 */     }
/* 039 */
/* 040 */     boolean isNull_1 = i.isNullAt(1);
/* 041 */     long value_1 = isNull_1 ?
/* 042 */     -1L : (i.getLong(1));
/* 043 */     if (isNull_1) {
/* 044 */       mutableStateArray_0[0].setNullAt(1);
/* 045 */     } else {
/* 046 */       mutableStateArray_0[0].write(1, value_1);
/* 047 */     }
/* 048 */     return (mutableStateArray_0[0].getRow());
/* 049 */   }
/* 050 */
/* 051 */
/* 052 */ }

2025-10-31 10:50:58 DEBUG TaskMemoryManager:184 - Task 12 acquired 256.0 KiB for org.apache.spark.unsafe.map.BytesToBytesMap@3c0d2097
2025-10-31 10:50:58 DEBUG BlockManagerStorageEndpoint:204 - removing broadcast 0
2025-10-31 10:50:58 DEBUG BlockManager:204 - Removing broadcast 0
2025-10-31 10:50:58 DEBUG GenerateUnsafeProjection:204 - code for input[0, double, true],input[1, bigint, true]:
/* 001 */ public java.lang.Object generate(Object[] references) {
/* 002 */   return new SpecificUnsafeProjection(references);
/* 003 */ }
/* 004 */
/* 005 */ class SpecificUnsafeProjection extends org.apache.spark.sql.catalyst.expressions.UnsafeProjection {
/* 006 */
/* 007 */   private Object[] references;
/* 008 */   private org.apache.spark.sql.catalyst.expressions.codegen.UnsafeRowWriter[] mutableStateArray_0 = new org.apache.spark.sql.catalyst.expressions.codegen.UnsafeRowWriter[1];
/* 009 */
/* 010 */   public SpecificUnsafeProjection(Object[] references) {
/* 011 */     this.references = references;
/* 012 */     mutableStateArray_0[0] = new org.apache.spark.sql.catalyst.expressions.codegen.UnsafeRowWriter(2, 0);
/* 013 */
/* 014 */   }
/* 015 */
/* 016 */   public void initialize(int partitionIndex) {
/* 017 */
/* 018 */   }
/* 019 */
/* 020 */   // Scala.Function1 need this
/* 021 */   public java.lang.Object apply(java.lang.Object row) {
/* 022 */     return apply((InternalRow) row);
/* 023 */   }
/* 024 */
/* 025 */   public UnsafeRow apply(InternalRow i) {
/* 026 */     mutableStateArray_0[0].reset();
/* 027 */
/* 028 */
/* 029 */     mutableStateArray_0[0].zeroOutNullBytes();
/* 030 */
/* 031 */     boolean isNull_0 = i.isNullAt(0);
/* 032 */     double value_0 = isNull_0 ?
/* 033 */     -1.0 : (i.getDouble(0));
/* 034 */     if (isNull_0) {
/* 035 */       mutableStateArray_0[0].setNullAt(0);
/* 036 */     } else {
/* 037 */       mutableStateArray_0[0].write(0, value_0);
/* 038 */     }
/* 039 */
/* 040 */     boolean isNull_1 = i.isNullAt(1);
/* 041 */     long value_1 = isNull_1 ?
/* 042 */     -1L : (i.getLong(1));
/* 043 */     if (isNull_1) {
/* 044 */       mutableStateArray_0[0].setNullAt(1);
/* 045 */     } else {
/* 046 */       mutableStateArray_0[0].write(1, value_1);
/* 047 */     }
/* 048 */     return (mutableStateArray_0[0].getRow());
/* 049 */   }
/* 050 */
/* 051 */
/* 052 */ }

2025-10-31 10:50:58 DEBUG BlockManager:204 - Removing block broadcast_0
2025-10-31 10:50:58 DEBUG GenerateUnsafeProjection:204 - code for input[0, double, true],input[1, bigint, true]:
/* 001 */ public java.lang.Object generate(Object[] references) {
/* 002 */   return new SpecificUnsafeProjection(references);
/* 003 */ }
/* 004 */
/* 005 */ class SpecificUnsafeProjection extends org.apache.spark.sql.catalyst.expressions.UnsafeProjection {
/* 006 */
/* 007 */   private Object[] references;
/* 008 */   private org.apache.spark.sql.catalyst.expressions.codegen.UnsafeRowWriter[] mutableStateArray_0 = new org.apache.spark.sql.catalyst.expressions.codegen.UnsafeRowWriter[1];
/* 009 */
/* 010 */   public SpecificUnsafeProjection(Object[] references) {
/* 011 */     this.references = references;
/* 012 */     mutableStateArray_0[0] = new org.apache.spark.sql.catalyst.expressions.codegen.UnsafeRowWriter(2, 0);
/* 013 */
/* 014 */   }
/* 015 */
/* 016 */   public void initialize(int partitionIndex) {
/* 017 */
/* 018 */   }
/* 019 */
/* 020 */   // Scala.Function1 need this
/* 021 */   public java.lang.Object apply(java.lang.Object row) {
/* 022 */     return apply((InternalRow) row);
/* 023 */   }
/* 024 */
/* 025 */   public UnsafeRow apply(InternalRow i) {
/* 026 */     mutableStateArray_0[0].reset();
/* 027 */
/* 028 */
/* 029 */     mutableStateArray_0[0].zeroOutNullBytes();
/* 030 */
/* 031 */     boolean isNull_0 = i.isNullAt(0);
/* 032 */     double value_0 = isNull_0 ?
/* 033 */     -1.0 : (i.getDouble(0));
/* 034 */     if (isNull_0) {
/* 035 */       mutableStateArray_0[0].setNullAt(0);
/* 036 */     } else {
/* 037 */       mutableStateArray_0[0].write(0, value_0);
/* 038 */     }
/* 039 */
/* 040 */     boolean isNull_1 = i.isNullAt(1);
/* 041 */     long value_1 = isNull_1 ?
/* 042 */     -1L : (i.getLong(1));
/* 043 */     if (isNull_1) {
/* 044 */       mutableStateArray_0[0].setNullAt(1);
/* 045 */     } else {
/* 046 */       mutableStateArray_0[0].write(1, value_1);
/* 047 */     }
/* 048 */     return (mutableStateArray_0[0].getRow());
/* 049 */   }
/* 050 */
/* 051 */
/* 052 */ }

2025-10-31 10:50:58 DEBUG TaskMemoryManager:184 - Task 10 acquired 256.0 KiB for org.apache.spark.unsafe.map.BytesToBytesMap@6d2f8a3e
2025-10-31 10:50:58 DEBUG GenerateUnsafeProjection:204 - code for input[0, double, true],input[1, bigint, true]:
/* 001 */ public java.lang.Object generate(Object[] references) {
/* 002 */   return new SpecificUnsafeProjection(references);
/* 003 */ }
/* 004 */
/* 005 */ class SpecificUnsafeProjection extends org.apache.spark.sql.catalyst.expressions.UnsafeProjection {
/* 006 */
/* 007 */   private Object[] references;
/* 008 */   private org.apache.spark.sql.catalyst.expressions.codegen.UnsafeRowWriter[] mutableStateArray_0 = new org.apache.spark.sql.catalyst.expressions.codegen.UnsafeRowWriter[1];
/* 009 */
/* 010 */   public SpecificUnsafeProjection(Object[] references) {
/* 011 */     this.references = references;
/* 012 */     mutableStateArray_0[0] = new org.apache.spark.sql.catalyst.expressions.codegen.UnsafeRowWriter(2, 0);
/* 013 */
/* 014 */   }
/* 015 */
/* 016 */   public void initialize(int partitionIndex) {
/* 017 */
/* 018 */   }
/* 019 */
/* 020 */   // Scala.Function1 need this
/* 021 */   public java.lang.Object apply(java.lang.Object row) {
/* 022 */     return apply((InternalRow) row);
/* 023 */   }
/* 024 */
/* 025 */   public UnsafeRow apply(InternalRow i) {
/* 026 */     mutableStateArray_0[0].reset();
/* 027 */
/* 028 */
/* 029 */     mutableStateArray_0[0].zeroOutNullBytes();
/* 030 */
/* 031 */     boolean isNull_0 = i.isNullAt(0);
/* 032 */     double value_0 = isNull_0 ?
/* 033 */     -1.0 : (i.getDouble(0));
/* 034 */     if (isNull_0) {
/* 035 */       mutableStateArray_0[0].setNullAt(0);
/* 036 */     } else {
/* 037 */       mutableStateArray_0[0].write(0, value_0);
/* 038 */     }
/* 039 */
/* 040 */     boolean isNull_1 = i.isNullAt(1);
/* 041 */     long value_1 = isNull_1 ?
/* 042 */     -1L : (i.getLong(1));
/* 043 */     if (isNull_1) {
/* 044 */       mutableStateArray_0[0].setNullAt(1);
/* 045 */     } else {
/* 046 */       mutableStateArray_0[0].write(1, value_1);
/* 047 */     }
/* 048 */     return (mutableStateArray_0[0].getRow());
/* 049 */   }
/* 050 */
/* 051 */
/* 052 */ }

2025-10-31 10:50:58 DEBUG MemoryStore:204 - Block broadcast_0 of size 19600 dropped from memory (free 436562529)
2025-10-31 10:50:58 DEBUG GenerateUnsafeProjection:204 - code for input[0, double, true],input[1, bigint, true]:
/* 001 */ public java.lang.Object generate(Object[] references) {
/* 002 */   return new SpecificUnsafeProjection(references);
/* 003 */ }
/* 004 */
/* 005 */ class SpecificUnsafeProjection extends org.apache.spark.sql.catalyst.expressions.UnsafeProjection {
/* 006 */
/* 007 */   private Object[] references;
/* 008 */   private org.apache.spark.sql.catalyst.expressions.codegen.UnsafeRowWriter[] mutableStateArray_0 = new org.apache.spark.sql.catalyst.expressions.codegen.UnsafeRowWriter[1];
/* 009 */
/* 010 */   public SpecificUnsafeProjection(Object[] references) {
/* 011 */     this.references = references;
/* 012 */     mutableStateArray_0[0] = new org.apache.spark.sql.catalyst.expressions.codegen.UnsafeRowWriter(2, 0);
/* 013 */
/* 014 */   }
/* 015 */
/* 016 */   public void initialize(int partitionIndex) {
/* 017 */
/* 018 */   }
/* 019 */
/* 020 */   // Scala.Function1 need this
/* 021 */   public java.lang.Object apply(java.lang.Object row) {
/* 022 */     return apply((InternalRow) row);
/* 023 */   }
/* 024 */
/* 025 */   public UnsafeRow apply(InternalRow i) {
/* 026 */     mutableStateArray_0[0].reset();
/* 027 */
/* 028 */
/* 029 */     mutableStateArray_0[0].zeroOutNullBytes();
/* 030 */
/* 031 */     boolean isNull_0 = i.isNullAt(0);
/* 032 */     double value_0 = isNull_0 ?
/* 033 */     -1.0 : (i.getDouble(0));
/* 034 */     if (isNull_0) {
/* 035 */       mutableStateArray_0[0].setNullAt(0);
/* 036 */     } else {
/* 037 */       mutableStateArray_0[0].write(0, value_0);
/* 038 */     }
/* 039 */
/* 040 */     boolean isNull_1 = i.isNullAt(1);
/* 041 */     long value_1 = isNull_1 ?
/* 042 */     -1L : (i.getLong(1));
/* 043 */     if (isNull_1) {
/* 044 */       mutableStateArray_0[0].setNullAt(1);
/* 045 */     } else {
/* 046 */       mutableStateArray_0[0].write(1, value_1);
/* 047 */     }
/* 048 */     return (mutableStateArray_0[0].getRow());
/* 049 */   }
/* 050 */
/* 051 */
/* 052 */ }

2025-10-31 10:50:58 DEBUG BlockManager:204 - Removing block broadcast_0_piece0
2025-10-31 10:50:58 DEBUG MemoryStore:204 - Block broadcast_0_piece0 of size 9538 dropped from memory (free 436572067)
2025-10-31 10:50:58 DEBUG BlockManagerMasterEndpoint:204 - Updating block info on master broadcast_0_piece0 for BlockManagerId(driver, 192.168.1.204, 42851, None)
2025-10-31 10:50:58 DEBUG BlockManagerInfo:210 - Removed broadcast_0_piece0 on 192.168.1.204:42851 in memory (size: 9.3 KiB, free: 434.4 MiB)
2025-10-31 10:50:58 DEBUG BlockManagerMaster:204 - Updated info of block broadcast_0_piece0
2025-10-31 10:50:58 DEBUG BlockManager:204 - Told master about block broadcast_0_piece0
2025-10-31 10:50:58 DEBUG TaskMemoryManager:184 - Task 13 release 256.0 KiB from org.apache.spark.unsafe.map.BytesToBytesMap@31767e8b
2025-10-31 10:50:58 DEBUG TaskMemoryManager:184 - Task 10 release 256.0 KiB from org.apache.spark.unsafe.map.BytesToBytesMap@6d2f8a3e
2025-10-31 10:50:58 DEBUG TaskMemoryManager:184 - Task 15 release 256.0 KiB from org.apache.spark.unsafe.map.BytesToBytesMap@417d59b3
2025-10-31 10:50:58 DEBUG TaskMemoryManager:184 - Task 12 release 256.0 KiB from org.apache.spark.unsafe.map.BytesToBytesMap@3c0d2097
2025-10-31 10:50:58 DEBUG BlockManagerStorageEndpoint:204 - Done removing broadcast 0, response is 0
2025-10-31 10:50:58 DEBUG BlockManagerStorageEndpoint:204 - Sent response: 0 to 192.168.1.204:37857
2025-10-31 10:50:58 DEBUG ContextCleaner:204 - Cleaned broadcast 0
2025-10-31 10:50:58 DEBUG ContextCleaner:204 - Got cleaning task CleanAccum(8)
2025-10-31 10:50:58 DEBUG ContextCleaner:204 - Cleaning accumulator 8
2025-10-31 10:50:58 DEBUG ContextCleaner:204 - Cleaned accumulator 8
2025-10-31 10:50:58 DEBUG ContextCleaner:204 - Got cleaning task CleanAccum(28)
2025-10-31 10:50:58 DEBUG ContextCleaner:204 - Cleaning accumulator 28
2025-10-31 10:50:58 DEBUG ContextCleaner:204 - Cleaned accumulator 28
2025-10-31 10:50:58 DEBUG ContextCleaner:204 - Got cleaning task CleanAccum(23)
2025-10-31 10:50:58 DEBUG ContextCleaner:204 - Cleaning accumulator 23
2025-10-31 10:50:58 DEBUG ContextCleaner:204 - Cleaned accumulator 23
2025-10-31 10:50:58 DEBUG ContextCleaner:204 - Got cleaning task CleanAccum(29)
2025-10-31 10:50:58 DEBUG ContextCleaner:204 - Cleaning accumulator 29
2025-10-31 10:50:58 DEBUG ContextCleaner:204 - Cleaned accumulator 29
2025-10-31 10:50:58 DEBUG ContextCleaner:204 - Got cleaning task CleanAccum(10)
2025-10-31 10:50:58 DEBUG ContextCleaner:204 - Cleaning accumulator 10
2025-10-31 10:50:58 DEBUG ContextCleaner:204 - Cleaned accumulator 10
2025-10-31 10:50:58 DEBUG ContextCleaner:204 - Got cleaning task CleanAccum(11)
2025-10-31 10:50:58 DEBUG ContextCleaner:204 - Cleaning accumulator 11
2025-10-31 10:50:58 DEBUG ContextCleaner:204 - Cleaned accumulator 11
2025-10-31 10:50:58 DEBUG ContextCleaner:204 - Got cleaning task CleanAccum(14)
2025-10-31 10:50:58 DEBUG ContextCleaner:204 - Cleaning accumulator 14
2025-10-31 10:50:58 DEBUG ContextCleaner:204 - Cleaned accumulator 14
2025-10-31 10:50:58 DEBUG ContextCleaner:204 - Got cleaning task CleanAccum(19)
2025-10-31 10:50:58 DEBUG ContextCleaner:204 - Cleaning accumulator 19
2025-10-31 10:50:58 DEBUG ContextCleaner:204 - Cleaned accumulator 19
2025-10-31 10:50:58 DEBUG ContextCleaner:204 - Got cleaning task CleanAccum(20)
2025-10-31 10:50:58 DEBUG ContextCleaner:204 - Cleaning accumulator 20
2025-10-31 10:50:58 DEBUG TaskMemoryManager:184 - Task 11 release 256.0 KiB from org.apache.spark.unsafe.map.BytesToBytesMap@669ace61
2025-10-31 10:50:58 DEBUG ContextCleaner:204 - Cleaned accumulator 20
2025-10-31 10:50:58 DEBUG ContextCleaner:204 - Got cleaning task CleanAccum(37)
2025-10-31 10:50:58 DEBUG ContextCleaner:204 - Cleaning accumulator 37
2025-10-31 10:50:58 DEBUG TaskMemoryManager:184 - Task 9 release 256.0 KiB from org.apache.spark.unsafe.map.BytesToBytesMap@57b1c6d5
2025-10-31 10:50:58 DEBUG ContextCleaner:204 - Cleaned accumulator 37
2025-10-31 10:50:58 DEBUG ContextCleaner:204 - Got cleaning task CleanAccum(30)
2025-10-31 10:50:58 DEBUG ContextCleaner:204 - Cleaning accumulator 30
2025-10-31 10:50:58 DEBUG ContextCleaner:204 - Cleaned accumulator 30
2025-10-31 10:50:58 DEBUG ContextCleaner:204 - Got cleaning task CleanAccum(36)
2025-10-31 10:50:58 DEBUG ContextCleaner:204 - Cleaning accumulator 36
2025-10-31 10:50:58 DEBUG ContextCleaner:204 - Cleaned accumulator 36
2025-10-31 10:50:58 DEBUG ContextCleaner:204 - Got cleaning task CleanAccum(27)
2025-10-31 10:50:58 DEBUG ContextCleaner:204 - Cleaning accumulator 27
2025-10-31 10:50:58 DEBUG ContextCleaner:204 - Cleaned accumulator 27
2025-10-31 10:50:58 DEBUG ContextCleaner:204 - Got cleaning task CleanAccum(15)
2025-10-31 10:50:58 DEBUG ContextCleaner:204 - Cleaning accumulator 15
2025-10-31 10:50:58 DEBUG ContextCleaner:204 - Cleaned accumulator 15
2025-10-31 10:50:58 DEBUG ContextCleaner:204 - Got cleaning task CleanAccum(32)
2025-10-31 10:50:58 DEBUG ContextCleaner:204 - Cleaning accumulator 32
2025-10-31 10:50:58 DEBUG ContextCleaner:204 - Cleaned accumulator 32
2025-10-31 10:50:58 DEBUG ContextCleaner:204 - Got cleaning task CleanAccum(3)
2025-10-31 10:50:58 DEBUG ContextCleaner:204 - Cleaning accumulator 3
2025-10-31 10:50:58 DEBUG ContextCleaner:204 - Cleaned accumulator 3
2025-10-31 10:50:58 DEBUG ContextCleaner:204 - Got cleaning task CleanAccum(7)
2025-10-31 10:50:58 DEBUG ContextCleaner:204 - Cleaning accumulator 7
2025-10-31 10:50:58 DEBUG ContextCleaner:204 - Cleaned accumulator 7
2025-10-31 10:50:58 DEBUG ContextCleaner:204 - Got cleaning task CleanAccum(25)
2025-10-31 10:50:58 DEBUG ContextCleaner:204 - Cleaning accumulator 25
2025-10-31 10:50:58 DEBUG ContextCleaner:204 - Cleaned accumulator 25
2025-10-31 10:50:58 DEBUG TaskMemoryManager:184 - Task 8 release 256.0 KiB from org.apache.spark.unsafe.map.BytesToBytesMap@690c7f56
2025-10-31 10:50:58 DEBUG ContextCleaner:204 - Got cleaning task CleanAccum(38)
2025-10-31 10:50:58 DEBUG ContextCleaner:204 - Cleaning accumulator 38
2025-10-31 10:50:58 DEBUG ContextCleaner:204 - Cleaned accumulator 38
2025-10-31 10:50:58 DEBUG ContextCleaner:204 - Got cleaning task CleanAccum(33)
2025-10-31 10:50:58 DEBUG ContextCleaner:204 - Cleaning accumulator 33
2025-10-31 10:50:58 DEBUG ContextCleaner:204 - Cleaned accumulator 33
2025-10-31 10:50:58 DEBUG TaskMemoryManager:184 - Task 14 release 256.0 KiB from org.apache.spark.unsafe.map.BytesToBytesMap@1167109b
2025-10-31 10:50:58 DEBUG TaskMemoryManager:184 - Task 11 release 2048.0 KiB from org.apache.spark.sql.catalyst.expressions.FixedLengthRowBasedKeyValueBatch@7c01a7ce
2025-10-31 10:50:58 DEBUG TaskMemoryManager:184 - Task 12 release 2048.0 KiB from org.apache.spark.sql.catalyst.expressions.FixedLengthRowBasedKeyValueBatch@346dd9f6
2025-10-31 10:50:58 DEBUG TaskMemoryManager:184 - Task 8 release 2048.0 KiB from org.apache.spark.sql.catalyst.expressions.FixedLengthRowBasedKeyValueBatch@16a3c555
2025-10-31 10:50:58 DEBUG TaskMemoryManager:184 - Task 10 release 2048.0 KiB from org.apache.spark.sql.catalyst.expressions.FixedLengthRowBasedKeyValueBatch@76e9e0f6
2025-10-31 10:50:58 DEBUG TaskMemoryManager:184 - Task 14 release 2048.0 KiB from org.apache.spark.sql.catalyst.expressions.FixedLengthRowBasedKeyValueBatch@54abdd5e
2025-10-31 10:50:58 DEBUG TaskMemoryManager:184 - Task 13 release 2048.0 KiB from org.apache.spark.sql.catalyst.expressions.FixedLengthRowBasedKeyValueBatch@52c99fdc
2025-10-31 10:50:58 DEBUG TaskMemoryManager:184 - Task 15 release 2048.0 KiB from org.apache.spark.sql.catalyst.expressions.FixedLengthRowBasedKeyValueBatch@5f00728c
2025-10-31 10:50:58 DEBUG TaskMemoryManager:184 - Task 9 release 2048.0 KiB from org.apache.spark.sql.catalyst.expressions.FixedLengthRowBasedKeyValueBatch@78f70e09
2025-10-31 10:50:58 DEBUG LocalDiskShuffleMapOutputWriter:180 - Writing shuffle index file for mapId 12 with length 200
2025-10-31 10:50:58 DEBUG LocalDiskShuffleMapOutputWriter:180 - Writing shuffle index file for mapId 8 with length 200
2025-10-31 10:50:58 DEBUG LocalDiskShuffleMapOutputWriter:180 - Writing shuffle index file for mapId 10 with length 200
2025-10-31 10:50:58 DEBUG LocalDiskShuffleMapOutputWriter:180 - Writing shuffle index file for mapId 11 with length 200
2025-10-31 10:50:58 DEBUG IndexShuffleBlockResolver:204 - Shuffle index for mapId 11: [93,72,0,0,93,68,0,0,0,72,0,93,72,0,0,0,0,0,93,0,0,0,72,0,0,92,72,0,72,0,0,93,0,0,0,0,72,0,0,0,0,72,0,72,0,93,93,72,0,72,93,93,0,0,0,72,0,0,93,0,0,0,0,72,111,0,0,0,72,72,0,72,0,0,0,0,0,72,72,0,0,0,0,72,0,0,0,0,93,0,0,0,0,0,72,0,0,0,0,0,72,0,0,0,0,0,0,72,0,72,72,0,72,0,72,72,93,0,0,0,0,93,72,0,0,72,0,0,72,72,0,0,0,0,0,0,0,72,0,0,93,0,0,72,0,93,0,72,0,0,72,0,0,72,72,0,0,0,0,72,0,72,0,0,93,0,93,72,111,72,0,0,72,0,72,93,0,72,0,72,0,0,72,0,72,72,0,0,0,0,93,0,72,0,0,111,0,0,72,0]
2025-10-31 10:50:58 DEBUG LocalDiskShuffleMapOutputWriter:180 - Writing shuffle index file for mapId 13 with length 200
2025-10-31 10:50:58 INFO  Executor:190 - Finished task 3.0 in stage 1.0 (TID 11). 2574 bytes result sent to driver
2025-10-31 10:50:58 DEBUG ExecutorMetricsPoller:204 - stageTCMP: (1, 0) -> 7
2025-10-31 10:50:58 DEBUG TaskSchedulerImpl:204 - parentName: , name: TaskSet_1.0, runningTasks: 7
2025-10-31 10:50:58 DEBUG TaskSetManager:204 - No tasks for locality level NO_PREF, so moving to locality level ANY
2025-10-31 10:50:58 INFO  TaskSetManager:190 - Finished task 3.0 in stage 1.0 (TID 11) in 371 ms on 192.168.1.204 (executor driver) (1/8)
2025-10-31 10:50:58 DEBUG IndexShuffleBlockResolver:204 - Shuffle index for mapId 8: [93,72,0,0,93,68,0,0,0,72,0,93,72,0,0,0,0,0,93,0,0,0,72,0,0,92,72,0,72,0,0,93,0,0,0,0,72,0,0,0,0,72,0,72,0,93,93,72,0,72,93,93,0,0,0,72,0,0,93,0,0,0,0,72,111,0,0,0,72,72,0,72,0,0,0,0,0,72,72,0,0,0,0,72,0,0,0,0,93,0,0,0,0,0,72,0,0,0,0,0,72,0,0,0,0,0,0,72,0,72,72,0,72,0,72,72,93,0,0,0,0,93,72,0,0,72,0,0,72,72,0,0,0,0,0,0,0,72,0,0,93,0,0,72,0,93,0,72,0,0,72,0,0,72,72,0,0,0,0,72,0,72,0,0,93,0,93,72,111,72,0,0,72,0,72,93,0,72,0,72,0,0,72,0,72,72,0,0,0,0,93,0,72,0,0,111,0,0,72,0]
2025-10-31 10:50:58 DEBUG DAGScheduler:204 - ShuffleMapTask finished on driver
2025-10-31 10:50:58 DEBUG LocalDiskShuffleMapOutputWriter:180 - Writing shuffle index file for mapId 9 with length 200
2025-10-31 10:50:58 DEBUG LocalDiskShuffleMapOutputWriter:180 - Writing shuffle index file for mapId 15 with length 200
2025-10-31 10:50:58 DEBUG IndexShuffleBlockResolver:204 - Shuffle index for mapId 9: [93,72,0,0,93,68,0,0,0,72,0,93,72,0,0,0,0,0,93,0,0,0,72,0,0,92,72,0,72,0,0,93,0,0,0,0,72,0,0,0,0,72,0,72,0,93,93,72,0,72,93,93,0,0,0,72,0,0,93,0,0,0,0,72,111,0,0,0,72,72,0,72,0,0,0,0,0,72,72,0,0,0,0,72,0,0,0,0,93,0,0,0,0,0,72,0,0,0,0,0,72,0,0,0,0,0,0,72,0,72,72,0,72,0,72,72,93,0,0,0,0,93,72,0,0,72,0,0,72,72,0,0,0,0,0,0,0,72,0,0,93,0,0,72,0,93,0,72,0,0,72,0,0,72,72,0,0,0,0,72,0,72,0,0,93,0,93,72,111,72,0,0,72,0,72,93,0,72,0,72,0,0,72,0,72,72,0,0,0,0,93,0,72,0,0,111,0,0,72,0]
2025-10-31 10:50:58 INFO  Executor:190 - Finished task 0.0 in stage 1.0 (TID 8). 2531 bytes result sent to driver
2025-10-31 10:50:58 DEBUG IndexShuffleBlockResolver:204 - Shuffle index for mapId 12: [93,72,0,0,93,68,0,0,0,72,0,93,72,0,0,0,0,0,93,0,0,0,72,0,0,92,72,0,72,0,0,93,0,0,0,0,72,0,0,0,0,72,0,72,0,93,93,72,0,72,93,93,0,0,0,72,0,0,93,0,0,0,0,72,111,0,0,0,72,72,0,72,0,0,0,0,0,72,72,0,0,0,0,72,0,0,0,0,93,0,0,0,0,0,72,0,0,0,0,0,72,0,0,0,0,0,0,72,0,72,72,0,72,0,72,72,93,0,0,0,0,93,72,0,0,72,0,0,72,72,0,0,0,0,0,0,0,72,0,0,93,0,0,72,0,93,0,72,0,0,72,0,0,72,72,0,0,0,0,72,0,72,0,0,93,0,93,72,111,72,0,0,72,0,72,93,0,72,0,72,0,0,72,0,72,72,0,0,0,0,93,0,72,0,0,111,0,0,72,0]
2025-10-31 10:50:58 DEBUG ExecutorMetricsPoller:204 - stageTCMP: (1, 0) -> 6
2025-10-31 10:50:58 DEBUG LocalDiskShuffleMapOutputWriter:180 - Writing shuffle index file for mapId 14 with length 200
2025-10-31 10:50:58 INFO  TaskSetManager:190 - Finished task 0.0 in stage 1.0 (TID 8) in 376 ms on 192.168.1.204 (executor driver) (2/8)
2025-10-31 10:50:58 DEBUG IndexShuffleBlockResolver:204 - Shuffle index for mapId 14: [93,72,0,0,93,68,0,0,0,72,0,93,72,0,0,0,0,0,93,0,0,0,72,0,0,92,72,0,72,0,0,93,0,0,0,0,72,0,0,0,0,72,0,72,0,93,93,72,0,72,93,93,0,0,0,72,0,0,93,0,0,0,0,72,111,0,0,0,72,72,0,72,0,0,0,0,0,72,72,0,0,0,0,72,0,0,0,0,93,0,0,0,0,0,72,0,0,0,0,0,72,0,0,0,0,0,0,72,0,72,72,0,72,0,72,72,93,0,0,0,0,93,72,0,0,72,0,0,72,72,0,0,0,0,0,0,0,72,0,0,93,0,0,72,0,93,0,72,0,0,72,0,0,72,72,0,0,0,0,72,0,72,0,0,93,0,93,72,110,72,0,0,72,0,72,93,0,72,0,72,0,0,72,0,72,72,0,0,0,0,93,0,72,0,0,111,0,0,72,0]
2025-10-31 10:50:58 INFO  Executor:190 - Finished task 4.0 in stage 1.0 (TID 12). 2531 bytes result sent to driver
2025-10-31 10:50:58 DEBUG DAGScheduler:204 - ShuffleMapTask finished on driver
2025-10-31 10:50:58 DEBUG ExecutorMetricsPoller:204 - stageTCMP: (1, 0) -> 5
2025-10-31 10:50:58 INFO  Executor:190 - Finished task 1.0 in stage 1.0 (TID 9). 2531 bytes result sent to driver
2025-10-31 10:50:58 DEBUG IndexShuffleBlockResolver:204 - Shuffle index for mapId 15: [93,72,0,0,93,68,0,0,0,72,0,93,72,0,0,0,0,0,93,0,0,0,72,0,0,92,72,0,72,0,0,93,0,0,0,0,72,0,0,0,0,72,0,72,0,93,93,72,0,72,93,93,0,0,0,72,0,0,93,0,0,0,0,72,111,0,0,0,72,72,0,72,0,0,0,0,0,72,72,0,0,0,0,72,0,0,0,0,93,0,0,0,0,0,72,0,0,0,0,0,72,0,0,0,0,0,0,72,0,72,72,0,72,0,72,72,93,0,0,0,0,93,72,0,0,72,0,0,72,72,0,0,0,0,0,0,0,72,0,0,93,0,0,72,0,93,0,72,0,0,72,0,0,72,72,0,0,0,0,72,0,72,0,0,93,0,93,72,110,72,0,0,72,0,72,93,0,72,0,72,0,0,72,0,72,72,0,0,0,0,93,0,72,0,0,111,0,0,72,0]
2025-10-31 10:50:58 DEBUG ExecutorMetricsPoller:204 - stageTCMP: (1, 0) -> 4
2025-10-31 10:50:58 INFO  TaskSetManager:190 - Finished task 4.0 in stage 1.0 (TID 12) in 375 ms on 192.168.1.204 (executor driver) (3/8)
2025-10-31 10:50:58 INFO  Executor:190 - Finished task 6.0 in stage 1.0 (TID 14). 2531 bytes result sent to driver
2025-10-31 10:50:58 INFO  TaskSetManager:190 - Finished task 1.0 in stage 1.0 (TID 9) in 377 ms on 192.168.1.204 (executor driver) (4/8)
2025-10-31 10:50:58 DEBUG ExecutorMetricsPoller:204 - stageTCMP: (1, 0) -> 3
2025-10-31 10:50:58 DEBUG DAGScheduler:204 - ShuffleMapTask finished on driver
2025-10-31 10:50:58 INFO  Executor:190 - Finished task 7.0 in stage 1.0 (TID 15). 2531 bytes result sent to driver
2025-10-31 10:50:58 INFO  TaskSetManager:190 - Finished task 6.0 in stage 1.0 (TID 14) in 376 ms on 192.168.1.204 (executor driver) (5/8)
2025-10-31 10:50:58 DEBUG ExecutorMetricsPoller:204 - stageTCMP: (1, 0) -> 2
2025-10-31 10:50:58 DEBUG DAGScheduler:204 - ShuffleMapTask finished on driver
2025-10-31 10:50:58 DEBUG DAGScheduler:204 - ShuffleMapTask finished on driver
2025-10-31 10:50:58 INFO  TaskSetManager:190 - Finished task 7.0 in stage 1.0 (TID 15) in 381 ms on 192.168.1.204 (executor driver) (6/8)
2025-10-31 10:50:58 DEBUG IndexShuffleBlockResolver:204 - Shuffle index for mapId 10: [93,72,0,0,93,68,0,0,0,72,0,93,72,0,0,0,0,0,93,0,0,0,72,0,0,92,72,0,72,0,0,93,0,0,0,0,72,0,0,0,0,71,0,72,0,93,93,72,0,72,93,93,0,0,0,72,0,0,93,0,0,0,0,72,111,0,0,0,72,72,0,72,0,0,0,0,0,72,72,0,0,0,0,72,0,0,0,0,93,0,0,0,0,0,72,0,0,0,0,0,72,0,0,0,0,0,0,72,0,72,72,0,72,0,72,72,93,0,0,0,0,93,72,0,0,72,0,0,72,72,0,0,0,0,0,0,0,72,0,0,93,0,0,72,0,93,0,72,0,0,72,0,0,72,72,0,0,0,0,72,0,72,0,0,93,0,93,72,111,72,0,0,72,0,72,93,0,72,0,72,0,0,72,0,72,72,0,0,0,0,93,0,72,0,0,111,0,0,72,0]
2025-10-31 10:50:58 DEBUG IndexShuffleBlockResolver:204 - Shuffle index for mapId 13: [93,72,0,0,93,68,0,0,0,72,0,93,72,0,0,0,0,0,93,0,0,0,72,0,0,92,72,0,72,0,0,93,0,0,0,0,72,0,0,0,0,72,0,72,0,93,93,72,0,72,93,93,0,0,0,72,0,0,93,0,0,0,0,72,111,0,0,0,72,72,0,72,0,0,0,0,0,72,72,0,0,0,0,72,0,0,0,0,93,0,0,0,0,0,72,0,0,0,0,0,72,0,0,0,0,0,0,72,0,72,72,0,72,0,72,72,93,0,0,0,0,93,72,0,0,72,0,0,72,72,0,0,0,0,0,0,0,72,0,0,93,0,0,72,0,93,0,72,0,0,72,0,0,72,72,0,0,0,0,72,0,72,0,0,93,0,93,72,111,72,0,0,72,0,72,93,0,71,0,72,0,0,72,0,72,72,0,0,0,0,93,0,72,0,0,111,0,0,72,0]
2025-10-31 10:50:58 DEBUG DAGScheduler:204 - ShuffleMapTask finished on driver
2025-10-31 10:50:58 INFO  Executor:190 - Finished task 2.0 in stage 1.0 (TID 10). 2531 bytes result sent to driver
2025-10-31 10:50:58 INFO  Executor:190 - Finished task 5.0 in stage 1.0 (TID 13). 2531 bytes result sent to driver
2025-10-31 10:50:58 DEBUG ExecutorMetricsPoller:204 - stageTCMP: (1, 0) -> 1
2025-10-31 10:50:58 INFO  TaskSetManager:190 - Finished task 5.0 in stage 1.0 (TID 13) in 387 ms on 192.168.1.204 (executor driver) (7/8)
2025-10-31 10:50:58 DEBUG DAGScheduler:204 - ShuffleMapTask finished on driver
2025-10-31 10:50:58 INFO  TaskSetManager:190 - Finished task 2.0 in stage 1.0 (TID 10) in 389 ms on 192.168.1.204 (executor driver) (8/8)
2025-10-31 10:50:58 INFO  TaskSchedulerImpl:190 - Removed TaskSet 1.0 whose tasks have all completed, from pool 
2025-10-31 10:50:58 DEBUG ExecutorMetricsPoller:204 - stageTCMP: (1, 0) -> 0
2025-10-31 10:50:58 DEBUG DAGScheduler:204 - ShuffleMapTask finished on driver
2025-10-31 10:50:58 INFO  DAGScheduler:190 - ShuffleMapStage 1 ($anonfun$withThreadLocalCaptured$2 at CompletableFuture.java:1768) finished in 404 ms
2025-10-31 10:50:58 INFO  DAGScheduler:184 - looking for newly runnable stages
2025-10-31 10:50:58 INFO  DAGScheduler:190 - running: HashSet()
2025-10-31 10:50:58 INFO  DAGScheduler:190 - waiting: HashSet()
2025-10-31 10:50:58 INFO  DAGScheduler:190 - failed: HashSet()
2025-10-31 10:50:58 DEBUG MapOutputTrackerMaster:204 - Increasing epoch to 1
2025-10-31 10:50:58 DEBUG DAGScheduler:204 - After removal of stage 1, remaining stages = 0
2025-10-31 10:50:58 DEBUG LogicalQueryStage:204 - Physical stats available as Statistics(sizeInBytes=25.0 KiB, rowCount=800) for plan: HashAggregate(keys=[_groupingexpression#11L], functions=[avg(squared#2)], output=[group#3L, avg(squared)#8])
+- ShuffleQueryStage 0
   +- Exchange hashpartitioning(_groupingexpression#11L, 200), ENSURE_REQUIREMENTS, [plan_id=43]
      +- *(1) HashAggregate(keys=[_groupingexpression#11L], functions=[partial_avg(squared#2)], output=[_groupingexpression#11L, sum#14, count#15L])
         +- *(1) Project [(random_val#1 * random_val#1) AS squared#2, (id#0L % 100) AS _groupingexpression#11L]
            +- *(1) Project [id#0L, rand(6374308552798896638) AS random_val#1]
               +- *(1) Range (0, 99999, step=1, splits=8)

2025-10-31 10:50:58 INFO  ShufflePartitionsUtil:190 - For shuffle(0, advisory target size: 67108864, actual target size 1048576, minimum partition size: 1048576
2025-10-31 10:50:58 DEBUG ResultQueryStageExec:204 - Materialize query stage: ResultQueryStageExec-1
2025-10-31 10:50:58 DEBUG GenerateOrdering:204 - Generated Ordering by input[0, bigint, true] ASC NULLS FIRST:
/* 001 */ public SpecificOrdering generate(Object[] references) {
/* 002 */   return new SpecificOrdering(references);
/* 003 */ }
/* 004 */
/* 005 */ class SpecificOrdering extends org.apache.spark.sql.catalyst.expressions.BaseOrdering {
/* 006 */
/* 007 */   private Object[] references;
/* 008 */
/* 009 */
/* 010 */   public SpecificOrdering(Object[] references) {
/* 011 */     this.references = references;
/* 012 */
/* 013 */   }
/* 014 */
/* 015 */   public int compare(InternalRow a, InternalRow b) {
/* 016 */
/* 017 */     boolean isNull_0 = a.isNullAt(0);
/* 018 */     long value_0 = isNull_0 ?
/* 019 */     -1L : (a.getLong(0));
/* 020 */     boolean isNull_1 = b.isNullAt(0);
/* 021 */     long value_1 = isNull_1 ?
/* 022 */     -1L : (b.getLong(0));
/* 023 */     if (isNull_0 && isNull_1) {
/* 024 */       // Nothing
/* 025 */     } else if (isNull_0) {
/* 026 */       return -1;
/* 027 */     } else if (isNull_1) {
/* 028 */       return 1;
/* 029 */     } else {
/* 030 */       int comp = (value_0 > value_1 ? 1 : value_0 < value_1 ? -1 : 0);
/* 031 */       if (comp != 0) {
/* 032 */         return comp;
/* 033 */       }
/* 034 */     }
/* 035 */
/* 036 */     return 0;
/* 037 */   }
/* 038 */
/* 039 */
/* 040 */ }

2025-10-31 10:50:58 DEBUG CodeGenerator:204 - 
/* 001 */ public SpecificOrdering generate(Object[] references) {
/* 002 */   return new SpecificOrdering(references);
/* 003 */ }
/* 004 */
/* 005 */ class SpecificOrdering extends org.apache.spark.sql.catalyst.expressions.BaseOrdering {
/* 006 */
/* 007 */   private Object[] references;
/* 008 */
/* 009 */
/* 010 */   public SpecificOrdering(Object[] references) {
/* 011 */     this.references = references;
/* 012 */
/* 013 */   }
/* 014 */
/* 015 */   public int compare(InternalRow a, InternalRow b) {
/* 016 */
/* 017 */     boolean isNull_0 = a.isNullAt(0);
/* 018 */     long value_0 = isNull_0 ?
/* 019 */     -1L : (a.getLong(0));
/* 020 */     boolean isNull_1 = b.isNullAt(0);
/* 021 */     long value_1 = isNull_1 ?
/* 022 */     -1L : (b.getLong(0));
/* 023 */     if (isNull_0 && isNull_1) {
/* 024 */       // Nothing
/* 025 */     } else if (isNull_0) {
/* 026 */       return -1;
/* 027 */     } else if (isNull_1) {
/* 028 */       return 1;
/* 029 */     } else {
/* 030 */       int comp = (value_0 > value_1 ? 1 : value_0 < value_1 ? -1 : 0);
/* 031 */       if (comp != 0) {
/* 032 */         return comp;
/* 033 */       }
/* 034 */     }
/* 035 */
/* 036 */     return 0;
/* 037 */   }
/* 038 */
/* 039 */
/* 040 */ }

2025-10-31 10:50:58 INFO  CodeGenerator:190 - Code generated in 12.15966 ms
2025-10-31 10:50:58 INFO  HashAggregateExec:190 - spark.sql.codegen.aggregate.map.twolevel.enabled is set to true, but current version of codegened fast hashmap does not support this aggregate.
2025-10-31 10:50:58 DEBUG WholeStageCodegenExec:204 - 
/* 001 */ public Object generate(Object[] references) {
/* 002 */   return new GeneratedIteratorForCodegenStage2(references);
/* 003 */ }
/* 004 */
/* 005 */ // codegenStageId=2
/* 006 */ final class GeneratedIteratorForCodegenStage2 extends org.apache.spark.sql.execution.BufferedRowIterator {
/* 007 */   private Object[] references;
/* 008 */   private scala.collection.Iterator[] inputs;
/* 009 */   private boolean hashAgg_initAgg_0;
/* 010 */   private org.apache.spark.unsafe.KVIterator hashAgg_mapIter_0;
/* 011 */   private org.apache.spark.sql.execution.UnsafeFixedWidthAggregationMap hashAgg_hashMap_0;
/* 012 */   private org.apache.spark.sql.execution.UnsafeKVExternalSorter hashAgg_sorter_0;
/* 013 */   private scala.collection.Iterator inputadapter_input_0;
/* 014 */   private org.apache.spark.sql.catalyst.expressions.codegen.UnsafeRowWriter[] hashAgg_mutableStateArray_0 = new org.apache.spark.sql.catalyst.expressions.codegen.UnsafeRowWriter[2];
/* 015 */
/* 016 */   public GeneratedIteratorForCodegenStage2(Object[] references) {
/* 017 */     this.references = references;
/* 018 */   }
/* 019 */
/* 020 */   public void init(int index, scala.collection.Iterator[] inputs) {
/* 021 */     partitionIndex = index;
/* 022 */     this.inputs = inputs;
/* 023 */
/* 024 */     inputadapter_input_0 = inputs[0];
/* 025 */     hashAgg_mutableStateArray_0[0] = new org.apache.spark.sql.catalyst.expressions.codegen.UnsafeRowWriter(1, 0);
/* 026 */     hashAgg_mutableStateArray_0[1] = new org.apache.spark.sql.catalyst.expressions.codegen.UnsafeRowWriter(2, 0);
/* 027 */
/* 028 */   }
/* 029 */
/* 030 */   private void hashAgg_doAggregateWithKeysOutput_0(UnsafeRow hashAgg_keyTerm_0, UnsafeRow hashAgg_bufferTerm_0)
/* 031 */   throws java.io.IOException {
/* 032 */     ((org.apache.spark.sql.execution.metric.SQLMetric) references[6] /* numOutputRows */).add(1);
/* 033 */
/* 034 */     boolean hashAgg_isNull_8 = hashAgg_keyTerm_0.isNullAt(0);
/* 035 */     long hashAgg_value_8 = hashAgg_isNull_8 ?
/* 036 */     -1L : (hashAgg_keyTerm_0.getLong(0));
/* 037 */     boolean hashAgg_isNull_9 = hashAgg_bufferTerm_0.isNullAt(0);
/* 038 */     double hashAgg_value_9 = hashAgg_isNull_9 ?
/* 039 */     -1.0 : (hashAgg_bufferTerm_0.getDouble(0));
/* 040 */     boolean hashAgg_isNull_10 = hashAgg_bufferTerm_0.isNullAt(1);
/* 041 */     long hashAgg_value_10 = hashAgg_isNull_10 ?
/* 042 */     -1L : (hashAgg_bufferTerm_0.getLong(1));
/* 043 */     boolean hashAgg_isNull_13 = hashAgg_isNull_10;
/* 044 */     double hashAgg_value_13 = -1.0;
/* 045 */     if (!hashAgg_isNull_10) {
/* 046 */       hashAgg_value_13 = (double) hashAgg_value_10;
/* 047 */     }
/* 048 */     boolean hashAgg_isNull_11 = false;
/* 049 */     double hashAgg_value_11 = -1.0;
/* 050 */     if (hashAgg_isNull_13 || hashAgg_value_13 == 0) {
/* 051 */       hashAgg_isNull_11 = true;
/* 052 */     } else {
/* 053 */       if (hashAgg_isNull_9) {
/* 054 */         hashAgg_isNull_11 = true;
/* 055 */       } else {
/* 056 */         hashAgg_value_11 = (double)(hashAgg_value_9 / hashAgg_value_13);
/* 057 */       }
/* 058 */     }
/* 059 */
/* 060 */     hashAgg_mutableStateArray_0[1].reset();
/* 061 */
/* 062 */     hashAgg_mutableStateArray_0[1].zeroOutNullBytes();
/* 063 */
/* 064 */     if (hashAgg_isNull_8) {
/* 065 */       hashAgg_mutableStateArray_0[1].setNullAt(0);
/* 066 */     } else {
/* 067 */       hashAgg_mutableStateArray_0[1].write(0, hashAgg_value_8);
/* 068 */     }
/* 069 */
/* 070 */     if (hashAgg_isNull_11) {
/* 071 */       hashAgg_mutableStateArray_0[1].setNullAt(1);
/* 072 */     } else {
/* 073 */       hashAgg_mutableStateArray_0[1].write(1, hashAgg_value_11);
/* 074 */     }
/* 075 */     append((hashAgg_mutableStateArray_0[1].getRow()));
/* 076 */
/* 077 */   }
/* 078 */
/* 079 */   private void hashAgg_doAggregateWithKeys_0() throws java.io.IOException {
/* 080 */     while ( inputadapter_input_0.hasNext()) {
/* 081 */       InternalRow inputadapter_row_0 = (InternalRow) inputadapter_input_0.next();
/* 082 */
/* 083 */       boolean inputadapter_isNull_0 = inputadapter_row_0.isNullAt(0);
/* 084 */       long inputadapter_value_0 = inputadapter_isNull_0 ?
/* 085 */       -1L : (inputadapter_row_0.getLong(0));
/* 086 */       boolean inputadapter_isNull_1 = inputadapter_row_0.isNullAt(1);
/* 087 */       double inputadapter_value_1 = inputadapter_isNull_1 ?
/* 088 */       -1.0 : (inputadapter_row_0.getDouble(1));
/* 089 */       boolean inputadapter_isNull_2 = inputadapter_row_0.isNullAt(2);
/* 090 */       long inputadapter_value_2 = inputadapter_isNull_2 ?
/* 091 */       -1L : (inputadapter_row_0.getLong(2));
/* 092 */
/* 093 */       hashAgg_doConsume_0(inputadapter_row_0, inputadapter_value_0, inputadapter_isNull_0, inputadapter_value_1, inputadapter_isNull_1, inputadapter_value_2, inputadapter_isNull_2);
/* 094 */       // shouldStop check is eliminated
/* 095 */     }
/* 096 */
/* 097 */     hashAgg_mapIter_0 = ((org.apache.spark.sql.execution.aggregate.HashAggregateExec) references[0] /* plan */).finishAggregate(hashAgg_hashMap_0, hashAgg_sorter_0, ((org.apache.spark.sql.execution.metric.SQLMetric) references[1] /* peakMemory */), ((org.apache.spark.sql.execution.metric.SQLMetric) references[2] /* spillSize */), ((org.apache.spark.sql.execution.metric.SQLMetric) references[3] /* avgHashProbe */), ((org.apache.spark.sql.execution.metric.SQLMetric) references[4] /* numTasksFallBacked */));
/* 098 */   }
/* 099 */
/* 100 */   private void hashAgg_doConsume_0(InternalRow inputadapter_row_0, long hashAgg_expr_0_0, boolean hashAgg_exprIsNull_0_0, double hashAgg_expr_1_0, boolean hashAgg_exprIsNull_1_0, long hashAgg_expr_2_0, boolean hashAgg_exprIsNull_2_0) throws java.io.IOException {
/* 101 */     UnsafeRow hashAgg_unsafeRowAggBuffer_0 = null;
/* 102 */
/* 103 */     // generate grouping key
/* 104 */     hashAgg_mutableStateArray_0[0].reset();
/* 105 */
/* 106 */     hashAgg_mutableStateArray_0[0].zeroOutNullBytes();
/* 107 */
/* 108 */     if (hashAgg_exprIsNull_0_0) {
/* 109 */       hashAgg_mutableStateArray_0[0].setNullAt(0);
/* 110 */     } else {
/* 111 */       hashAgg_mutableStateArray_0[0].write(0, hashAgg_expr_0_0);
/* 112 */     }
/* 113 */     int hashAgg_unsafeRowKeyHash_0 = (hashAgg_mutableStateArray_0[0].getRow()).hashCode();
/* 114 */     if (true) {
/* 115 */       // try to get the buffer from hash map
/* 116 */       hashAgg_unsafeRowAggBuffer_0 =
/* 117 */       hashAgg_hashMap_0.getAggregationBufferFromUnsafeRow((hashAgg_mutableStateArray_0[0].getRow()), hashAgg_unsafeRowKeyHash_0);
/* 118 */     }
/* 119 */     // Can't allocate buffer from the hash map. Spill the map and fallback to sort-based
/* 120 */     // aggregation after processing all input rows.
/* 121 */     if (hashAgg_unsafeRowAggBuffer_0 == null) {
/* 122 */       if (hashAgg_sorter_0 == null) {
/* 123 */         hashAgg_sorter_0 = hashAgg_hashMap_0.destructAndCreateExternalSorter();
/* 124 */       } else {
/* 125 */         hashAgg_sorter_0.merge(hashAgg_hashMap_0.destructAndCreateExternalSorter());
/* 126 */       }
/* 127 */
/* 128 */       // the hash map had be spilled, it should have enough memory now,
/* 129 */       // try to allocate buffer again.
/* 130 */       hashAgg_unsafeRowAggBuffer_0 = hashAgg_hashMap_0.getAggregationBufferFromUnsafeRow(
/* 131 */         (hashAgg_mutableStateArray_0[0].getRow()), hashAgg_unsafeRowKeyHash_0);
/* 132 */       if (hashAgg_unsafeRowAggBuffer_0 == null) {
/* 133 */         // failed to allocate the first page
/* 134 */         throw new org.apache.spark.memory.SparkOutOfMemoryError("_LEGACY_ERROR_TEMP_3302", new java.util.HashMap());
/* 135 */       }
/* 136 */     }
/* 137 */
/* 138 */     // common sub-expressions
/* 139 */
/* 140 */     // evaluate aggregate functions and update aggregation buffers
/* 141 */     hashAgg_doAggregate_avg_0(hashAgg_exprIsNull_2_0, hashAgg_expr_2_0, hashAgg_exprIsNull_1_0, hashAgg_expr_1_0, hashAgg_unsafeRowAggBuffer_0);
/* 142 */
/* 143 */   }
/* 144 */
/* 145 */   protected void processNext() throws java.io.IOException {
/* 146 */     if (!hashAgg_initAgg_0) {
/* 147 */       hashAgg_initAgg_0 = true;
/* 148 */
/* 149 */       hashAgg_hashMap_0 = ((org.apache.spark.sql.execution.aggregate.HashAggregateExec) references[0] /* plan */).createHashMap();
/* 150 */       long wholestagecodegen_beforeAgg_0 = System.nanoTime();
/* 151 */       hashAgg_doAggregateWithKeys_0();
/* 152 */       ((org.apache.spark.sql.execution.metric.SQLMetric) references[7] /* aggTime */).add((System.nanoTime() - wholestagecodegen_beforeAgg_0) / 1000000);
/* 153 */     }
/* 154 */     // output the result
/* 155 */
/* 156 */     while ( hashAgg_mapIter_0.next()) {
/* 157 */       UnsafeRow hashAgg_aggKey_0 = (UnsafeRow) hashAgg_mapIter_0.getKey();
/* 158 */       UnsafeRow hashAgg_aggBuffer_0 = (UnsafeRow) hashAgg_mapIter_0.getValue();
/* 159 */       hashAgg_doAggregateWithKeysOutput_0(hashAgg_aggKey_0, hashAgg_aggBuffer_0);
/* 160 */       if (shouldStop()) return;
/* 161 */     }
/* 162 */     hashAgg_mapIter_0.close();
/* 163 */     if (hashAgg_sorter_0 == null) {
/* 164 */       hashAgg_hashMap_0.free();
/* 165 */     }
/* 166 */   }
/* 167 */
/* 168 */   private void hashAgg_doAggregate_avg_0(boolean hashAgg_exprIsNull_2_0, long hashAgg_expr_2_0, boolean hashAgg_exprIsNull_1_0, double hashAgg_expr_1_0, org.apache.spark.sql.catalyst.InternalRow hashAgg_unsafeRowAggBuffer_0) throws java.io.IOException {
/* 169 */     boolean hashAgg_isNull_2 = true;
/* 170 */     double hashAgg_value_2 = -1.0;
/* 171 */     boolean hashAgg_isNull_3 = hashAgg_unsafeRowAggBuffer_0.isNullAt(0);
/* 172 */     double hashAgg_value_3 = hashAgg_isNull_3 ?
/* 173 */     -1.0 : (hashAgg_unsafeRowAggBuffer_0.getDouble(0));
/* 174 */     if (!hashAgg_isNull_3) {
/* 175 */       if (!hashAgg_exprIsNull_1_0) {
/* 176 */         hashAgg_isNull_2 = false; // resultCode could change nullability.
/* 177 */
/* 178 */         hashAgg_value_2 = hashAgg_value_3 + hashAgg_expr_1_0;
/* 179 */
/* 180 */       }
/* 181 */
/* 182 */     }
/* 183 */     boolean hashAgg_isNull_5 = true;
/* 184 */     long hashAgg_value_5 = -1L;
/* 185 */     boolean hashAgg_isNull_6 = hashAgg_unsafeRowAggBuffer_0.isNullAt(1);
/* 186 */     long hashAgg_value_6 = hashAgg_isNull_6 ?
/* 187 */     -1L : (hashAgg_unsafeRowAggBuffer_0.getLong(1));
/* 188 */     if (!hashAgg_isNull_6) {
/* 189 */       if (!hashAgg_exprIsNull_2_0) {
/* 190 */         hashAgg_isNull_5 = false; // resultCode could change nullability.
/* 191 */
/* 192 */         hashAgg_value_5 = org.apache.spark.sql.catalyst.util.MathUtils.addExact(hashAgg_value_6, hashAgg_expr_2_0, ((org.apache.spark.sql.catalyst.trees.SQLQueryContext) references[5] /* errCtx */));
/* 193 */
/* 194 */       }
/* 195 */
/* 196 */     }
/* 197 */
/* 198 */     if (!hashAgg_isNull_2) {
/* 199 */       hashAgg_unsafeRowAggBuffer_0.setDouble(0, hashAgg_value_2);
/* 200 */     } else {
/* 201 */       hashAgg_unsafeRowAggBuffer_0.setNullAt(0);
/* 202 */     }
/* 203 */
/* 204 */     if (!hashAgg_isNull_5) {
/* 205 */       hashAgg_unsafeRowAggBuffer_0.setLong(1, hashAgg_value_5);
/* 206 */     } else {
/* 207 */       hashAgg_unsafeRowAggBuffer_0.setNullAt(1);
/* 208 */     }
/* 209 */   }
/* 210 */
/* 211 */ }

2025-10-31 10:50:58 DEBUG CodeGenerator:204 - 
/* 001 */ public Object generate(Object[] references) {
/* 002 */   return new GeneratedIteratorForCodegenStage2(references);
/* 003 */ }
/* 004 */
/* 005 */ // codegenStageId=2
/* 006 */ final class GeneratedIteratorForCodegenStage2 extends org.apache.spark.sql.execution.BufferedRowIterator {
/* 007 */   private Object[] references;
/* 008 */   private scala.collection.Iterator[] inputs;
/* 009 */   private boolean hashAgg_initAgg_0;
/* 010 */   private org.apache.spark.unsafe.KVIterator hashAgg_mapIter_0;
/* 011 */   private org.apache.spark.sql.execution.UnsafeFixedWidthAggregationMap hashAgg_hashMap_0;
/* 012 */   private org.apache.spark.sql.execution.UnsafeKVExternalSorter hashAgg_sorter_0;
/* 013 */   private scala.collection.Iterator inputadapter_input_0;
/* 014 */   private org.apache.spark.sql.catalyst.expressions.codegen.UnsafeRowWriter[] hashAgg_mutableStateArray_0 = new org.apache.spark.sql.catalyst.expressions.codegen.UnsafeRowWriter[2];
/* 015 */
/* 016 */   public GeneratedIteratorForCodegenStage2(Object[] references) {
/* 017 */     this.references = references;
/* 018 */   }
/* 019 */
/* 020 */   public void init(int index, scala.collection.Iterator[] inputs) {
/* 021 */     partitionIndex = index;
/* 022 */     this.inputs = inputs;
/* 023 */
/* 024 */     inputadapter_input_0 = inputs[0];
/* 025 */     hashAgg_mutableStateArray_0[0] = new org.apache.spark.sql.catalyst.expressions.codegen.UnsafeRowWriter(1, 0);
/* 026 */     hashAgg_mutableStateArray_0[1] = new org.apache.spark.sql.catalyst.expressions.codegen.UnsafeRowWriter(2, 0);
/* 027 */
/* 028 */   }
/* 029 */
/* 030 */   private void hashAgg_doAggregateWithKeysOutput_0(UnsafeRow hashAgg_keyTerm_0, UnsafeRow hashAgg_bufferTerm_0)
/* 031 */   throws java.io.IOException {
/* 032 */     ((org.apache.spark.sql.execution.metric.SQLMetric) references[6] /* numOutputRows */).add(1);
/* 033 */
/* 034 */     boolean hashAgg_isNull_8 = hashAgg_keyTerm_0.isNullAt(0);
/* 035 */     long hashAgg_value_8 = hashAgg_isNull_8 ?
/* 036 */     -1L : (hashAgg_keyTerm_0.getLong(0));
/* 037 */     boolean hashAgg_isNull_9 = hashAgg_bufferTerm_0.isNullAt(0);
/* 038 */     double hashAgg_value_9 = hashAgg_isNull_9 ?
/* 039 */     -1.0 : (hashAgg_bufferTerm_0.getDouble(0));
/* 040 */     boolean hashAgg_isNull_10 = hashAgg_bufferTerm_0.isNullAt(1);
/* 041 */     long hashAgg_value_10 = hashAgg_isNull_10 ?
/* 042 */     -1L : (hashAgg_bufferTerm_0.getLong(1));
/* 043 */     boolean hashAgg_isNull_13 = hashAgg_isNull_10;
/* 044 */     double hashAgg_value_13 = -1.0;
/* 045 */     if (!hashAgg_isNull_10) {
/* 046 */       hashAgg_value_13 = (double) hashAgg_value_10;
/* 047 */     }
/* 048 */     boolean hashAgg_isNull_11 = false;
/* 049 */     double hashAgg_value_11 = -1.0;
/* 050 */     if (hashAgg_isNull_13 || hashAgg_value_13 == 0) {
/* 051 */       hashAgg_isNull_11 = true;
/* 052 */     } else {
/* 053 */       if (hashAgg_isNull_9) {
/* 054 */         hashAgg_isNull_11 = true;
/* 055 */       } else {
/* 056 */         hashAgg_value_11 = (double)(hashAgg_value_9 / hashAgg_value_13);
/* 057 */       }
/* 058 */     }
/* 059 */
/* 060 */     hashAgg_mutableStateArray_0[1].reset();
/* 061 */
/* 062 */     hashAgg_mutableStateArray_0[1].zeroOutNullBytes();
/* 063 */
/* 064 */     if (hashAgg_isNull_8) {
/* 065 */       hashAgg_mutableStateArray_0[1].setNullAt(0);
/* 066 */     } else {
/* 067 */       hashAgg_mutableStateArray_0[1].write(0, hashAgg_value_8);
/* 068 */     }
/* 069 */
/* 070 */     if (hashAgg_isNull_11) {
/* 071 */       hashAgg_mutableStateArray_0[1].setNullAt(1);
/* 072 */     } else {
/* 073 */       hashAgg_mutableStateArray_0[1].write(1, hashAgg_value_11);
/* 074 */     }
/* 075 */     append((hashAgg_mutableStateArray_0[1].getRow()));
/* 076 */
/* 077 */   }
/* 078 */
/* 079 */   private void hashAgg_doAggregateWithKeys_0() throws java.io.IOException {
/* 080 */     while ( inputadapter_input_0.hasNext()) {
/* 081 */       InternalRow inputadapter_row_0 = (InternalRow) inputadapter_input_0.next();
/* 082 */
/* 083 */       boolean inputadapter_isNull_0 = inputadapter_row_0.isNullAt(0);
/* 084 */       long inputadapter_value_0 = inputadapter_isNull_0 ?
/* 085 */       -1L : (inputadapter_row_0.getLong(0));
/* 086 */       boolean inputadapter_isNull_1 = inputadapter_row_0.isNullAt(1);
/* 087 */       double inputadapter_value_1 = inputadapter_isNull_1 ?
/* 088 */       -1.0 : (inputadapter_row_0.getDouble(1));
/* 089 */       boolean inputadapter_isNull_2 = inputadapter_row_0.isNullAt(2);
/* 090 */       long inputadapter_value_2 = inputadapter_isNull_2 ?
/* 091 */       -1L : (inputadapter_row_0.getLong(2));
/* 092 */
/* 093 */       hashAgg_doConsume_0(inputadapter_row_0, inputadapter_value_0, inputadapter_isNull_0, inputadapter_value_1, inputadapter_isNull_1, inputadapter_value_2, inputadapter_isNull_2);
/* 094 */       // shouldStop check is eliminated
/* 095 */     }
/* 096 */
/* 097 */     hashAgg_mapIter_0 = ((org.apache.spark.sql.execution.aggregate.HashAggregateExec) references[0] /* plan */).finishAggregate(hashAgg_hashMap_0, hashAgg_sorter_0, ((org.apache.spark.sql.execution.metric.SQLMetric) references[1] /* peakMemory */), ((org.apache.spark.sql.execution.metric.SQLMetric) references[2] /* spillSize */), ((org.apache.spark.sql.execution.metric.SQLMetric) references[3] /* avgHashProbe */), ((org.apache.spark.sql.execution.metric.SQLMetric) references[4] /* numTasksFallBacked */));
/* 098 */   }
/* 099 */
/* 100 */   private void hashAgg_doConsume_0(InternalRow inputadapter_row_0, long hashAgg_expr_0_0, boolean hashAgg_exprIsNull_0_0, double hashAgg_expr_1_0, boolean hashAgg_exprIsNull_1_0, long hashAgg_expr_2_0, boolean hashAgg_exprIsNull_2_0) throws java.io.IOException {
/* 101 */     UnsafeRow hashAgg_unsafeRowAggBuffer_0 = null;
/* 102 */
/* 103 */     // generate grouping key
/* 104 */     hashAgg_mutableStateArray_0[0].reset();
/* 105 */
/* 106 */     hashAgg_mutableStateArray_0[0].zeroOutNullBytes();
/* 107 */
/* 108 */     if (hashAgg_exprIsNull_0_0) {
/* 109 */       hashAgg_mutableStateArray_0[0].setNullAt(0);
/* 110 */     } else {
/* 111 */       hashAgg_mutableStateArray_0[0].write(0, hashAgg_expr_0_0);
/* 112 */     }
/* 113 */     int hashAgg_unsafeRowKeyHash_0 = (hashAgg_mutableStateArray_0[0].getRow()).hashCode();
/* 114 */     if (true) {
/* 115 */       // try to get the buffer from hash map
/* 116 */       hashAgg_unsafeRowAggBuffer_0 =
/* 117 */       hashAgg_hashMap_0.getAggregationBufferFromUnsafeRow((hashAgg_mutableStateArray_0[0].getRow()), hashAgg_unsafeRowKeyHash_0);
/* 118 */     }
/* 119 */     // Can't allocate buffer from the hash map. Spill the map and fallback to sort-based
/* 120 */     // aggregation after processing all input rows.
/* 121 */     if (hashAgg_unsafeRowAggBuffer_0 == null) {
/* 122 */       if (hashAgg_sorter_0 == null) {
/* 123 */         hashAgg_sorter_0 = hashAgg_hashMap_0.destructAndCreateExternalSorter();
/* 124 */       } else {
/* 125 */         hashAgg_sorter_0.merge(hashAgg_hashMap_0.destructAndCreateExternalSorter());
/* 126 */       }
/* 127 */
/* 128 */       // the hash map had be spilled, it should have enough memory now,
/* 129 */       // try to allocate buffer again.
/* 130 */       hashAgg_unsafeRowAggBuffer_0 = hashAgg_hashMap_0.getAggregationBufferFromUnsafeRow(
/* 131 */         (hashAgg_mutableStateArray_0[0].getRow()), hashAgg_unsafeRowKeyHash_0);
/* 132 */       if (hashAgg_unsafeRowAggBuffer_0 == null) {
/* 133 */         // failed to allocate the first page
/* 134 */         throw new org.apache.spark.memory.SparkOutOfMemoryError("_LEGACY_ERROR_TEMP_3302", new java.util.HashMap());
/* 135 */       }
/* 136 */     }
/* 137 */
/* 138 */     // common sub-expressions
/* 139 */
/* 140 */     // evaluate aggregate functions and update aggregation buffers
/* 141 */     hashAgg_doAggregate_avg_0(hashAgg_exprIsNull_2_0, hashAgg_expr_2_0, hashAgg_exprIsNull_1_0, hashAgg_expr_1_0, hashAgg_unsafeRowAggBuffer_0);
/* 142 */
/* 143 */   }
/* 144 */
/* 145 */   protected void processNext() throws java.io.IOException {
/* 146 */     if (!hashAgg_initAgg_0) {
/* 147 */       hashAgg_initAgg_0 = true;
/* 148 */
/* 149 */       hashAgg_hashMap_0 = ((org.apache.spark.sql.execution.aggregate.HashAggregateExec) references[0] /* plan */).createHashMap();
/* 150 */       long wholestagecodegen_beforeAgg_0 = System.nanoTime();
/* 151 */       hashAgg_doAggregateWithKeys_0();
/* 152 */       ((org.apache.spark.sql.execution.metric.SQLMetric) references[7] /* aggTime */).add((System.nanoTime() - wholestagecodegen_beforeAgg_0) / 1000000);
/* 153 */     }
/* 154 */     // output the result
/* 155 */
/* 156 */     while ( hashAgg_mapIter_0.next()) {
/* 157 */       UnsafeRow hashAgg_aggKey_0 = (UnsafeRow) hashAgg_mapIter_0.getKey();
/* 158 */       UnsafeRow hashAgg_aggBuffer_0 = (UnsafeRow) hashAgg_mapIter_0.getValue();
/* 159 */       hashAgg_doAggregateWithKeysOutput_0(hashAgg_aggKey_0, hashAgg_aggBuffer_0);
/* 160 */       if (shouldStop()) return;
/* 161 */     }
/* 162 */     hashAgg_mapIter_0.close();
/* 163 */     if (hashAgg_sorter_0 == null) {
/* 164 */       hashAgg_hashMap_0.free();
/* 165 */     }
/* 166 */   }
/* 167 */
/* 168 */   private void hashAgg_doAggregate_avg_0(boolean hashAgg_exprIsNull_2_0, long hashAgg_expr_2_0, boolean hashAgg_exprIsNull_1_0, double hashAgg_expr_1_0, org.apache.spark.sql.catalyst.InternalRow hashAgg_unsafeRowAggBuffer_0) throws java.io.IOException {
/* 169 */     boolean hashAgg_isNull_2 = true;
/* 170 */     double hashAgg_value_2 = -1.0;
/* 171 */     boolean hashAgg_isNull_3 = hashAgg_unsafeRowAggBuffer_0.isNullAt(0);
/* 172 */     double hashAgg_value_3 = hashAgg_isNull_3 ?
/* 173 */     -1.0 : (hashAgg_unsafeRowAggBuffer_0.getDouble(0));
/* 174 */     if (!hashAgg_isNull_3) {
/* 175 */       if (!hashAgg_exprIsNull_1_0) {
/* 176 */         hashAgg_isNull_2 = false; // resultCode could change nullability.
/* 177 */
/* 178 */         hashAgg_value_2 = hashAgg_value_3 + hashAgg_expr_1_0;
/* 179 */
/* 180 */       }
/* 181 */
/* 182 */     }
/* 183 */     boolean hashAgg_isNull_5 = true;
/* 184 */     long hashAgg_value_5 = -1L;
/* 185 */     boolean hashAgg_isNull_6 = hashAgg_unsafeRowAggBuffer_0.isNullAt(1);
/* 186 */     long hashAgg_value_6 = hashAgg_isNull_6 ?
/* 187 */     -1L : (hashAgg_unsafeRowAggBuffer_0.getLong(1));
/* 188 */     if (!hashAgg_isNull_6) {
/* 189 */       if (!hashAgg_exprIsNull_2_0) {
/* 190 */         hashAgg_isNull_5 = false; // resultCode could change nullability.
/* 191 */
/* 192 */         hashAgg_value_5 = org.apache.spark.sql.catalyst.util.MathUtils.addExact(hashAgg_value_6, hashAgg_expr_2_0, ((org.apache.spark.sql.catalyst.trees.SQLQueryContext) references[5] /* errCtx */));
/* 193 */
/* 194 */       }
/* 195 */
/* 196 */     }
/* 197 */
/* 198 */     if (!hashAgg_isNull_2) {
/* 199 */       hashAgg_unsafeRowAggBuffer_0.setDouble(0, hashAgg_value_2);
/* 200 */     } else {
/* 201 */       hashAgg_unsafeRowAggBuffer_0.setNullAt(0);
/* 202 */     }
/* 203 */
/* 204 */     if (!hashAgg_isNull_5) {
/* 205 */       hashAgg_unsafeRowAggBuffer_0.setLong(1, hashAgg_value_5);
/* 206 */     } else {
/* 207 */       hashAgg_unsafeRowAggBuffer_0.setNullAt(1);
/* 208 */     }
/* 209 */   }
/* 210 */
/* 211 */ }

2025-10-31 10:50:58 INFO  CodeGenerator:190 - Code generated in 14.685763 ms
2025-10-31 10:50:58 DEBUG ClosureCleaner:204 - Cleaning indylambda closure: $anonfun$doExecute$4$adapted
2025-10-31 10:50:58 DEBUG ClosureCleaner:204 -  +++ indylambda closure ($anonfun$doExecute$4$adapted) is now cleaned +++
2025-10-31 10:50:58 DEBUG ClosureCleaner:204 - Cleaning indylambda closure: $anonfun$takeOrdered$2$adapted
2025-10-31 10:50:58 DEBUG ClosureCleaner:204 -  +++ indylambda closure ($anonfun$takeOrdered$2$adapted) is now cleaned +++
2025-10-31 10:50:58 DEBUG ClosureCleaner:204 - Cleaning indylambda closure: $anonfun$takeOrdered$3
2025-10-31 10:50:58 DEBUG ClosureCleaner:204 -  +++ indylambda closure ($anonfun$takeOrdered$3) is now cleaned +++
2025-10-31 10:50:58 DEBUG ClosureCleaner:204 - Cleaning indylambda closure: $anonfun$runJob$6
2025-10-31 10:50:58 DEBUG ClosureCleaner:204 -  +++ indylambda closure ($anonfun$runJob$6) is now cleaned +++
2025-10-31 10:50:58 INFO  SparkContext:190 - Starting job: $anonfun$withThreadLocalCaptured$2 at CompletableFuture.java:1768
2025-10-31 10:50:58 DEBUG DAGScheduler:204 - eagerlyComputePartitionsForRddAndAncestors for RDD 14 took 0.000050 seconds
2025-10-31 10:50:58 DEBUG DAGScheduler:204 - Merging stage rdd profiles: HashSet()
2025-10-31 10:50:58 DEBUG DAGScheduler:204 - Merging stage rdd profiles: HashSet()
2025-10-31 10:50:58 INFO  DAGScheduler:190 - Got job 2 ($anonfun$withThreadLocalCaptured$2 at CompletableFuture.java:1768) with 1 output partitions
2025-10-31 10:50:58 INFO  DAGScheduler:190 - Final stage: ResultStage 3 ($anonfun$withThreadLocalCaptured$2 at CompletableFuture.java:1768)
2025-10-31 10:50:58 INFO  DAGScheduler:190 - Parents of final stage: List(ShuffleMapStage 2)
2025-10-31 10:50:58 INFO  DAGScheduler:190 - Missing parents: List()
2025-10-31 10:50:58 DEBUG DAGScheduler:204 - submitStage(ResultStage 3 (name=$anonfun$withThreadLocalCaptured$2 at CompletableFuture.java:1768;jobs=2))
2025-10-31 10:50:58 DEBUG DAGScheduler:204 - missing: List()
2025-10-31 10:50:58 INFO  DAGScheduler:190 - Submitting ResultStage 3 (MapPartitionsRDD[14] at $anonfun$withThreadLocalCaptured$2 at CompletableFuture.java:1768), which has no missing parents
2025-10-31 10:50:58 DEBUG DAGScheduler:204 - submitMissingTasks(ResultStage 3)
2025-10-31 10:50:58 INFO  MemoryStore:190 - Block broadcast_2 stored as values in memory (estimated size 41.6 KiB, free 434.3 MiB)
2025-10-31 10:50:58 DEBUG BlockManager:204 - Put block broadcast_2 locally took 0 ms
2025-10-31 10:50:58 DEBUG BlockManager:204 - Putting block broadcast_2 without replication took 0 ms
2025-10-31 10:50:58 INFO  MemoryStore:190 - Block broadcast_2_piece0 stored as bytes in memory (estimated size 18.0 KiB, free 434.3 MiB)
2025-10-31 10:50:58 DEBUG BlockManagerMasterEndpoint:204 - Updating block info on master broadcast_2_piece0 for BlockManagerId(driver, 192.168.1.204, 42851, None)
2025-10-31 10:50:58 DEBUG BlockManagerInfo:210 - Added broadcast_2_piece0 in memory on 192.168.1.204:42851 (size: 18.0 KiB, free: 434.4 MiB)
2025-10-31 10:50:58 DEBUG BlockManagerMaster:204 - Updated info of block broadcast_2_piece0
2025-10-31 10:50:58 DEBUG BlockManager:204 - Told master about block broadcast_2_piece0
2025-10-31 10:50:58 DEBUG BlockManager:204 - Put block broadcast_2_piece0 locally took 1 ms
2025-10-31 10:50:58 DEBUG BlockManager:204 - Putting block broadcast_2_piece0 without replication took 1 ms
2025-10-31 10:50:58 INFO  SparkContext:190 - Created broadcast 2 from broadcast at DAGScheduler.scala:1676
2025-10-31 10:50:58 INFO  DAGScheduler:190 - Submitting 1 missing tasks from ResultStage 3 (MapPartitionsRDD[14] at $anonfun$withThreadLocalCaptured$2 at CompletableFuture.java:1768) (first 15 tasks are for partitions Vector(0))
2025-10-31 10:50:58 INFO  TaskSchedulerImpl:190 - Adding task set 3.0 with 1 tasks resource profile 0
2025-10-31 10:50:58 DEBUG TaskSetManager:204 - Epoch for TaskSet 3.0: 1
2025-10-31 10:50:58 DEBUG TaskSetManager:204 - Adding pending tasks took 0 ms
2025-10-31 10:50:58 DEBUG TaskSetManager:204 - Valid locality levels for TaskSet 3.0: NODE_LOCAL, ANY
2025-10-31 10:50:58 DEBUG TaskSchedulerImpl:204 - parentName: , name: TaskSet_3.0, runningTasks: 0
2025-10-31 10:50:58 INFO  TaskSetManager:190 - Starting task 0.0 in stage 3.0 (TID 16) (192.168.1.204,executor driver, partition 0, NODE_LOCAL, 9884 bytes) 
2025-10-31 10:50:58 DEBUG TaskSetManager:204 - No tasks for locality level NODE_LOCAL, so moving to locality level ANY
2025-10-31 10:50:58 INFO  Executor:190 - Running task 0.0 in stage 3.0 (TID 16)
2025-10-31 10:50:58 DEBUG ExecutorMetricsPoller:204 - stageTCMP: (3, 0) -> 1
2025-10-31 10:50:58 DEBUG BlockManager:204 - Getting local block broadcast_2
2025-10-31 10:50:58 DEBUG BlockManager:204 - Level for block broadcast_2 is StorageLevel(disk, memory, deserialized, 1 replicas)
2025-10-31 10:50:58 DEBUG GenerateOrdering:204 - Generated Ordering by input[0, bigint, true] ASC NULLS FIRST:
/* 001 */ public SpecificOrdering generate(Object[] references) {
/* 002 */   return new SpecificOrdering(references);
/* 003 */ }
/* 004 */
/* 005 */ class SpecificOrdering extends org.apache.spark.sql.catalyst.expressions.BaseOrdering {
/* 006 */
/* 007 */   private Object[] references;
/* 008 */
/* 009 */
/* 010 */   public SpecificOrdering(Object[] references) {
/* 011 */     this.references = references;
/* 012 */
/* 013 */   }
/* 014 */
/* 015 */   public int compare(InternalRow a, InternalRow b) {
/* 016 */
/* 017 */     boolean isNull_0 = a.isNullAt(0);
/* 018 */     long value_0 = isNull_0 ?
/* 019 */     -1L : (a.getLong(0));
/* 020 */     boolean isNull_1 = b.isNullAt(0);
/* 021 */     long value_1 = isNull_1 ?
/* 022 */     -1L : (b.getLong(0));
/* 023 */     if (isNull_0 && isNull_1) {
/* 024 */       // Nothing
/* 025 */     } else if (isNull_0) {
/* 026 */       return -1;
/* 027 */     } else if (isNull_1) {
/* 028 */       return 1;
/* 029 */     } else {
/* 030 */       int comp = (value_0 > value_1 ? 1 : value_0 < value_1 ? -1 : 0);
/* 031 */       if (comp != 0) {
/* 032 */         return comp;
/* 033 */       }
/* 034 */     }
/* 035 */
/* 036 */     return 0;
/* 037 */   }
/* 038 */
/* 039 */
/* 040 */ }

2025-10-31 10:50:58 DEBUG CodeGenerator:204 - 
/* 001 */ public SpecificOrdering generate(Object[] references) {
/* 002 */   return new SpecificOrdering(references);
/* 003 */ }
/* 004 */
/* 005 */ class SpecificOrdering extends org.apache.spark.sql.catalyst.expressions.BaseOrdering {
/* 006 */
/* 007 */   private Object[] references;
/* 008 */
/* 009 */
/* 010 */   public SpecificOrdering(Object[] references) {
/* 011 */     this.references = references;
/* 012 */
/* 013 */   }
/* 014 */
/* 015 */   public int compare(InternalRow a, InternalRow b) {
/* 016 */
/* 017 */     boolean isNull_0 = a.isNullAt(0);
/* 018 */     long value_0 = isNull_0 ?
/* 019 */     -1L : (a.getLong(0));
/* 020 */     boolean isNull_1 = b.isNullAt(0);
/* 021 */     long value_1 = isNull_1 ?
/* 022 */     -1L : (b.getLong(0));
/* 023 */     if (isNull_0 && isNull_1) {
/* 024 */       // Nothing
/* 025 */     } else if (isNull_0) {
/* 026 */       return -1;
/* 027 */     } else if (isNull_1) {
/* 028 */       return 1;
/* 029 */     } else {
/* 030 */       int comp = (value_0 > value_1 ? 1 : value_0 < value_1 ? -1 : 0);
/* 031 */       if (comp != 0) {
/* 032 */         return comp;
/* 033 */       }
/* 034 */     }
/* 035 */
/* 036 */     return 0;
/* 037 */   }
/* 038 */
/* 039 */
/* 040 */ }

2025-10-31 10:50:58 INFO  CodeGenerator:190 - Code generated in 6.06154 ms
2025-10-31 10:50:58 DEBUG MapOutputTrackerMaster:204 - Fetching outputs for shuffle 0
2025-10-31 10:50:58 DEBUG MapOutputTrackerMaster:204 - Convert map statuses for shuffle 0, mappers 0-8, partitions 0-200
2025-10-31 10:50:58 DEBUG ShuffleBlockFetcherIterator:204 - maxBytesInFlight: 50331648, targetRemoteRequestSize: 10066329, maxBlocksInFlightPerAddress: 2147483647
2025-10-31 10:50:58 INFO  ShuffleBlockFetcherIterator:190 - Getting 8 (46.6 KiB) non-empty blocks including 8 (46.6 KiB) local and 0 (0.0 B) host-local and 0 (0.0 B) push-merged-local and 0 (0.0 B) remote blocks
2025-10-31 10:50:58 INFO  ShuffleBlockFetcherIterator:190 - Started 0 remote fetches in 11 ms
2025-10-31 10:50:58 DEBUG ShuffleBlockFetcherIterator:204 - Start fetching local blocks: (shuffle_0_8_0_199,0), (shuffle_0_9_0_199,1), (shuffle_0_10_0_199,2), (shuffle_0_11_0_199,3), (shuffle_0_12_0_199,4), (shuffle_0_13_0_199,5), (shuffle_0_14_0_199,6), (shuffle_0_15_0_199,7)
2025-10-31 10:50:58 DEBUG BlockManager:204 - Getting local shuffle block shuffle_0_8_0_199
2025-10-31 10:50:58 DEBUG BlockManager:204 - Getting local shuffle block shuffle_0_9_0_199
2025-10-31 10:50:58 DEBUG BlockManager:204 - Getting local shuffle block shuffle_0_10_0_199
2025-10-31 10:50:58 DEBUG BlockManager:204 - Getting local shuffle block shuffle_0_11_0_199
2025-10-31 10:50:58 DEBUG BlockManager:204 - Getting local shuffle block shuffle_0_12_0_199
2025-10-31 10:50:58 DEBUG BlockManager:204 - Getting local shuffle block shuffle_0_13_0_199
2025-10-31 10:50:58 DEBUG BlockManager:204 - Getting local shuffle block shuffle_0_14_0_199
2025-10-31 10:50:58 DEBUG BlockManager:204 - Getting local shuffle block shuffle_0_15_0_199
2025-10-31 10:50:58 DEBUG ShuffleBlockFetcherIterator:204 - Got local blocks in 17 ms
2025-10-31 10:50:58 DEBUG CodeGenerator:204 - 
/* 001 */ public Object generate(Object[] references) {
/* 002 */   return new GeneratedIteratorForCodegenStage2(references);
/* 003 */ }
/* 004 */
/* 005 */ // codegenStageId=2
/* 006 */ final class GeneratedIteratorForCodegenStage2 extends org.apache.spark.sql.execution.BufferedRowIterator {
/* 007 */   private Object[] references;
/* 008 */   private scala.collection.Iterator[] inputs;
/* 009 */   private boolean hashAgg_initAgg_0;
/* 010 */   private org.apache.spark.unsafe.KVIterator hashAgg_mapIter_0;
/* 011 */   private org.apache.spark.sql.execution.UnsafeFixedWidthAggregationMap hashAgg_hashMap_0;
/* 012 */   private org.apache.spark.sql.execution.UnsafeKVExternalSorter hashAgg_sorter_0;
/* 013 */   private scala.collection.Iterator inputadapter_input_0;
/* 014 */   private org.apache.spark.sql.catalyst.expressions.codegen.UnsafeRowWriter[] hashAgg_mutableStateArray_0 = new org.apache.spark.sql.catalyst.expressions.codegen.UnsafeRowWriter[2];
/* 015 */
/* 016 */   public GeneratedIteratorForCodegenStage2(Object[] references) {
/* 017 */     this.references = references;
/* 018 */   }
/* 019 */
/* 020 */   public void init(int index, scala.collection.Iterator[] inputs) {
/* 021 */     partitionIndex = index;
/* 022 */     this.inputs = inputs;
/* 023 */
/* 024 */     inputadapter_input_0 = inputs[0];
/* 025 */     hashAgg_mutableStateArray_0[0] = new org.apache.spark.sql.catalyst.expressions.codegen.UnsafeRowWriter(1, 0);
/* 026 */     hashAgg_mutableStateArray_0[1] = new org.apache.spark.sql.catalyst.expressions.codegen.UnsafeRowWriter(2, 0);
/* 027 */
/* 028 */   }
/* 029 */
/* 030 */   private void hashAgg_doAggregateWithKeysOutput_0(UnsafeRow hashAgg_keyTerm_0, UnsafeRow hashAgg_bufferTerm_0)
/* 031 */   throws java.io.IOException {
/* 032 */     ((org.apache.spark.sql.execution.metric.SQLMetric) references[6] /* numOutputRows */).add(1);
/* 033 */
/* 034 */     boolean hashAgg_isNull_8 = hashAgg_keyTerm_0.isNullAt(0);
/* 035 */     long hashAgg_value_8 = hashAgg_isNull_8 ?
/* 036 */     -1L : (hashAgg_keyTerm_0.getLong(0));
/* 037 */     boolean hashAgg_isNull_9 = hashAgg_bufferTerm_0.isNullAt(0);
/* 038 */     double hashAgg_value_9 = hashAgg_isNull_9 ?
/* 039 */     -1.0 : (hashAgg_bufferTerm_0.getDouble(0));
/* 040 */     boolean hashAgg_isNull_10 = hashAgg_bufferTerm_0.isNullAt(1);
/* 041 */     long hashAgg_value_10 = hashAgg_isNull_10 ?
/* 042 */     -1L : (hashAgg_bufferTerm_0.getLong(1));
/* 043 */     boolean hashAgg_isNull_13 = hashAgg_isNull_10;
/* 044 */     double hashAgg_value_13 = -1.0;
/* 045 */     if (!hashAgg_isNull_10) {
/* 046 */       hashAgg_value_13 = (double) hashAgg_value_10;
/* 047 */     }
/* 048 */     boolean hashAgg_isNull_11 = false;
/* 049 */     double hashAgg_value_11 = -1.0;
/* 050 */     if (hashAgg_isNull_13 || hashAgg_value_13 == 0) {
/* 051 */       hashAgg_isNull_11 = true;
/* 052 */     } else {
/* 053 */       if (hashAgg_isNull_9) {
/* 054 */         hashAgg_isNull_11 = true;
/* 055 */       } else {
/* 056 */         hashAgg_value_11 = (double)(hashAgg_value_9 / hashAgg_value_13);
/* 057 */       }
/* 058 */     }
/* 059 */
/* 060 */     hashAgg_mutableStateArray_0[1].reset();
/* 061 */
/* 062 */     hashAgg_mutableStateArray_0[1].zeroOutNullBytes();
/* 063 */
/* 064 */     if (hashAgg_isNull_8) {
/* 065 */       hashAgg_mutableStateArray_0[1].setNullAt(0);
/* 066 */     } else {
/* 067 */       hashAgg_mutableStateArray_0[1].write(0, hashAgg_value_8);
/* 068 */     }
/* 069 */
/* 070 */     if (hashAgg_isNull_11) {
/* 071 */       hashAgg_mutableStateArray_0[1].setNullAt(1);
/* 072 */     } else {
/* 073 */       hashAgg_mutableStateArray_0[1].write(1, hashAgg_value_11);
/* 074 */     }
/* 075 */     append((hashAgg_mutableStateArray_0[1].getRow()));
/* 076 */
/* 077 */   }
/* 078 */
/* 079 */   private void hashAgg_doAggregateWithKeys_0() throws java.io.IOException {
/* 080 */     while ( inputadapter_input_0.hasNext()) {
/* 081 */       InternalRow inputadapter_row_0 = (InternalRow) inputadapter_input_0.next();
/* 082 */
/* 083 */       boolean inputadapter_isNull_0 = inputadapter_row_0.isNullAt(0);
/* 084 */       long inputadapter_value_0 = inputadapter_isNull_0 ?
/* 085 */       -1L : (inputadapter_row_0.getLong(0));
/* 086 */       boolean inputadapter_isNull_1 = inputadapter_row_0.isNullAt(1);
/* 087 */       double inputadapter_value_1 = inputadapter_isNull_1 ?
/* 088 */       -1.0 : (inputadapter_row_0.getDouble(1));
/* 089 */       boolean inputadapter_isNull_2 = inputadapter_row_0.isNullAt(2);
/* 090 */       long inputadapter_value_2 = inputadapter_isNull_2 ?
/* 091 */       -1L : (inputadapter_row_0.getLong(2));
/* 092 */
/* 093 */       hashAgg_doConsume_0(inputadapter_row_0, inputadapter_value_0, inputadapter_isNull_0, inputadapter_value_1, inputadapter_isNull_1, inputadapter_value_2, inputadapter_isNull_2);
/* 094 */       // shouldStop check is eliminated
/* 095 */     }
/* 096 */
/* 097 */     hashAgg_mapIter_0 = ((org.apache.spark.sql.execution.aggregate.HashAggregateExec) references[0] /* plan */).finishAggregate(hashAgg_hashMap_0, hashAgg_sorter_0, ((org.apache.spark.sql.execution.metric.SQLMetric) references[1] /* peakMemory */), ((org.apache.spark.sql.execution.metric.SQLMetric) references[2] /* spillSize */), ((org.apache.spark.sql.execution.metric.SQLMetric) references[3] /* avgHashProbe */), ((org.apache.spark.sql.execution.metric.SQLMetric) references[4] /* numTasksFallBacked */));
/* 098 */   }
/* 099 */
/* 100 */   private void hashAgg_doConsume_0(InternalRow inputadapter_row_0, long hashAgg_expr_0_0, boolean hashAgg_exprIsNull_0_0, double hashAgg_expr_1_0, boolean hashAgg_exprIsNull_1_0, long hashAgg_expr_2_0, boolean hashAgg_exprIsNull_2_0) throws java.io.IOException {
/* 101 */     UnsafeRow hashAgg_unsafeRowAggBuffer_0 = null;
/* 102 */
/* 103 */     // generate grouping key
/* 104 */     hashAgg_mutableStateArray_0[0].reset();
/* 105 */
/* 106 */     hashAgg_mutableStateArray_0[0].zeroOutNullBytes();
/* 107 */
/* 108 */     if (hashAgg_exprIsNull_0_0) {
/* 109 */       hashAgg_mutableStateArray_0[0].setNullAt(0);
/* 110 */     } else {
/* 111 */       hashAgg_mutableStateArray_0[0].write(0, hashAgg_expr_0_0);
/* 112 */     }
/* 113 */     int hashAgg_unsafeRowKeyHash_0 = (hashAgg_mutableStateArray_0[0].getRow()).hashCode();
/* 114 */     if (true) {
/* 115 */       // try to get the buffer from hash map
/* 116 */       hashAgg_unsafeRowAggBuffer_0 =
/* 117 */       hashAgg_hashMap_0.getAggregationBufferFromUnsafeRow((hashAgg_mutableStateArray_0[0].getRow()), hashAgg_unsafeRowKeyHash_0);
/* 118 */     }
/* 119 */     // Can't allocate buffer from the hash map. Spill the map and fallback to sort-based
/* 120 */     // aggregation after processing all input rows.
/* 121 */     if (hashAgg_unsafeRowAggBuffer_0 == null) {
/* 122 */       if (hashAgg_sorter_0 == null) {
/* 123 */         hashAgg_sorter_0 = hashAgg_hashMap_0.destructAndCreateExternalSorter();
/* 124 */       } else {
/* 125 */         hashAgg_sorter_0.merge(hashAgg_hashMap_0.destructAndCreateExternalSorter());
/* 126 */       }
/* 127 */
/* 128 */       // the hash map had be spilled, it should have enough memory now,
/* 129 */       // try to allocate buffer again.
/* 130 */       hashAgg_unsafeRowAggBuffer_0 = hashAgg_hashMap_0.getAggregationBufferFromUnsafeRow(
/* 131 */         (hashAgg_mutableStateArray_0[0].getRow()), hashAgg_unsafeRowKeyHash_0);
/* 132 */       if (hashAgg_unsafeRowAggBuffer_0 == null) {
/* 133 */         // failed to allocate the first page
/* 134 */         throw new org.apache.spark.memory.SparkOutOfMemoryError("_LEGACY_ERROR_TEMP_3302", new java.util.HashMap());
/* 135 */       }
/* 136 */     }
/* 137 */
/* 138 */     // common sub-expressions
/* 139 */
/* 140 */     // evaluate aggregate functions and update aggregation buffers
/* 141 */     hashAgg_doAggregate_avg_0(hashAgg_exprIsNull_2_0, hashAgg_expr_2_0, hashAgg_exprIsNull_1_0, hashAgg_expr_1_0, hashAgg_unsafeRowAggBuffer_0);
/* 142 */
/* 143 */   }
/* 144 */
/* 145 */   protected void processNext() throws java.io.IOException {
/* 146 */     if (!hashAgg_initAgg_0) {
/* 147 */       hashAgg_initAgg_0 = true;
/* 148 */
/* 149 */       hashAgg_hashMap_0 = ((org.apache.spark.sql.execution.aggregate.HashAggregateExec) references[0] /* plan */).createHashMap();
/* 150 */       long wholestagecodegen_beforeAgg_0 = System.nanoTime();
/* 151 */       hashAgg_doAggregateWithKeys_0();
/* 152 */       ((org.apache.spark.sql.execution.metric.SQLMetric) references[7] /* aggTime */).add((System.nanoTime() - wholestagecodegen_beforeAgg_0) / 1000000);
/* 153 */     }
/* 154 */     // output the result
/* 155 */
/* 156 */     while ( hashAgg_mapIter_0.next()) {
/* 157 */       UnsafeRow hashAgg_aggKey_0 = (UnsafeRow) hashAgg_mapIter_0.getKey();
/* 158 */       UnsafeRow hashAgg_aggBuffer_0 = (UnsafeRow) hashAgg_mapIter_0.getValue();
/* 159 */       hashAgg_doAggregateWithKeysOutput_0(hashAgg_aggKey_0, hashAgg_aggBuffer_0);
/* 160 */       if (shouldStop()) return;
/* 161 */     }
/* 162 */     hashAgg_mapIter_0.close();
/* 163 */     if (hashAgg_sorter_0 == null) {
/* 164 */       hashAgg_hashMap_0.free();
/* 165 */     }
/* 166 */   }
/* 167 */
/* 168 */   private void hashAgg_doAggregate_avg_0(boolean hashAgg_exprIsNull_2_0, long hashAgg_expr_2_0, boolean hashAgg_exprIsNull_1_0, double hashAgg_expr_1_0, org.apache.spark.sql.catalyst.InternalRow hashAgg_unsafeRowAggBuffer_0) throws java.io.IOException {
/* 169 */     boolean hashAgg_isNull_2 = true;
/* 170 */     double hashAgg_value_2 = -1.0;
/* 171 */     boolean hashAgg_isNull_3 = hashAgg_unsafeRowAggBuffer_0.isNullAt(0);
/* 172 */     double hashAgg_value_3 = hashAgg_isNull_3 ?
/* 173 */     -1.0 : (hashAgg_unsafeRowAggBuffer_0.getDouble(0));
/* 174 */     if (!hashAgg_isNull_3) {
/* 175 */       if (!hashAgg_exprIsNull_1_0) {
/* 176 */         hashAgg_isNull_2 = false; // resultCode could change nullability.
/* 177 */
/* 178 */         hashAgg_value_2 = hashAgg_value_3 + hashAgg_expr_1_0;
/* 179 */
/* 180 */       }
/* 181 */
/* 182 */     }
/* 183 */     boolean hashAgg_isNull_5 = true;
/* 184 */     long hashAgg_value_5 = -1L;
/* 185 */     boolean hashAgg_isNull_6 = hashAgg_unsafeRowAggBuffer_0.isNullAt(1);
/* 186 */     long hashAgg_value_6 = hashAgg_isNull_6 ?
/* 187 */     -1L : (hashAgg_unsafeRowAggBuffer_0.getLong(1));
/* 188 */     if (!hashAgg_isNull_6) {
/* 189 */       if (!hashAgg_exprIsNull_2_0) {
/* 190 */         hashAgg_isNull_5 = false; // resultCode could change nullability.
/* 191 */
/* 192 */         hashAgg_value_5 = org.apache.spark.sql.catalyst.util.MathUtils.addExact(hashAgg_value_6, hashAgg_expr_2_0, ((org.apache.spark.sql.catalyst.trees.SQLQueryContext) references[5] /* errCtx */));
/* 193 */
/* 194 */       }
/* 195 */
/* 196 */     }
/* 197 */
/* 198 */     if (!hashAgg_isNull_2) {
/* 199 */       hashAgg_unsafeRowAggBuffer_0.setDouble(0, hashAgg_value_2);
/* 200 */     } else {
/* 201 */       hashAgg_unsafeRowAggBuffer_0.setNullAt(0);
/* 202 */     }
/* 203 */
/* 204 */     if (!hashAgg_isNull_5) {
/* 205 */       hashAgg_unsafeRowAggBuffer_0.setLong(1, hashAgg_value_5);
/* 206 */     } else {
/* 207 */       hashAgg_unsafeRowAggBuffer_0.setNullAt(1);
/* 208 */     }
/* 209 */   }
/* 210 */
/* 211 */ }

2025-10-31 10:50:58 INFO  CodeGenerator:190 - Code generated in 15.612217 ms
2025-10-31 10:50:58 DEBUG GenerateUnsafeProjection:204 - code for 0.0,0:
/* 001 */ public java.lang.Object generate(Object[] references) {
/* 002 */   return new SpecificUnsafeProjection(references);
/* 003 */ }
/* 004 */
/* 005 */ class SpecificUnsafeProjection extends org.apache.spark.sql.catalyst.expressions.UnsafeProjection {
/* 006 */
/* 007 */   private Object[] references;
/* 008 */   private org.apache.spark.sql.catalyst.expressions.codegen.UnsafeRowWriter[] mutableStateArray_0 = new org.apache.spark.sql.catalyst.expressions.codegen.UnsafeRowWriter[1];
/* 009 */
/* 010 */   public SpecificUnsafeProjection(Object[] references) {
/* 011 */     this.references = references;
/* 012 */     mutableStateArray_0[0] = new org.apache.spark.sql.catalyst.expressions.codegen.UnsafeRowWriter(2, 0);
/* 013 */
/* 014 */   }
/* 015 */
/* 016 */   public void initialize(int partitionIndex) {
/* 017 */
/* 018 */   }
/* 019 */
/* 020 */   // Scala.Function1 need this
/* 021 */   public java.lang.Object apply(java.lang.Object row) {
/* 022 */     return apply((InternalRow) row);
/* 023 */   }
/* 024 */
/* 025 */   public UnsafeRow apply(InternalRow i) {
/* 026 */     mutableStateArray_0[0].reset();
/* 027 */
/* 028 */
/* 029 */
/* 030 */
/* 031 */
/* 032 */     mutableStateArray_0[0].write(0, 0.0D);
/* 033 */
/* 034 */
/* 035 */     mutableStateArray_0[0].write(1, 0L);
/* 036 */     return (mutableStateArray_0[0].getRow());
/* 037 */   }
/* 038 */
/* 039 */
/* 040 */ }

2025-10-31 10:50:58 DEBUG GenerateUnsafeProjection:204 - code for input[0, bigint, true]:
/* 001 */ public java.lang.Object generate(Object[] references) {
/* 002 */   return new SpecificUnsafeProjection(references);
/* 003 */ }
/* 004 */
/* 005 */ class SpecificUnsafeProjection extends org.apache.spark.sql.catalyst.expressions.UnsafeProjection {
/* 006 */
/* 007 */   private Object[] references;
/* 008 */   private org.apache.spark.sql.catalyst.expressions.codegen.UnsafeRowWriter[] mutableStateArray_0 = new org.apache.spark.sql.catalyst.expressions.codegen.UnsafeRowWriter[1];
/* 009 */
/* 010 */   public SpecificUnsafeProjection(Object[] references) {
/* 011 */     this.references = references;
/* 012 */     mutableStateArray_0[0] = new org.apache.spark.sql.catalyst.expressions.codegen.UnsafeRowWriter(1, 0);
/* 013 */
/* 014 */   }
/* 015 */
/* 016 */   public void initialize(int partitionIndex) {
/* 017 */
/* 018 */   }
/* 019 */
/* 020 */   // Scala.Function1 need this
/* 021 */   public java.lang.Object apply(java.lang.Object row) {
/* 022 */     return apply((InternalRow) row);
/* 023 */   }
/* 024 */
/* 025 */   public UnsafeRow apply(InternalRow i) {
/* 026 */     mutableStateArray_0[0].reset();
/* 027 */
/* 028 */
/* 029 */     mutableStateArray_0[0].zeroOutNullBytes();
/* 030 */
/* 031 */     boolean isNull_0 = i.isNullAt(0);
/* 032 */     long value_0 = isNull_0 ?
/* 033 */     -1L : (i.getLong(0));
/* 034 */     if (isNull_0) {
/* 035 */       mutableStateArray_0[0].setNullAt(0);
/* 036 */     } else {
/* 037 */       mutableStateArray_0[0].write(0, value_0);
/* 038 */     }
/* 039 */     return (mutableStateArray_0[0].getRow());
/* 040 */   }
/* 041 */
/* 042 */
/* 043 */ }

2025-10-31 10:50:58 DEBUG TaskMemoryManager:184 - Task 16 acquired 256.0 KiB for org.apache.spark.unsafe.map.BytesToBytesMap@6c13247a
2025-10-31 10:50:58 DEBUG GenerateUnsafeProjection:204 - code for input[0, double, true],input[1, bigint, true]:
/* 001 */ public java.lang.Object generate(Object[] references) {
/* 002 */   return new SpecificUnsafeProjection(references);
/* 003 */ }
/* 004 */
/* 005 */ class SpecificUnsafeProjection extends org.apache.spark.sql.catalyst.expressions.UnsafeProjection {
/* 006 */
/* 007 */   private Object[] references;
/* 008 */   private org.apache.spark.sql.catalyst.expressions.codegen.UnsafeRowWriter[] mutableStateArray_0 = new org.apache.spark.sql.catalyst.expressions.codegen.UnsafeRowWriter[1];
/* 009 */
/* 010 */   public SpecificUnsafeProjection(Object[] references) {
/* 011 */     this.references = references;
/* 012 */     mutableStateArray_0[0] = new org.apache.spark.sql.catalyst.expressions.codegen.UnsafeRowWriter(2, 0);
/* 013 */
/* 014 */   }
/* 015 */
/* 016 */   public void initialize(int partitionIndex) {
/* 017 */
/* 018 */   }
/* 019 */
/* 020 */   // Scala.Function1 need this
/* 021 */   public java.lang.Object apply(java.lang.Object row) {
/* 022 */     return apply((InternalRow) row);
/* 023 */   }
/* 024 */
/* 025 */   public UnsafeRow apply(InternalRow i) {
/* 026 */     mutableStateArray_0[0].reset();
/* 027 */
/* 028 */
/* 029 */     mutableStateArray_0[0].zeroOutNullBytes();
/* 030 */
/* 031 */     boolean isNull_0 = i.isNullAt(0);
/* 032 */     double value_0 = isNull_0 ?
/* 033 */     -1.0 : (i.getDouble(0));
/* 034 */     if (isNull_0) {
/* 035 */       mutableStateArray_0[0].setNullAt(0);
/* 036 */     } else {
/* 037 */       mutableStateArray_0[0].write(0, value_0);
/* 038 */     }
/* 039 */
/* 040 */     boolean isNull_1 = i.isNullAt(1);
/* 041 */     long value_1 = isNull_1 ?
/* 042 */     -1L : (i.getLong(1));
/* 043 */     if (isNull_1) {
/* 044 */       mutableStateArray_0[0].setNullAt(1);
/* 045 */     } else {
/* 046 */       mutableStateArray_0[0].write(1, value_1);
/* 047 */     }
/* 048 */     return (mutableStateArray_0[0].getRow());
/* 049 */   }
/* 050 */
/* 051 */
/* 052 */ }

2025-10-31 10:50:58 DEBUG TaskMemoryManager:184 - Task 16 acquired 2048.0 KiB for org.apache.spark.unsafe.map.BytesToBytesMap@6c13247a
2025-10-31 10:50:58 DEBUG TaskMemoryManager:184 - Task 16 release 256.0 KiB from org.apache.spark.unsafe.map.BytesToBytesMap@6c13247a
2025-10-31 10:50:58 DEBUG TaskMemoryManager:184 - Task 16 release 2048.0 KiB from org.apache.spark.unsafe.map.BytesToBytesMap@6c13247a
2025-10-31 10:50:58 INFO  Executor:190 - Finished task 0.0 in stage 3.0 (TID 16). 5540 bytes result sent to driver
2025-10-31 10:50:58 DEBUG ExecutorMetricsPoller:204 - stageTCMP: (3, 0) -> 0
2025-10-31 10:50:58 INFO  TaskSetManager:190 - Finished task 0.0 in stage 3.0 (TID 16) in 101 ms on 192.168.1.204 (executor driver) (1/1)
2025-10-31 10:50:58 INFO  TaskSchedulerImpl:190 - Removed TaskSet 3.0 whose tasks have all completed, from pool 
2025-10-31 10:50:58 INFO  DAGScheduler:190 - ResultStage 3 ($anonfun$withThreadLocalCaptured$2 at CompletableFuture.java:1768) finished in 110 ms
2025-10-31 10:50:58 DEBUG DAGScheduler:204 - After removal of stage 2, remaining stages = 1
2025-10-31 10:50:58 DEBUG DAGScheduler:204 - After removal of stage 3, remaining stages = 0
2025-10-31 10:50:58 INFO  DAGScheduler:190 - Job 2 is finished. Cancelling potential speculative or zombie tasks for this job
2025-10-31 10:50:58 INFO  TaskSchedulerImpl:190 - Canceling stage 3
2025-10-31 10:50:58 INFO  TaskSchedulerImpl:190 - Killing all running tasks in stage 3: Stage finished
2025-10-31 10:50:58 INFO  DAGScheduler:190 - Job 2 finished: $anonfun$withThreadLocalCaptured$2 at CompletableFuture.java:1768, took 123.462202 ms
2025-10-31 10:50:58 DEBUG GenerateUnsafeProjection:204 - code for toprettystring(input[0, bigint, true], Some(Asia/Kolkata)),toprettystring(input[1, double, true], Some(Asia/Kolkata)):
/* 001 */ public java.lang.Object generate(Object[] references) {
/* 002 */   return new SpecificUnsafeProjection(references);
/* 003 */ }
/* 004 */
/* 005 */ class SpecificUnsafeProjection extends org.apache.spark.sql.catalyst.expressions.UnsafeProjection {
/* 006 */
/* 007 */   private Object[] references;
/* 008 */   private org.apache.spark.sql.catalyst.expressions.codegen.UnsafeRowWriter[] mutableStateArray_0 = new org.apache.spark.sql.catalyst.expressions.codegen.UnsafeRowWriter[1];
/* 009 */
/* 010 */   public SpecificUnsafeProjection(Object[] references) {
/* 011 */     this.references = references;
/* 012 */     mutableStateArray_0[0] = new org.apache.spark.sql.catalyst.expressions.codegen.UnsafeRowWriter(2, 64);
/* 013 */
/* 014 */   }
/* 015 */
/* 016 */   public void initialize(int partitionIndex) {
/* 017 */
/* 018 */   }
/* 019 */
/* 020 */   // Scala.Function1 need this
/* 021 */   public java.lang.Object apply(java.lang.Object row) {
/* 022 */     return apply((InternalRow) row);
/* 023 */   }
/* 024 */
/* 025 */   public UnsafeRow apply(InternalRow i) {
/* 026 */     mutableStateArray_0[0].reset();
/* 027 */
/* 028 */
/* 029 */
/* 030 */
/* 031 */     boolean isNull_1 = i.isNullAt(0);
/* 032 */     long value_1 = isNull_1 ?
/* 033 */     -1L : (i.getLong(0));
/* 034 */     UTF8String value_0;
/* 035 */     if (isNull_1) {
/* 036 */       value_0 = UTF8String.fromString("NULL");
/* 037 */     } else {
/* 038 */       UTF8String tmp_0;
/* 039 */       tmp_0 = UTF8String.fromString(String.valueOf(value_1));
/* 040 */       value_0 = tmp_0;
/* 041 */     }
/* 042 */     mutableStateArray_0[0].write(0, value_0);
/* 043 */
/* 044 */     boolean isNull_3 = i.isNullAt(1);
/* 045 */     double value_3 = isNull_3 ?
/* 046 */     -1.0 : (i.getDouble(1));
/* 047 */     UTF8String value_2;
/* 048 */     if (isNull_3) {
/* 049 */       value_2 = UTF8String.fromString("NULL");
/* 050 */     } else {
/* 051 */       UTF8String tmp_1;
/* 052 */       tmp_1 = UTF8String.fromString(String.valueOf(value_3));
/* 053 */       value_2 = tmp_1;
/* 054 */     }
/* 055 */     mutableStateArray_0[0].write(1, value_2);
/* 056 */     return (mutableStateArray_0[0].getRow());
/* 057 */   }
/* 058 */
/* 059 */
/* 060 */ }

2025-10-31 10:50:58 DEBUG CodeGenerator:204 - 
/* 001 */ public java.lang.Object generate(Object[] references) {
/* 002 */   return new SpecificUnsafeProjection(references);
/* 003 */ }
/* 004 */
/* 005 */ class SpecificUnsafeProjection extends org.apache.spark.sql.catalyst.expressions.UnsafeProjection {
/* 006 */
/* 007 */   private Object[] references;
/* 008 */   private org.apache.spark.sql.catalyst.expressions.codegen.UnsafeRowWriter[] mutableStateArray_0 = new org.apache.spark.sql.catalyst.expressions.codegen.UnsafeRowWriter[1];
/* 009 */
/* 010 */   public SpecificUnsafeProjection(Object[] references) {
/* 011 */     this.references = references;
/* 012 */     mutableStateArray_0[0] = new org.apache.spark.sql.catalyst.expressions.codegen.UnsafeRowWriter(2, 64);
/* 013 */
/* 014 */   }
/* 015 */
/* 016 */   public void initialize(int partitionIndex) {
/* 017 */
/* 018 */   }
/* 019 */
/* 020 */   // Scala.Function1 need this
/* 021 */   public java.lang.Object apply(java.lang.Object row) {
/* 022 */     return apply((InternalRow) row);
/* 023 */   }
/* 024 */
/* 025 */   public UnsafeRow apply(InternalRow i) {
/* 026 */     mutableStateArray_0[0].reset();
/* 027 */
/* 028 */
/* 029 */
/* 030 */
/* 031 */     boolean isNull_1 = i.isNullAt(0);
/* 032 */     long value_1 = isNull_1 ?
/* 033 */     -1L : (i.getLong(0));
/* 034 */     UTF8String value_0;
/* 035 */     if (isNull_1) {
/* 036 */       value_0 = UTF8String.fromString("NULL");
/* 037 */     } else {
/* 038 */       UTF8String tmp_0;
/* 039 */       tmp_0 = UTF8String.fromString(String.valueOf(value_1));
/* 040 */       value_0 = tmp_0;
/* 041 */     }
/* 042 */     mutableStateArray_0[0].write(0, value_0);
/* 043 */
/* 044 */     boolean isNull_3 = i.isNullAt(1);
/* 045 */     double value_3 = isNull_3 ?
/* 046 */     -1.0 : (i.getDouble(1));
/* 047 */     UTF8String value_2;
/* 048 */     if (isNull_3) {
/* 049 */       value_2 = UTF8String.fromString("NULL");
/* 050 */     } else {
/* 051 */       UTF8String tmp_1;
/* 052 */       tmp_1 = UTF8String.fromString(String.valueOf(value_3));
/* 053 */       value_2 = tmp_1;
/* 054 */     }
/* 055 */     mutableStateArray_0[0].write(1, value_2);
/* 056 */     return (mutableStateArray_0[0].getRow());
/* 057 */   }
/* 058 */
/* 059 */
/* 060 */ }

2025-10-31 10:50:58 INFO  CodeGenerator:190 - Code generated in 6.584409 ms
2025-10-31 10:50:58 DEBUG AdaptiveSparkPlanExec:210 - Final plan:
ResultQueryStage 1
+- TakeOrderedAndProject(limit=21, orderBy=[group#3L ASC NULLS FIRST], output=[group#9,avg(squared)#10])
   +- *(2) HashAggregate(keys=[_groupingexpression#11L], functions=[avg(squared#2)], output=[group#3L, avg(squared)#8])
      +- AQEShuffleRead coalesced
         +- ShuffleQueryStage 0
            +- Exchange hashpartitioning(_groupingexpression#11L, 200), ENSURE_REQUIREMENTS, [plan_id=43]
               +- *(1) HashAggregate(keys=[_groupingexpression#11L], functions=[partial_avg(squared#2)], output=[_groupingexpression#11L, sum#14, count#15L])
                  +- *(1) Project [(random_val#1 * random_val#1) AS squared#2, (id#0L % 100) AS _groupingexpression#11L]
                     +- *(1) Project [id#0L, rand(6374308552798896638) AS random_val#1]
                        +- *(1) Range (0, 99999, step=1, splits=8)

2025-10-31 10:50:58 DEBUG GenerateSafeProjection:204 - code for createexternalrow(invoke(input[0, string, false].toString()), invoke(input[1, string, false].toString()), StructField(group,StringType,false), StructField(avg(squared),StringType,false)):
/* 001 */ public java.lang.Object generate(Object[] references) {
/* 002 */   return new SpecificSafeProjection(references);
/* 003 */ }
/* 004 */
/* 005 */ class SpecificSafeProjection extends org.apache.spark.sql.catalyst.expressions.codegen.BaseProjection {
/* 006 */
/* 007 */   private Object[] references;
/* 008 */   private InternalRow mutableRow;
/* 009 */
/* 010 */
/* 011 */   public SpecificSafeProjection(Object[] references) {
/* 012 */     this.references = references;
/* 013 */     mutableRow = (InternalRow) references[references.length - 1];
/* 014 */
/* 015 */   }
/* 016 */
/* 017 */   public void initialize(int partitionIndex) {
/* 018 */
/* 019 */   }
/* 020 */
/* 021 */   public java.lang.Object apply(java.lang.Object _i) {
/* 022 */     InternalRow i = (InternalRow) _i;
/* 023 */     Object[] values_0 = new Object[2];
/* 024 */
/* 025 */     UTF8String value_2 = i.getUTF8String(0);
/* 026 */     boolean isNull_1 = true;
/* 027 */     java.lang.String value_1 = null;
/* 028 */     isNull_1 = false;
/* 029 */     if (!isNull_1) {
/* 030 */
/* 031 */       java.lang.String funcResult_0 = null;
/* 032 */       funcResult_0 = (java.lang.String) value_2.toString();
/* 033 */       value_1 = funcResult_0;
/* 034 */
/* 035 */     }
/* 036 */     if (isNull_1) {
/* 037 */       values_0[0] = null;
/* 038 */     } else {
/* 039 */       values_0[0] = value_1;
/* 040 */     }
/* 041 */
/* 042 */     UTF8String value_4 = i.getUTF8String(1);
/* 043 */     boolean isNull_3 = true;
/* 044 */     java.lang.String value_3 = null;
/* 045 */     isNull_3 = false;
/* 046 */     if (!isNull_3) {
/* 047 */
/* 048 */       java.lang.String funcResult_1 = null;
/* 049 */       funcResult_1 = (java.lang.String) value_4.toString();
/* 050 */       value_3 = funcResult_1;
/* 051 */
/* 052 */     }
/* 053 */     if (isNull_3) {
/* 054 */       values_0[1] = null;
/* 055 */     } else {
/* 056 */       values_0[1] = value_3;
/* 057 */     }
/* 058 */
/* 059 */     final org.apache.spark.sql.Row value_0 = new org.apache.spark.sql.catalyst.expressions.GenericRowWithSchema(values_0, ((org.apache.spark.sql.types.StructType) references[0] /* schema */));
/* 060 */     if (false) {
/* 061 */       mutableRow.setNullAt(0);
/* 062 */     } else {
/* 063 */
/* 064 */       mutableRow.update(0, value_0);
/* 065 */     }
/* 066 */
/* 067 */     return mutableRow;
/* 068 */   }
/* 069 */
/* 070 */
/* 071 */ }

2025-10-31 10:50:58 DEBUG CodeGenerator:204 - 
/* 001 */ public java.lang.Object generate(Object[] references) {
/* 002 */   return new SpecificSafeProjection(references);
/* 003 */ }
/* 004 */
/* 005 */ class SpecificSafeProjection extends org.apache.spark.sql.catalyst.expressions.codegen.BaseProjection {
/* 006 */
/* 007 */   private Object[] references;
/* 008 */   private InternalRow mutableRow;
/* 009 */
/* 010 */
/* 011 */   public SpecificSafeProjection(Object[] references) {
/* 012 */     this.references = references;
/* 013 */     mutableRow = (InternalRow) references[references.length - 1];
/* 014 */
/* 015 */   }
/* 016 */
/* 017 */   public void initialize(int partitionIndex) {
/* 018 */
/* 019 */   }
/* 020 */
/* 021 */   public java.lang.Object apply(java.lang.Object _i) {
/* 022 */     InternalRow i = (InternalRow) _i;
/* 023 */     Object[] values_0 = new Object[2];
/* 024 */
/* 025 */     UTF8String value_2 = i.getUTF8String(0);
/* 026 */     boolean isNull_1 = true;
/* 027 */     java.lang.String value_1 = null;
/* 028 */     isNull_1 = false;
/* 029 */     if (!isNull_1) {
/* 030 */
/* 031 */       java.lang.String funcResult_0 = null;
/* 032 */       funcResult_0 = (java.lang.String) value_2.toString();
/* 033 */       value_1 = funcResult_0;
/* 034 */
/* 035 */     }
/* 036 */     if (isNull_1) {
/* 037 */       values_0[0] = null;
/* 038 */     } else {
/* 039 */       values_0[0] = value_1;
/* 040 */     }
/* 041 */
/* 042 */     UTF8String value_4 = i.getUTF8String(1);
/* 043 */     boolean isNull_3 = true;
/* 044 */     java.lang.String value_3 = null;
/* 045 */     isNull_3 = false;
/* 046 */     if (!isNull_3) {
/* 047 */
/* 048 */       java.lang.String funcResult_1 = null;
/* 049 */       funcResult_1 = (java.lang.String) value_4.toString();
/* 050 */       value_3 = funcResult_1;
/* 051 */
/* 052 */     }
/* 053 */     if (isNull_3) {
/* 054 */       values_0[1] = null;
/* 055 */     } else {
/* 056 */       values_0[1] = value_3;
/* 057 */     }
/* 058 */
/* 059 */     final org.apache.spark.sql.Row value_0 = new org.apache.spark.sql.catalyst.expressions.GenericRowWithSchema(values_0, ((org.apache.spark.sql.types.StructType) references[0] /* schema */));
/* 060 */     if (false) {
/* 061 */       mutableRow.setNullAt(0);
/* 062 */     } else {
/* 063 */
/* 064 */       mutableRow.update(0, value_0);
/* 065 */     }
/* 066 */
/* 067 */     return mutableRow;
/* 068 */   }
/* 069 */
/* 070 */
/* 071 */ }

2025-10-31 10:50:58 INFO  CodeGenerator:190 - Code generated in 5.254129 ms
2025-10-31 10:51:08 DEBUG ExecutorMetricsPoller:204 - removing (0, 0) from stageTCMP
2025-10-31 10:51:08 DEBUG ExecutorMetricsPoller:204 - removing (3, 0) from stageTCMP
2025-10-31 10:51:08 DEBUG ExecutorMetricsPoller:204 - removing (1, 0) from stageTCMP
2025-10-31 10:51:17 WARN  SparkSession:244 - Using an existing Spark session; only runtime SQL configurations will take effect.
2025-10-31 10:51:17 DEBUG SparkSession:204 - Configurations that might not take effect:
  spark.app.name=TestApp
2025-10-31 10:51:17 DEBUG ContextCleaner:204 - Got cleaning task CleanAccum(245)
2025-10-31 10:51:17 DEBUG ContextCleaner:204 - Cleaning accumulator 245
2025-10-31 10:51:17 DEBUG ContextCleaner:204 - Cleaned accumulator 245
2025-10-31 10:51:17 DEBUG ContextCleaner:204 - Got cleaning task CleanAccum(213)
2025-10-31 10:51:17 DEBUG ContextCleaner:204 - Cleaning accumulator 213
2025-10-31 10:51:17 DEBUG ContextCleaner:204 - Cleaned accumulator 213
2025-10-31 10:51:17 DEBUG ContextCleaner:204 - Got cleaning task CleanAccum(222)
2025-10-31 10:51:17 DEBUG ContextCleaner:204 - Cleaning accumulator 222
2025-10-31 10:51:17 DEBUG ContextCleaner:204 - Cleaned accumulator 222
2025-10-31 10:51:17 DEBUG ContextCleaner:204 - Got cleaning task CleanAccum(224)
2025-10-31 10:51:17 DEBUG ContextCleaner:204 - Cleaning accumulator 224
2025-10-31 10:51:17 DEBUG ContextCleaner:204 - Cleaned accumulator 224
2025-10-31 10:51:17 DEBUG ContextCleaner:204 - Got cleaning task CleanAccum(214)
2025-10-31 10:51:17 DEBUG ContextCleaner:204 - Cleaning accumulator 214
2025-10-31 10:51:17 DEBUG ContextCleaner:204 - Cleaned accumulator 214
2025-10-31 10:51:17 DEBUG ContextCleaner:204 - Got cleaning task CleanAccum(226)
2025-10-31 10:51:17 DEBUG ContextCleaner:204 - Cleaning accumulator 226
2025-10-31 10:51:17 DEBUG ContextCleaner:204 - Cleaned accumulator 226
2025-10-31 10:51:17 DEBUG ContextCleaner:204 - Got cleaning task CleanAccum(243)
2025-10-31 10:51:17 DEBUG ContextCleaner:204 - Cleaning accumulator 243
2025-10-31 10:51:17 DEBUG ContextCleaner:204 - Cleaned accumulator 243
2025-10-31 10:51:17 DEBUG ContextCleaner:204 - Got cleaning task CleanAccum(218)
2025-10-31 10:51:17 DEBUG ContextCleaner:204 - Cleaning accumulator 218
2025-10-31 10:51:17 DEBUG ContextCleaner:204 - Cleaned accumulator 218
2025-10-31 10:51:17 DEBUG ContextCleaner:204 - Got cleaning task CleanAccum(211)
2025-10-31 10:51:17 DEBUG ContextCleaner:204 - Cleaning accumulator 211
2025-10-31 10:51:17 DEBUG ContextCleaner:204 - Cleaned accumulator 211
2025-10-31 10:51:17 DEBUG ContextCleaner:204 - Got cleaning task CleanAccum(236)
2025-10-31 10:51:17 DEBUG ContextCleaner:204 - Cleaning accumulator 236
2025-10-31 10:51:17 DEBUG ContextCleaner:204 - Cleaned accumulator 236
2025-10-31 10:51:17 DEBUG ContextCleaner:204 - Got cleaning task CleanAccum(229)
2025-10-31 10:51:17 DEBUG ContextCleaner:204 - Cleaning accumulator 229
2025-10-31 10:51:17 DEBUG ContextCleaner:204 - Cleaned accumulator 229
2025-10-31 10:51:17 DEBUG ContextCleaner:204 - Got cleaning task CleanAccum(215)
2025-10-31 10:51:17 DEBUG ContextCleaner:204 - Cleaning accumulator 215
2025-10-31 10:51:17 DEBUG ContextCleaner:204 - Cleaned accumulator 215
2025-10-31 10:51:17 DEBUG ContextCleaner:204 - Got cleaning task CleanAccum(221)
2025-10-31 10:51:17 DEBUG ContextCleaner:204 - Cleaning accumulator 221
2025-10-31 10:51:17 DEBUG ContextCleaner:204 - Cleaned accumulator 221
2025-10-31 10:51:17 DEBUG ContextCleaner:204 - Got cleaning task CleanAccum(247)
2025-10-31 10:51:17 DEBUG ContextCleaner:204 - Cleaning accumulator 247
2025-10-31 10:51:17 DEBUG ContextCleaner:204 - Cleaned accumulator 247
2025-10-31 10:51:17 DEBUG ContextCleaner:204 - Got cleaning task CleanAccum(241)
2025-10-31 10:51:17 DEBUG ContextCleaner:204 - Cleaning accumulator 241
2025-10-31 10:51:17 DEBUG ContextCleaner:204 - Cleaned accumulator 241
2025-10-31 10:51:17 DEBUG ContextCleaner:204 - Got cleaning task CleanAccum(234)
2025-10-31 10:51:17 DEBUG ContextCleaner:204 - Cleaning accumulator 234
2025-10-31 10:51:17 DEBUG ContextCleaner:204 - Cleaned accumulator 234
2025-10-31 10:51:17 DEBUG ContextCleaner:204 - Got cleaning task CleanAccum(233)
2025-10-31 10:51:17 DEBUG ContextCleaner:204 - Cleaning accumulator 233
2025-10-31 10:51:17 DEBUG ContextCleaner:204 - Cleaned accumulator 233
2025-10-31 10:51:17 DEBUG ContextCleaner:204 - Got cleaning task CleanAccum(225)
2025-10-31 10:51:17 DEBUG ContextCleaner:204 - Cleaning accumulator 225
2025-10-31 10:51:17 DEBUG ContextCleaner:204 - Cleaned accumulator 225
2025-10-31 10:51:17 DEBUG ContextCleaner:204 - Got cleaning task CleanAccum(238)
2025-10-31 10:51:17 DEBUG ContextCleaner:204 - Cleaning accumulator 238
2025-10-31 10:51:17 DEBUG ContextCleaner:204 - Cleaned accumulator 238
2025-10-31 10:51:17 DEBUG ContextCleaner:204 - Got cleaning task CleanAccum(239)
2025-10-31 10:51:17 DEBUG ContextCleaner:204 - Cleaning accumulator 239
2025-10-31 10:51:17 DEBUG ContextCleaner:204 - Cleaned accumulator 239
2025-10-31 10:51:17 DEBUG ContextCleaner:204 - Got cleaning task CleanAccum(228)
2025-10-31 10:51:17 DEBUG ContextCleaner:204 - Cleaning accumulator 228
2025-10-31 10:51:17 DEBUG ContextCleaner:204 - Cleaned accumulator 228
2025-10-31 10:51:17 DEBUG ContextCleaner:204 - Got cleaning task CleanAccum(219)
2025-10-31 10:51:17 DEBUG ContextCleaner:204 - Cleaning accumulator 219
2025-10-31 10:51:17 DEBUG ContextCleaner:204 - Cleaned accumulator 219
2025-10-31 10:51:17 DEBUG ContextCleaner:204 - Got cleaning task CleanAccum(220)
2025-10-31 10:51:17 DEBUG ContextCleaner:204 - Cleaning accumulator 220
2025-10-31 10:51:17 DEBUG ContextCleaner:204 - Cleaned accumulator 220
2025-10-31 10:51:17 DEBUG ContextCleaner:204 - Got cleaning task CleanAccum(223)
2025-10-31 10:51:17 DEBUG ContextCleaner:204 - Cleaning accumulator 223
2025-10-31 10:51:17 DEBUG ContextCleaner:204 - Cleaned accumulator 223
2025-10-31 10:51:17 DEBUG ContextCleaner:204 - Got cleaning task CleanAccum(235)
2025-10-31 10:51:17 DEBUG ContextCleaner:204 - Cleaning accumulator 235
2025-10-31 10:51:17 DEBUG ContextCleaner:204 - Cleaned accumulator 235
2025-10-31 10:51:17 DEBUG ContextCleaner:204 - Got cleaning task CleanAccum(227)
2025-10-31 10:51:17 DEBUG ContextCleaner:204 - Cleaning accumulator 227
2025-10-31 10:51:17 DEBUG ContextCleaner:204 - Cleaned accumulator 227
2025-10-31 10:51:17 DEBUG ContextCleaner:204 - Got cleaning task CleanAccum(237)
2025-10-31 10:51:17 DEBUG ContextCleaner:204 - Cleaning accumulator 237
2025-10-31 10:51:17 DEBUG ContextCleaner:204 - Cleaned accumulator 237
2025-10-31 10:51:17 DEBUG ContextCleaner:204 - Got cleaning task CleanAccum(212)
2025-10-31 10:51:17 DEBUG ContextCleaner:204 - Cleaning accumulator 212
2025-10-31 10:51:17 DEBUG ContextCleaner:204 - Cleaned accumulator 212
2025-10-31 10:51:17 DEBUG ContextCleaner:204 - Got cleaning task CleanAccum(246)
2025-10-31 10:51:17 DEBUG ContextCleaner:204 - Cleaning accumulator 246
2025-10-31 10:51:17 DEBUG ContextCleaner:204 - Cleaned accumulator 246
2025-10-31 10:51:17 DEBUG ContextCleaner:204 - Got cleaning task CleanAccum(216)
2025-10-31 10:51:17 DEBUG ContextCleaner:204 - Cleaning accumulator 216
2025-10-31 10:51:17 DEBUG ContextCleaner:204 - Cleaned accumulator 216
2025-10-31 10:51:17 DEBUG ContextCleaner:204 - Got cleaning task CleanAccum(232)
2025-10-31 10:51:17 DEBUG ContextCleaner:204 - Cleaning accumulator 232
2025-10-31 10:51:17 DEBUG ContextCleaner:204 - Cleaned accumulator 232
2025-10-31 10:51:17 DEBUG ContextCleaner:204 - Got cleaning task CleanAccum(242)
2025-10-31 10:51:17 DEBUG ContextCleaner:204 - Cleaning accumulator 242
2025-10-31 10:51:17 DEBUG ContextCleaner:204 - Cleaned accumulator 242
2025-10-31 10:51:17 DEBUG ContextCleaner:204 - Got cleaning task CleanAccum(230)
2025-10-31 10:51:17 DEBUG ContextCleaner:204 - Cleaning accumulator 230
2025-10-31 10:51:17 DEBUG ContextCleaner:204 - Cleaned accumulator 230
2025-10-31 10:51:17 DEBUG ContextCleaner:204 - Got cleaning task CleanAccum(217)
2025-10-31 10:51:17 DEBUG ContextCleaner:204 - Cleaning accumulator 217
2025-10-31 10:51:17 DEBUG ContextCleaner:204 - Cleaned accumulator 217
2025-10-31 10:51:17 DEBUG ContextCleaner:204 - Got cleaning task CleanAccum(244)
2025-10-31 10:51:17 DEBUG ContextCleaner:204 - Cleaning accumulator 244
2025-10-31 10:51:17 DEBUG ContextCleaner:204 - Cleaned accumulator 244
2025-10-31 10:51:17 DEBUG ContextCleaner:204 - Got cleaning task CleanAccum(231)
2025-10-31 10:51:17 DEBUG ContextCleaner:204 - Cleaning accumulator 231
2025-10-31 10:51:17 DEBUG ContextCleaner:204 - Cleaned accumulator 231
2025-10-31 10:51:17 DEBUG ContextCleaner:204 - Got cleaning task CleanAccum(240)
2025-10-31 10:51:17 DEBUG ContextCleaner:204 - Cleaning accumulator 240
2025-10-31 10:51:17 DEBUG ContextCleaner:204 - Cleaned accumulator 240
2025-10-31 10:51:17 DEBUG ContextCleaner:204 - Got cleaning task CleanBroadcast(2)
2025-10-31 10:51:17 DEBUG ContextCleaner:204 - Cleaning broadcast 2
2025-10-31 10:51:17 DEBUG TorrentBroadcast:204 - Unpersisting TorrentBroadcast 2
2025-10-31 10:51:17 DEBUG BlockManagerStorageEndpoint:204 - removing broadcast 2
2025-10-31 10:51:17 DEBUG BlockManager:204 - Removing broadcast 2
2025-10-31 10:51:17 DEBUG BlockManager:204 - Removing block broadcast_2
2025-10-31 10:51:17 DEBUG MemoryStore:204 - Block broadcast_2 of size 42648 dropped from memory (free 455427840)
2025-10-31 10:51:17 DEBUG BlockManager:204 - Removing block broadcast_2_piece0
2025-10-31 10:51:17 DEBUG MemoryStore:204 - Block broadcast_2_piece0 of size 18467 dropped from memory (free 455446307)
2025-10-31 10:51:17 DEBUG BlockManagerMasterEndpoint:204 - Updating block info on master broadcast_2_piece0 for BlockManagerId(driver, 192.168.1.204, 42851, None)
2025-10-31 10:51:17 DEBUG BlockManagerInfo:210 - Removed broadcast_2_piece0 on 192.168.1.204:42851 in memory (size: 18.0 KiB, free: 434.4 MiB)
2025-10-31 10:51:17 DEBUG BlockManagerMaster:204 - Updated info of block broadcast_2_piece0
2025-10-31 10:51:17 DEBUG BlockManager:204 - Told master about block broadcast_2_piece0
2025-10-31 10:51:17 DEBUG BlockManagerStorageEndpoint:204 - Done removing broadcast 2, response is 0
2025-10-31 10:51:17 DEBUG BlockManagerStorageEndpoint:204 - Sent response: 0 to 192.168.1.204:37857
2025-10-31 10:51:17 DEBUG ContextCleaner:204 - Cleaned broadcast 2
2025-10-31 10:51:17 DEBUG DataSource:204 - Some paths were ignored:
  
2025-10-31 10:51:17 INFO  InMemoryFileIndex:190 - It took 35 ms to list leaf files for 1 paths.
2025-10-31 10:51:17 INFO  InMemoryFileIndex:190 - It took 1 ms to list leaf files for 1 paths.
2025-10-31 10:51:17 DEBUG Analyzer$ResolveReferences:204 - Resolving 'value to value#23
2025-10-31 10:51:17 DEBUG Analyzer$ResolveReferences:204 - Resolving 'value to value#28
2025-10-31 10:51:17 DEBUG ArtifactManager:204 - Not applying  classloader for session 7d44eae4-e2b6-4ac1-aaf5-8270abb7c4ab because alwaysApplyClassLoader=false, sessionArtifactAdded=false.
2025-10-31 10:51:17 INFO  FileSourceStrategy:190 - Pushed Filters: 
2025-10-31 10:51:17 INFO  FileSourceStrategy:190 - Post-Scan Filters: Set((length(trim(value#23, None)) > 0))
2025-10-31 10:51:17 DEBUG WholeStageCodegenExec:204 - 
/* 001 */ public Object generate(Object[] references) {
/* 002 */   return new GeneratedIteratorForCodegenStage1(references);
/* 003 */ }
/* 004 */
/* 005 */ // codegenStageId=1
/* 006 */ final class GeneratedIteratorForCodegenStage1 extends org.apache.spark.sql.execution.BufferedRowIterator {
/* 007 */   private Object[] references;
/* 008 */   private scala.collection.Iterator[] inputs;
/* 009 */   private scala.collection.Iterator inputadapter_input_0;
/* 010 */   private org.apache.spark.sql.catalyst.expressions.codegen.UnsafeRowWriter[] filter_mutableStateArray_0 = new org.apache.spark.sql.catalyst.expressions.codegen.UnsafeRowWriter[1];
/* 011 */
/* 012 */   public GeneratedIteratorForCodegenStage1(Object[] references) {
/* 013 */     this.references = references;
/* 014 */   }
/* 015 */
/* 016 */   public void init(int index, scala.collection.Iterator[] inputs) {
/* 017 */     partitionIndex = index;
/* 018 */     this.inputs = inputs;
/* 019 */     inputadapter_input_0 = inputs[0];
/* 020 */     filter_mutableStateArray_0[0] = new org.apache.spark.sql.catalyst.expressions.codegen.UnsafeRowWriter(1, 32);
/* 021 */
/* 022 */   }
/* 023 */
/* 024 */   protected void processNext() throws java.io.IOException {
/* 025 */     while ( inputadapter_input_0.hasNext()) {
/* 026 */       InternalRow inputadapter_row_0 = (InternalRow) inputadapter_input_0.next();
/* 027 */
/* 028 */       do {
/* 029 */         boolean inputadapter_isNull_0 = inputadapter_row_0.isNullAt(0);
/* 030 */         UTF8String inputadapter_value_0 = inputadapter_isNull_0 ?
/* 031 */         null : (inputadapter_row_0.getUTF8String(0));
/* 032 */
/* 033 */         boolean filter_isNull_0 = true;
/* 034 */         boolean filter_value_0 = false;
/* 035 */         boolean filter_isNull_2 = false;
/* 036 */         UTF8String filter_value_2 = null;
/* 037 */         if (inputadapter_isNull_0) {
/* 038 */           filter_isNull_2 = true;
/* 039 */         } else {
/* 040 */           filter_value_2 = CollationSupport.StringTrim.execBinary(inputadapter_value_0);
/* 041 */         }
/* 042 */         boolean filter_isNull_1 = filter_isNull_2;
/* 043 */         int filter_value_1 = -1;
/* 044 */
/* 045 */         if (!filter_isNull_2) {
/* 046 */           filter_value_1 = (filter_value_2).numChars();
/* 047 */         }
/* 048 */         if (!filter_isNull_1) {
/* 049 */           filter_isNull_0 = false; // resultCode could change nullability.
/* 050 */           filter_value_0 = filter_value_1 > 0;
/* 051 */
/* 052 */         }
/* 053 */         if (filter_isNull_0 || !filter_value_0) continue;
/* 054 */
/* 055 */         ((org.apache.spark.sql.execution.metric.SQLMetric) references[0] /* numOutputRows */).add(1);
/* 056 */
/* 057 */         filter_mutableStateArray_0[0].reset();
/* 058 */
/* 059 */         filter_mutableStateArray_0[0].zeroOutNullBytes();
/* 060 */
/* 061 */         if (inputadapter_isNull_0) {
/* 062 */           filter_mutableStateArray_0[0].setNullAt(0);
/* 063 */         } else {
/* 064 */           filter_mutableStateArray_0[0].write(0, inputadapter_value_0);
/* 065 */         }
/* 066 */         append((filter_mutableStateArray_0[0].getRow()));
/* 067 */
/* 068 */       } while (false);
/* 069 */       if (shouldStop()) return;
/* 070 */     }
/* 071 */   }
/* 072 */
/* 073 */ }

2025-10-31 10:51:17 DEBUG CodeGenerator:204 - 
/* 001 */ public Object generate(Object[] references) {
/* 002 */   return new GeneratedIteratorForCodegenStage1(references);
/* 003 */ }
/* 004 */
/* 005 */ // codegenStageId=1
/* 006 */ final class GeneratedIteratorForCodegenStage1 extends org.apache.spark.sql.execution.BufferedRowIterator {
/* 007 */   private Object[] references;
/* 008 */   private scala.collection.Iterator[] inputs;
/* 009 */   private scala.collection.Iterator inputadapter_input_0;
/* 010 */   private org.apache.spark.sql.catalyst.expressions.codegen.UnsafeRowWriter[] filter_mutableStateArray_0 = new org.apache.spark.sql.catalyst.expressions.codegen.UnsafeRowWriter[1];
/* 011 */
/* 012 */   public GeneratedIteratorForCodegenStage1(Object[] references) {
/* 013 */     this.references = references;
/* 014 */   }
/* 015 */
/* 016 */   public void init(int index, scala.collection.Iterator[] inputs) {
/* 017 */     partitionIndex = index;
/* 018 */     this.inputs = inputs;
/* 019 */     inputadapter_input_0 = inputs[0];
/* 020 */     filter_mutableStateArray_0[0] = new org.apache.spark.sql.catalyst.expressions.codegen.UnsafeRowWriter(1, 32);
/* 021 */
/* 022 */   }
/* 023 */
/* 024 */   protected void processNext() throws java.io.IOException {
/* 025 */     while ( inputadapter_input_0.hasNext()) {
/* 026 */       InternalRow inputadapter_row_0 = (InternalRow) inputadapter_input_0.next();
/* 027 */
/* 028 */       do {
/* 029 */         boolean inputadapter_isNull_0 = inputadapter_row_0.isNullAt(0);
/* 030 */         UTF8String inputadapter_value_0 = inputadapter_isNull_0 ?
/* 031 */         null : (inputadapter_row_0.getUTF8String(0));
/* 032 */
/* 033 */         boolean filter_isNull_0 = true;
/* 034 */         boolean filter_value_0 = false;
/* 035 */         boolean filter_isNull_2 = false;
/* 036 */         UTF8String filter_value_2 = null;
/* 037 */         if (inputadapter_isNull_0) {
/* 038 */           filter_isNull_2 = true;
/* 039 */         } else {
/* 040 */           filter_value_2 = CollationSupport.StringTrim.execBinary(inputadapter_value_0);
/* 041 */         }
/* 042 */         boolean filter_isNull_1 = filter_isNull_2;
/* 043 */         int filter_value_1 = -1;
/* 044 */
/* 045 */         if (!filter_isNull_2) {
/* 046 */           filter_value_1 = (filter_value_2).numChars();
/* 047 */         }
/* 048 */         if (!filter_isNull_1) {
/* 049 */           filter_isNull_0 = false; // resultCode could change nullability.
/* 050 */           filter_value_0 = filter_value_1 > 0;
/* 051 */
/* 052 */         }
/* 053 */         if (filter_isNull_0 || !filter_value_0) continue;
/* 054 */
/* 055 */         ((org.apache.spark.sql.execution.metric.SQLMetric) references[0] /* numOutputRows */).add(1);
/* 056 */
/* 057 */         filter_mutableStateArray_0[0].reset();
/* 058 */
/* 059 */         filter_mutableStateArray_0[0].zeroOutNullBytes();
/* 060 */
/* 061 */         if (inputadapter_isNull_0) {
/* 062 */           filter_mutableStateArray_0[0].setNullAt(0);
/* 063 */         } else {
/* 064 */           filter_mutableStateArray_0[0].write(0, inputadapter_value_0);
/* 065 */         }
/* 066 */         append((filter_mutableStateArray_0[0].getRow()));
/* 067 */
/* 068 */       } while (false);
/* 069 */       if (shouldStop()) return;
/* 070 */     }
/* 071 */   }
/* 072 */
/* 073 */ }

2025-10-31 10:51:17 INFO  CodeGenerator:190 - Code generated in 6.852598 ms
2025-10-31 10:51:17 INFO  MemoryStore:190 - Block broadcast_3 stored as values in memory (estimated size 213.6 KiB, free 434.1 MiB)
2025-10-31 10:51:17 DEBUG BlockManager:204 - Put block broadcast_3 locally took 7 ms
2025-10-31 10:51:17 DEBUG BlockManager:204 - Putting block broadcast_3 without replication took 7 ms
2025-10-31 10:51:17 INFO  MemoryStore:190 - Block broadcast_3_piece0 stored as bytes in memory (estimated size 38.3 KiB, free 434.1 MiB)
2025-10-31 10:51:17 DEBUG BlockManagerMasterEndpoint:204 - Updating block info on master broadcast_3_piece0 for BlockManagerId(driver, 192.168.1.204, 42851, None)
2025-10-31 10:51:17 DEBUG BlockManagerInfo:210 - Added broadcast_3_piece0 in memory on 192.168.1.204:42851 (size: 38.3 KiB, free: 434.3 MiB)
2025-10-31 10:51:17 DEBUG BlockManagerMaster:204 - Updated info of block broadcast_3_piece0
2025-10-31 10:51:17 DEBUG BlockManager:204 - Told master about block broadcast_3_piece0
2025-10-31 10:51:17 DEBUG BlockManager:204 - Put block broadcast_3_piece0 locally took 1 ms
2025-10-31 10:51:17 DEBUG BlockManager:204 - Putting block broadcast_3_piece0 without replication took 1 ms
2025-10-31 10:51:17 INFO  SparkContext:190 - Created broadcast 3 from load at NativeMethodAccessorImpl.java:0
2025-10-31 10:51:17 INFO  FileSourceScanExec:190 - Planning scan with bin packing, max size: 6090553 bytes, open cost is considered as scanning 4194304 bytes.
2025-10-31 10:51:17 DEBUG ContextCleaner:204 - Got cleaning task CleanAccum(88)
2025-10-31 10:51:17 DEBUG ContextCleaner:204 - Cleaning accumulator 88
2025-10-31 10:51:17 DEBUG ContextCleaner:204 - Cleaned accumulator 88
2025-10-31 10:51:17 DEBUG ContextCleaner:204 - Got cleaning task CleanAccum(169)
2025-10-31 10:51:17 DEBUG ContextCleaner:204 - Cleaning accumulator 169
2025-10-31 10:51:17 DEBUG ContextCleaner:204 - Cleaned accumulator 169
2025-10-31 10:51:17 DEBUG ContextCleaner:204 - Got cleaning task CleanAccum(119)
2025-10-31 10:51:17 DEBUG ContextCleaner:204 - Cleaning accumulator 119
2025-10-31 10:51:17 DEBUG ContextCleaner:204 - Cleaned accumulator 119
2025-10-31 10:51:17 DEBUG ContextCleaner:204 - Got cleaning task CleanAccum(108)
2025-10-31 10:51:17 DEBUG ContextCleaner:204 - Cleaning accumulator 108
2025-10-31 10:51:17 DEBUG ContextCleaner:204 - Cleaned accumulator 108
2025-10-31 10:51:17 DEBUG ContextCleaner:204 - Got cleaning task CleanAccum(136)
2025-10-31 10:51:17 DEBUG ContextCleaner:204 - Cleaning accumulator 136
2025-10-31 10:51:17 DEBUG ContextCleaner:204 - Cleaned accumulator 136
2025-10-31 10:51:17 DEBUG ContextCleaner:204 - Got cleaning task CleanAccum(43)
2025-10-31 10:51:17 DEBUG ContextCleaner:204 - Cleaning accumulator 43
2025-10-31 10:51:17 DEBUG ContextCleaner:204 - Cleaned accumulator 43
2025-10-31 10:51:17 DEBUG ContextCleaner:204 - Got cleaning task CleanAccum(109)
2025-10-31 10:51:17 DEBUG ContextCleaner:204 - Cleaning accumulator 109
2025-10-31 10:51:17 DEBUG ContextCleaner:204 - Cleaned accumulator 109
2025-10-31 10:51:17 DEBUG ContextCleaner:204 - Got cleaning task CleanAccum(100)
2025-10-31 10:51:17 DEBUG ContextCleaner:204 - Cleaning accumulator 100
2025-10-31 10:51:17 DEBUG ContextCleaner:204 - Cleaned accumulator 100
2025-10-31 10:51:17 DEBUG ContextCleaner:204 - Got cleaning task CleanAccum(69)
2025-10-31 10:51:17 DEBUG ContextCleaner:204 - Cleaning accumulator 69
2025-10-31 10:51:17 DEBUG ContextCleaner:204 - Cleaned accumulator 69
2025-10-31 10:51:17 DEBUG ContextCleaner:204 - Got cleaning task CleanAccum(98)
2025-10-31 10:51:17 DEBUG ContextCleaner:204 - Cleaning accumulator 98
2025-10-31 10:51:17 DEBUG ContextCleaner:204 - Cleaned accumulator 98
2025-10-31 10:51:17 DEBUG ContextCleaner:204 - Got cleaning task CleanAccum(177)
2025-10-31 10:51:17 DEBUG ContextCleaner:204 - Cleaning accumulator 177
2025-10-31 10:51:17 DEBUG ContextCleaner:204 - Cleaned accumulator 177
2025-10-31 10:51:17 DEBUG ContextCleaner:204 - Got cleaning task CleanAccum(65)
2025-10-31 10:51:17 DEBUG ContextCleaner:204 - Cleaning accumulator 65
2025-10-31 10:51:17 DEBUG ContextCleaner:204 - Cleaned accumulator 65
2025-10-31 10:51:17 DEBUG ContextCleaner:204 - Got cleaning task CleanAccum(159)
2025-10-31 10:51:17 DEBUG ContextCleaner:204 - Cleaning accumulator 159
2025-10-31 10:51:17 DEBUG ContextCleaner:204 - Cleaned accumulator 159
2025-10-31 10:51:17 DEBUG ContextCleaner:204 - Got cleaning task CleanAccum(47)
2025-10-31 10:51:17 DEBUG ContextCleaner:204 - Cleaning accumulator 47
2025-10-31 10:51:17 DEBUG ContextCleaner:204 - Cleaned accumulator 47
2025-10-31 10:51:17 DEBUG ContextCleaner:204 - Got cleaning task CleanAccum(75)
2025-10-31 10:51:17 DEBUG ContextCleaner:204 - Cleaning accumulator 75
2025-10-31 10:51:17 DEBUG ContextCleaner:204 - Cleaned accumulator 75
2025-10-31 10:51:17 DEBUG ContextCleaner:204 - Got cleaning task CleanAccum(163)
2025-10-31 10:51:17 DEBUG ContextCleaner:204 - Cleaning accumulator 163
2025-10-31 10:51:17 DEBUG ContextCleaner:204 - Cleaned accumulator 163
2025-10-31 10:51:17 DEBUG ContextCleaner:204 - Got cleaning task CleanAccum(148)
2025-10-31 10:51:17 DEBUG ContextCleaner:204 - Cleaning accumulator 148
2025-10-31 10:51:17 DEBUG ContextCleaner:204 - Cleaned accumulator 148
2025-10-31 10:51:17 DEBUG ContextCleaner:204 - Got cleaning task CleanAccum(139)
2025-10-31 10:51:17 DEBUG ContextCleaner:204 - Cleaning accumulator 139
2025-10-31 10:51:17 DEBUG ContextCleaner:204 - Cleaned accumulator 139
2025-10-31 10:51:17 DEBUG ContextCleaner:204 - Got cleaning task CleanAccum(81)
2025-10-31 10:51:17 DEBUG ContextCleaner:204 - Cleaning accumulator 81
2025-10-31 10:51:17 DEBUG ContextCleaner:204 - Cleaned accumulator 81
2025-10-31 10:51:17 DEBUG ContextCleaner:204 - Got cleaning task CleanAccum(132)
2025-10-31 10:51:17 DEBUG ContextCleaner:204 - Cleaning accumulator 132
2025-10-31 10:51:17 DEBUG ContextCleaner:204 - Cleaned accumulator 132
2025-10-31 10:51:17 DEBUG ContextCleaner:204 - Got cleaning task CleanAccum(99)
2025-10-31 10:51:17 DEBUG ContextCleaner:204 - Cleaning accumulator 99
2025-10-31 10:51:17 DEBUG ContextCleaner:204 - Cleaned accumulator 99
2025-10-31 10:51:17 DEBUG ContextCleaner:204 - Got cleaning task CleanAccum(62)
2025-10-31 10:51:17 DEBUG ContextCleaner:204 - Cleaning accumulator 62
2025-10-31 10:51:17 DEBUG ContextCleaner:204 - Cleaned accumulator 62
2025-10-31 10:51:17 DEBUG ContextCleaner:204 - Got cleaning task CleanAccum(161)
2025-10-31 10:51:17 DEBUG ContextCleaner:204 - Cleaning accumulator 161
2025-10-31 10:51:17 DEBUG ContextCleaner:204 - Cleaned accumulator 161
2025-10-31 10:51:17 DEBUG ContextCleaner:204 - Got cleaning task CleanAccum(172)
2025-10-31 10:51:17 DEBUG ContextCleaner:204 - Cleaning accumulator 172
2025-10-31 10:51:17 DEBUG ContextCleaner:204 - Cleaned accumulator 172
2025-10-31 10:51:17 DEBUG ContextCleaner:204 - Got cleaning task CleanAccum(73)
2025-10-31 10:51:17 DEBUG ContextCleaner:204 - Cleaning accumulator 73
2025-10-31 10:51:17 DEBUG ContextCleaner:204 - Cleaned accumulator 73
2025-10-31 10:51:17 DEBUG ContextCleaner:204 - Got cleaning task CleanAccum(79)
2025-10-31 10:51:17 DEBUG ContextCleaner:204 - Cleaning accumulator 79
2025-10-31 10:51:17 DEBUG ContextCleaner:204 - Cleaned accumulator 79
2025-10-31 10:51:17 DEBUG ContextCleaner:204 - Got cleaning task CleanAccum(74)
2025-10-31 10:51:17 DEBUG ContextCleaner:204 - Cleaning accumulator 74
2025-10-31 10:51:17 DEBUG ContextCleaner:204 - Cleaned accumulator 74
2025-10-31 10:51:17 DEBUG ContextCleaner:204 - Got cleaning task CleanAccum(113)
2025-10-31 10:51:17 DEBUG ContextCleaner:204 - Cleaning accumulator 113
2025-10-31 10:51:17 DEBUG ContextCleaner:204 - Cleaned accumulator 113
2025-10-31 10:51:17 DEBUG ContextCleaner:204 - Got cleaning task CleanAccum(165)
2025-10-31 10:51:17 DEBUG ContextCleaner:204 - Cleaning accumulator 165
2025-10-31 10:51:17 DEBUG ContextCleaner:204 - Cleaned accumulator 165
2025-10-31 10:51:17 DEBUG ContextCleaner:204 - Got cleaning task CleanAccum(173)
2025-10-31 10:51:17 DEBUG ContextCleaner:204 - Cleaning accumulator 173
2025-10-31 10:51:17 DEBUG ContextCleaner:204 - Cleaned accumulator 173
2025-10-31 10:51:17 DEBUG ContextCleaner:204 - Got cleaning task CleanAccum(178)
2025-10-31 10:51:17 DEBUG ContextCleaner:204 - Cleaning accumulator 178
2025-10-31 10:51:17 DEBUG ContextCleaner:204 - Cleaned accumulator 178
2025-10-31 10:51:17 DEBUG ContextCleaner:204 - Got cleaning task CleanAccum(140)
2025-10-31 10:51:17 DEBUG ContextCleaner:204 - Cleaning accumulator 140
2025-10-31 10:51:17 DEBUG ContextCleaner:204 - Cleaned accumulator 140
2025-10-31 10:51:17 DEBUG ContextCleaner:204 - Got cleaning task CleanAccum(150)
2025-10-31 10:51:17 DEBUG ContextCleaner:204 - Cleaning accumulator 150
2025-10-31 10:51:17 DEBUG ContextCleaner:204 - Cleaned accumulator 150
2025-10-31 10:51:17 DEBUG ContextCleaner:204 - Got cleaning task CleanAccum(156)
2025-10-31 10:51:17 DEBUG ContextCleaner:204 - Cleaning accumulator 156
2025-10-31 10:51:17 DEBUG ContextCleaner:204 - Cleaned accumulator 156
2025-10-31 10:51:17 DEBUG ContextCleaner:204 - Got cleaning task CleanAccum(83)
2025-10-31 10:51:17 DEBUG ContextCleaner:204 - Cleaning accumulator 83
2025-10-31 10:51:17 DEBUG ContextCleaner:204 - Cleaned accumulator 83
2025-10-31 10:51:17 DEBUG ContextCleaner:204 - Got cleaning task CleanBroadcast(1)
2025-10-31 10:51:17 DEBUG ContextCleaner:204 - Cleaning broadcast 1
2025-10-31 10:51:17 DEBUG TorrentBroadcast:204 - Unpersisting TorrentBroadcast 1
2025-10-31 10:51:17 DEBUG BlockManagerStorageEndpoint:204 - removing broadcast 1
2025-10-31 10:51:17 DEBUG BlockManager:204 - Removing broadcast 1
2025-10-31 10:51:17 DEBUG BlockManager:204 - Removing block broadcast_1
2025-10-31 10:51:17 DEBUG MemoryStore:204 - Block broadcast_1 of size 38064 dropped from memory (free 455226389)
2025-10-31 10:51:17 DEBUG BlockManager:204 - Removing block broadcast_1_piece0
2025-10-31 10:51:17 DEBUG MemoryStore:204 - Block broadcast_1_piece0 of size 17043 dropped from memory (free 455243432)
2025-10-31 10:51:17 DEBUG BlockManagerMasterEndpoint:204 - Updating block info on master broadcast_1_piece0 for BlockManagerId(driver, 192.168.1.204, 42851, None)
2025-10-31 10:51:17 DEBUG BlockManagerInfo:210 - Removed broadcast_1_piece0 on 192.168.1.204:42851 in memory (size: 16.6 KiB, free: 434.4 MiB)
2025-10-31 10:51:17 DEBUG BlockManagerMaster:204 - Updated info of block broadcast_1_piece0
2025-10-31 10:51:17 DEBUG BlockManager:204 - Told master about block broadcast_1_piece0
2025-10-31 10:51:17 DEBUG BlockManagerStorageEndpoint:204 - Done removing broadcast 1, response is 0
2025-10-31 10:51:17 DEBUG BlockManagerStorageEndpoint:204 - Sent response: 0 to 192.168.1.204:37857
2025-10-31 10:51:17 DEBUG ContextCleaner:204 - Cleaned broadcast 1
2025-10-31 10:51:17 DEBUG ContextCleaner:204 - Got cleaning task CleanAccum(174)
2025-10-31 10:51:17 DEBUG ContextCleaner:204 - Cleaning accumulator 174
2025-10-31 10:51:17 DEBUG ContextCleaner:204 - Cleaned accumulator 174
2025-10-31 10:51:17 DEBUG ContextCleaner:204 - Got cleaning task CleanAccum(103)
2025-10-31 10:51:17 DEBUG ContextCleaner:204 - Cleaning accumulator 103
2025-10-31 10:51:17 DEBUG ContextCleaner:204 - Cleaned accumulator 103
2025-10-31 10:51:17 DEBUG ContextCleaner:204 - Got cleaning task CleanAccum(167)
2025-10-31 10:51:17 DEBUG ContextCleaner:204 - Cleaning accumulator 167
2025-10-31 10:51:17 DEBUG ContextCleaner:204 - Cleaned accumulator 167
2025-10-31 10:51:17 DEBUG ContextCleaner:204 - Got cleaning task CleanAccum(157)
2025-10-31 10:51:17 DEBUG ContextCleaner:204 - Cleaning accumulator 157
2025-10-31 10:51:17 DEBUG ContextCleaner:204 - Cleaned accumulator 157
2025-10-31 10:51:17 DEBUG ContextCleaner:204 - Got cleaning task CleanAccum(153)
2025-10-31 10:51:17 DEBUG ContextCleaner:204 - Cleaning accumulator 153
2025-10-31 10:51:17 DEBUG ContextCleaner:204 - Cleaned accumulator 153
2025-10-31 10:51:17 DEBUG ContextCleaner:204 - Got cleaning task CleanAccum(128)
2025-10-31 10:51:17 DEBUG ContextCleaner:204 - Cleaning accumulator 128
2025-10-31 10:51:17 DEBUG ContextCleaner:204 - Cleaned accumulator 128
2025-10-31 10:51:17 DEBUG ContextCleaner:204 - Got cleaning task CleanAccum(151)
2025-10-31 10:51:17 DEBUG ContextCleaner:204 - Cleaning accumulator 151
2025-10-31 10:51:17 DEBUG ContextCleaner:204 - Cleaned accumulator 151
2025-10-31 10:51:17 DEBUG ContextCleaner:204 - Got cleaning task CleanAccum(179)
2025-10-31 10:51:17 DEBUG ContextCleaner:204 - Cleaning accumulator 179
2025-10-31 10:51:17 DEBUG ContextCleaner:204 - Cleaned accumulator 179
2025-10-31 10:51:17 DEBUG ContextCleaner:204 - Got cleaning task CleanAccum(168)
2025-10-31 10:51:17 DEBUG ContextCleaner:204 - Cleaning accumulator 168
2025-10-31 10:51:17 DEBUG ContextCleaner:204 - Cleaned accumulator 168
2025-10-31 10:51:17 DEBUG ContextCleaner:204 - Got cleaning task CleanAccum(97)
2025-10-31 10:51:17 DEBUG ContextCleaner:204 - Cleaning accumulator 97
2025-10-31 10:51:17 DEBUG ContextCleaner:204 - Cleaned accumulator 97
2025-10-31 10:51:17 DEBUG ContextCleaner:204 - Got cleaning task CleanAccum(51)
2025-10-31 10:51:17 DEBUG ContextCleaner:204 - Cleaning accumulator 51
2025-10-31 10:51:17 DEBUG ContextCleaner:204 - Cleaned accumulator 51
2025-10-31 10:51:17 DEBUG ContextCleaner:204 - Got cleaning task CleanAccum(164)
2025-10-31 10:51:17 DEBUG ContextCleaner:204 - Cleaning accumulator 164
2025-10-31 10:51:17 DEBUG ContextCleaner:204 - Cleaned accumulator 164
2025-10-31 10:51:17 DEBUG ContextCleaner:204 - Got cleaning task CleanAccum(111)
2025-10-31 10:51:17 DEBUG ContextCleaner:204 - Cleaning accumulator 111
2025-10-31 10:51:17 DEBUG ContextCleaner:204 - Cleaned accumulator 111
2025-10-31 10:51:17 DEBUG ContextCleaner:204 - Got cleaning task CleanAccum(101)
2025-10-31 10:51:17 DEBUG ContextCleaner:204 - Cleaning accumulator 101
2025-10-31 10:51:17 DEBUG ContextCleaner:204 - Cleaned accumulator 101
2025-10-31 10:51:17 DEBUG ContextCleaner:204 - Got cleaning task CleanAccum(90)
2025-10-31 10:51:17 DEBUG ContextCleaner:204 - Cleaning accumulator 90
2025-10-31 10:51:17 DEBUG ContextCleaner:204 - Cleaned accumulator 90
2025-10-31 10:51:17 DEBUG ContextCleaner:204 - Got cleaning task CleanAccum(106)
2025-10-31 10:51:17 DEBUG ContextCleaner:204 - Cleaning accumulator 106
2025-10-31 10:51:17 DEBUG ContextCleaner:204 - Cleaned accumulator 106
2025-10-31 10:51:17 DEBUG ContextCleaner:204 - Got cleaning task CleanAccum(162)
2025-10-31 10:51:17 DEBUG ContextCleaner:204 - Cleaning accumulator 162
2025-10-31 10:51:17 DEBUG ContextCleaner:204 - Cleaned accumulator 162
2025-10-31 10:51:17 DEBUG ContextCleaner:204 - Got cleaning task CleanAccum(118)
2025-10-31 10:51:17 DEBUG ContextCleaner:204 - Cleaning accumulator 118
2025-10-31 10:51:17 DEBUG ContextCleaner:204 - Cleaned accumulator 118
2025-10-31 10:51:17 DEBUG ContextCleaner:204 - Got cleaning task CleanAccum(204)
2025-10-31 10:51:17 DEBUG ContextCleaner:204 - Cleaning accumulator 204
2025-10-31 10:51:17 DEBUG ContextCleaner:204 - Cleaned accumulator 204
2025-10-31 10:51:17 DEBUG ContextCleaner:204 - Got cleaning task CleanAccum(123)
2025-10-31 10:51:17 DEBUG ContextCleaner:204 - Cleaning accumulator 123
2025-10-31 10:51:17 DEBUG ContextCleaner:204 - Cleaned accumulator 123
2025-10-31 10:51:17 DEBUG ContextCleaner:204 - Got cleaning task CleanAccum(92)
2025-10-31 10:51:17 DEBUG ContextCleaner:204 - Cleaning accumulator 92
2025-10-31 10:51:17 DEBUG ContextCleaner:204 - Cleaned accumulator 92
2025-10-31 10:51:17 DEBUG ContextCleaner:204 - Got cleaning task CleanAccum(147)
2025-10-31 10:51:17 DEBUG ContextCleaner:204 - Cleaning accumulator 147
2025-10-31 10:51:17 DEBUG ContextCleaner:204 - Cleaned accumulator 147
2025-10-31 10:51:17 DEBUG ContextCleaner:204 - Got cleaning task CleanAccum(91)
2025-10-31 10:51:17 DEBUG ContextCleaner:204 - Cleaning accumulator 91
2025-10-31 10:51:17 DEBUG ContextCleaner:204 - Cleaned accumulator 91
2025-10-31 10:51:17 DEBUG ContextCleaner:204 - Got cleaning task CleanAccum(42)
2025-10-31 10:51:17 DEBUG ContextCleaner:204 - Cleaning accumulator 42
2025-10-31 10:51:17 DEBUG ContextCleaner:204 - Cleaned accumulator 42
2025-10-31 10:51:17 DEBUG ContextCleaner:204 - Got cleaning task CleanAccum(141)
2025-10-31 10:51:17 DEBUG ContextCleaner:204 - Cleaning accumulator 141
2025-10-31 10:51:17 DEBUG ContextCleaner:204 - Cleaned accumulator 141
2025-10-31 10:51:17 DEBUG ContextCleaner:204 - Got cleaning task CleanAccum(44)
2025-10-31 10:51:17 DEBUG ContextCleaner:204 - Cleaning accumulator 44
2025-10-31 10:51:17 DEBUG ContextCleaner:204 - Cleaned accumulator 44
2025-10-31 10:51:17 DEBUG ContextCleaner:204 - Got cleaning task CleanAccum(175)
2025-10-31 10:51:17 DEBUG ContextCleaner:204 - Cleaning accumulator 175
2025-10-31 10:51:17 DEBUG ContextCleaner:204 - Cleaned accumulator 175
2025-10-31 10:51:17 DEBUG ContextCleaner:204 - Got cleaning task CleanAccum(125)
2025-10-31 10:51:17 DEBUG ContextCleaner:204 - Cleaning accumulator 125
2025-10-31 10:51:17 DEBUG ContextCleaner:204 - Cleaned accumulator 125
2025-10-31 10:51:17 DEBUG ContextCleaner:204 - Got cleaning task CleanAccum(117)
2025-10-31 10:51:17 DEBUG ContextCleaner:204 - Cleaning accumulator 117
2025-10-31 10:51:17 DEBUG ContextCleaner:204 - Cleaned accumulator 117
2025-10-31 10:51:17 DEBUG ContextCleaner:204 - Got cleaning task CleanAccum(52)
2025-10-31 10:51:17 DEBUG ContextCleaner:204 - Cleaning accumulator 52
2025-10-31 10:51:17 DEBUG ContextCleaner:204 - Cleaned accumulator 52
2025-10-31 10:51:17 DEBUG ContextCleaner:204 - Got cleaning task CleanAccum(144)
2025-10-31 10:51:17 DEBUG ContextCleaner:204 - Cleaning accumulator 144
2025-10-31 10:51:17 DEBUG ContextCleaner:204 - Cleaned accumulator 144
2025-10-31 10:51:17 DEBUG ContextCleaner:204 - Got cleaning task CleanAccum(95)
2025-10-31 10:51:17 DEBUG ContextCleaner:204 - Cleaning accumulator 95
2025-10-31 10:51:17 DEBUG ContextCleaner:204 - Cleaned accumulator 95
2025-10-31 10:51:17 DEBUG ContextCleaner:204 - Got cleaning task CleanAccum(89)
2025-10-31 10:51:17 DEBUG ContextCleaner:204 - Cleaning accumulator 89
2025-10-31 10:51:17 DEBUG ContextCleaner:204 - Cleaned accumulator 89
2025-10-31 10:51:17 DEBUG ContextCleaner:204 - Got cleaning task CleanAccum(135)
2025-10-31 10:51:17 DEBUG ContextCleaner:204 - Cleaning accumulator 135
2025-10-31 10:51:17 DEBUG ContextCleaner:204 - Cleaned accumulator 135
2025-10-31 10:51:17 DEBUG ContextCleaner:204 - Got cleaning task CleanAccum(170)
2025-10-31 10:51:17 DEBUG ContextCleaner:204 - Cleaning accumulator 170
2025-10-31 10:51:17 DEBUG ContextCleaner:204 - Cleaned accumulator 170
2025-10-31 10:51:17 DEBUG ContextCleaner:204 - Got cleaning task CleanAccum(93)
2025-10-31 10:51:17 DEBUG ContextCleaner:204 - Cleaning accumulator 93
2025-10-31 10:51:17 DEBUG ContextCleaner:204 - Cleaned accumulator 93
2025-10-31 10:51:17 DEBUG ContextCleaner:204 - Got cleaning task CleanAccum(72)
2025-10-31 10:51:17 DEBUG ContextCleaner:204 - Cleaning accumulator 72
2025-10-31 10:51:17 DEBUG ContextCleaner:204 - Cleaned accumulator 72
2025-10-31 10:51:17 DEBUG ContextCleaner:204 - Got cleaning task CleanAccum(146)
2025-10-31 10:51:17 DEBUG ContextCleaner:204 - Cleaning accumulator 146
2025-10-31 10:51:17 DEBUG ContextCleaner:204 - Cleaned accumulator 146
2025-10-31 10:51:17 DEBUG ContextCleaner:204 - Got cleaning task CleanAccum(53)
2025-10-31 10:51:17 DEBUG ContextCleaner:204 - Cleaning accumulator 53
2025-10-31 10:51:17 DEBUG ContextCleaner:204 - Cleaned accumulator 53
2025-10-31 10:51:17 DEBUG ContextCleaner:204 - Got cleaning task CleanAccum(129)
2025-10-31 10:51:17 DEBUG ContextCleaner:204 - Cleaning accumulator 129
2025-10-31 10:51:17 DEBUG ContextCleaner:204 - Cleaned accumulator 129
2025-10-31 10:51:17 DEBUG ContextCleaner:204 - Got cleaning task CleanAccum(58)
2025-10-31 10:51:17 DEBUG ContextCleaner:204 - Cleaning accumulator 58
2025-10-31 10:51:17 DEBUG ContextCleaner:204 - Cleaned accumulator 58
2025-10-31 10:51:17 DEBUG ContextCleaner:204 - Got cleaning task CleanAccum(57)
2025-10-31 10:51:17 DEBUG ContextCleaner:204 - Cleaning accumulator 57
2025-10-31 10:51:17 DEBUG ContextCleaner:204 - Cleaned accumulator 57
2025-10-31 10:51:17 DEBUG ContextCleaner:204 - Got cleaning task CleanAccum(145)
2025-10-31 10:51:17 DEBUG ContextCleaner:204 - Cleaning accumulator 145
2025-10-31 10:51:17 DEBUG ContextCleaner:204 - Cleaned accumulator 145
2025-10-31 10:51:17 DEBUG ContextCleaner:204 - Got cleaning task CleanAccum(122)
2025-10-31 10:51:17 DEBUG ContextCleaner:204 - Cleaning accumulator 122
2025-10-31 10:51:17 DEBUG ContextCleaner:204 - Cleaned accumulator 122
2025-10-31 10:51:17 DEBUG ContextCleaner:204 - Got cleaning task CleanAccum(85)
2025-10-31 10:51:17 DEBUG ContextCleaner:204 - Cleaning accumulator 85
2025-10-31 10:51:17 DEBUG ContextCleaner:204 - Cleaned accumulator 85
2025-10-31 10:51:17 DEBUG ContextCleaner:204 - Got cleaning task CleanAccum(82)
2025-10-31 10:51:17 DEBUG ContextCleaner:204 - Cleaning accumulator 82
2025-10-31 10:51:17 DEBUG ContextCleaner:204 - Cleaned accumulator 82
2025-10-31 10:51:17 DEBUG ContextCleaner:204 - Got cleaning task CleanAccum(138)
2025-10-31 10:51:17 DEBUG ContextCleaner:204 - Cleaning accumulator 138
2025-10-31 10:51:17 DEBUG ContextCleaner:204 - Cleaned accumulator 138
2025-10-31 10:51:17 DEBUG ContextCleaner:204 - Got cleaning task CleanAccum(87)
2025-10-31 10:51:17 DEBUG ContextCleaner:204 - Cleaning accumulator 87
2025-10-31 10:51:17 DEBUG ContextCleaner:204 - Cleaned accumulator 87
2025-10-31 10:51:17 DEBUG ContextCleaner:204 - Got cleaning task CleanAccum(116)
2025-10-31 10:51:17 DEBUG ContextCleaner:204 - Cleaning accumulator 116
2025-10-31 10:51:17 DEBUG ContextCleaner:204 - Cleaned accumulator 116
2025-10-31 10:51:17 DEBUG ContextCleaner:204 - Got cleaning task CleanAccum(77)
2025-10-31 10:51:17 DEBUG ContextCleaner:204 - Cleaning accumulator 77
2025-10-31 10:51:17 DEBUG ContextCleaner:204 - Cleaned accumulator 77
2025-10-31 10:51:17 DEBUG ContextCleaner:204 - Got cleaning task CleanAccum(107)
2025-10-31 10:51:17 DEBUG ContextCleaner:204 - Cleaning accumulator 107
2025-10-31 10:51:17 DEBUG ContextCleaner:204 - Cleaned accumulator 107
2025-10-31 10:51:17 DEBUG ContextCleaner:204 - Got cleaning task CleanAccum(149)
2025-10-31 10:51:17 DEBUG ContextCleaner:204 - Cleaning accumulator 149
2025-10-31 10:51:17 DEBUG ContextCleaner:204 - Cleaned accumulator 149
2025-10-31 10:51:17 DEBUG ContextCleaner:204 - Got cleaning task CleanAccum(64)
2025-10-31 10:51:17 DEBUG ContextCleaner:204 - Cleaning accumulator 64
2025-10-31 10:51:17 DEBUG ContextCleaner:204 - Cleaned accumulator 64
2025-10-31 10:51:17 DEBUG ContextCleaner:204 - Got cleaning task CleanAccum(124)
2025-10-31 10:51:17 DEBUG ContextCleaner:204 - Cleaning accumulator 124
2025-10-31 10:51:17 DEBUG ContextCleaner:204 - Cleaned accumulator 124
2025-10-31 10:51:17 DEBUG ContextCleaner:204 - Got cleaning task CleanAccum(55)
2025-10-31 10:51:17 DEBUG ContextCleaner:204 - Cleaning accumulator 55
2025-10-31 10:51:17 DEBUG ContextCleaner:204 - Cleaned accumulator 55
2025-10-31 10:51:17 DEBUG ContextCleaner:204 - Got cleaning task CleanAccum(131)
2025-10-31 10:51:17 DEBUG ContextCleaner:204 - Cleaning accumulator 131
2025-10-31 10:51:17 DEBUG ContextCleaner:204 - Cleaned accumulator 131
2025-10-31 10:51:17 DEBUG ContextCleaner:204 - Got cleaning task CleanAccum(120)
2025-10-31 10:51:17 DEBUG ContextCleaner:204 - Cleaning accumulator 120
2025-10-31 10:51:17 DEBUG ContextCleaner:204 - Cleaned accumulator 120
2025-10-31 10:51:17 DEBUG ContextCleaner:204 - Got cleaning task CleanAccum(158)
2025-10-31 10:51:17 DEBUG ContextCleaner:204 - Cleaning accumulator 158
2025-10-31 10:51:17 DEBUG ContextCleaner:204 - Cleaned accumulator 158
2025-10-31 10:51:17 DEBUG ContextCleaner:204 - Got cleaning task CleanAccum(130)
2025-10-31 10:51:17 DEBUG ContextCleaner:204 - Cleaning accumulator 130
2025-10-31 10:51:17 DEBUG ContextCleaner:204 - Cleaned accumulator 130
2025-10-31 10:51:17 DEBUG ContextCleaner:204 - Got cleaning task CleanAccum(171)
2025-10-31 10:51:17 DEBUG ClosureCleaner:204 - Cleaning indylambda closure: $anonfun$doExecute$4$adapted
2025-10-31 10:51:17 DEBUG ContextCleaner:204 - Cleaning accumulator 171
2025-10-31 10:51:17 DEBUG ContextCleaner:204 - Cleaned accumulator 171
2025-10-31 10:51:17 DEBUG ContextCleaner:204 - Got cleaning task CleanAccum(126)
2025-10-31 10:51:17 DEBUG ContextCleaner:204 - Cleaning accumulator 126
2025-10-31 10:51:17 DEBUG ContextCleaner:204 - Cleaned accumulator 126
2025-10-31 10:51:17 DEBUG ContextCleaner:204 - Got cleaning task CleanAccum(45)
2025-10-31 10:51:17 DEBUG ContextCleaner:204 - Cleaning accumulator 45
2025-10-31 10:51:17 DEBUG ContextCleaner:204 - Cleaned accumulator 45
2025-10-31 10:51:17 DEBUG ContextCleaner:204 - Got cleaning task CleanAccum(102)
2025-10-31 10:51:17 DEBUG ContextCleaner:204 - Cleaning accumulator 102
2025-10-31 10:51:17 DEBUG ContextCleaner:204 - Cleaned accumulator 102
2025-10-31 10:51:17 DEBUG ContextCleaner:204 - Got cleaning task CleanAccum(154)
2025-10-31 10:51:17 DEBUG ContextCleaner:204 - Cleaning accumulator 154
2025-10-31 10:51:17 DEBUG ContextCleaner:204 - Cleaned accumulator 154
2025-10-31 10:51:17 DEBUG ContextCleaner:204 - Got cleaning task CleanAccum(143)
2025-10-31 10:51:17 DEBUG ContextCleaner:204 - Cleaning accumulator 143
2025-10-31 10:51:17 DEBUG ContextCleaner:204 - Cleaned accumulator 143
2025-10-31 10:51:17 DEBUG ContextCleaner:204 - Got cleaning task CleanAccum(160)
2025-10-31 10:51:17 DEBUG ContextCleaner:204 - Cleaning accumulator 160
2025-10-31 10:51:17 DEBUG ContextCleaner:204 - Cleaned accumulator 160
2025-10-31 10:51:17 DEBUG ContextCleaner:204 - Got cleaning task CleanAccum(112)
2025-10-31 10:51:17 DEBUG ContextCleaner:204 - Cleaning accumulator 112
2025-10-31 10:51:17 DEBUG ContextCleaner:204 - Cleaned accumulator 112
2025-10-31 10:51:17 DEBUG ContextCleaner:204 - Got cleaning task CleanAccum(115)
2025-10-31 10:51:17 DEBUG ContextCleaner:204 - Cleaning accumulator 115
2025-10-31 10:51:17 DEBUG ContextCleaner:204 - Cleaned accumulator 115
2025-10-31 10:51:17 DEBUG ContextCleaner:204 - Got cleaning task CleanAccum(121)
2025-10-31 10:51:17 DEBUG ContextCleaner:204 - Cleaning accumulator 121
2025-10-31 10:51:17 DEBUG ContextCleaner:204 - Cleaned accumulator 121
2025-10-31 10:51:17 DEBUG ContextCleaner:204 - Got cleaning task CleanAccum(40)
2025-10-31 10:51:17 DEBUG ContextCleaner:204 - Cleaning accumulator 40
2025-10-31 10:51:17 DEBUG ContextCleaner:204 - Cleaned accumulator 40
2025-10-31 10:51:17 DEBUG ContextCleaner:204 - Got cleaning task CleanAccum(114)
2025-10-31 10:51:17 DEBUG ContextCleaner:204 - Cleaning accumulator 114
2025-10-31 10:51:17 DEBUG ContextCleaner:204 - Cleaned accumulator 114
2025-10-31 10:51:17 DEBUG ContextCleaner:204 - Got cleaning task CleanAccum(84)
2025-10-31 10:51:17 DEBUG ContextCleaner:204 - Cleaning accumulator 84
2025-10-31 10:51:17 DEBUG ContextCleaner:204 - Cleaned accumulator 84
2025-10-31 10:51:17 DEBUG ContextCleaner:204 - Got cleaning task CleanAccum(70)
2025-10-31 10:51:17 DEBUG ContextCleaner:204 - Cleaning accumulator 70
2025-10-31 10:51:17 DEBUG ClosureCleaner:204 -  +++ indylambda closure ($anonfun$doExecute$4$adapted) is now cleaned +++
2025-10-31 10:51:17 DEBUG ContextCleaner:204 - Cleaned accumulator 70
2025-10-31 10:51:17 DEBUG ContextCleaner:204 - Got cleaning task CleanAccum(48)
2025-10-31 10:51:17 DEBUG ContextCleaner:204 - Cleaning accumulator 48
2025-10-31 10:51:17 DEBUG ContextCleaner:204 - Cleaned accumulator 48
2025-10-31 10:51:17 DEBUG ContextCleaner:204 - Got cleaning task CleanAccum(104)
2025-10-31 10:51:17 DEBUG ContextCleaner:204 - Cleaning accumulator 104
2025-10-31 10:51:17 DEBUG ContextCleaner:204 - Cleaned accumulator 104
2025-10-31 10:51:17 DEBUG ContextCleaner:204 - Got cleaning task CleanAccum(66)
2025-10-31 10:51:17 DEBUG ContextCleaner:204 - Cleaning accumulator 66
2025-10-31 10:51:17 DEBUG ContextCleaner:204 - Cleaned accumulator 66
2025-10-31 10:51:17 DEBUG ContextCleaner:204 - Got cleaning task CleanAccum(94)
2025-10-31 10:51:17 DEBUG ContextCleaner:204 - Cleaning accumulator 94
2025-10-31 10:51:17 DEBUG ContextCleaner:204 - Cleaned accumulator 94
2025-10-31 10:51:17 DEBUG ContextCleaner:204 - Got cleaning task CleanAccum(96)
2025-10-31 10:51:17 DEBUG ContextCleaner:204 - Cleaning accumulator 96
2025-10-31 10:51:17 DEBUG ContextCleaner:204 - Cleaned accumulator 96
2025-10-31 10:51:17 DEBUG ContextCleaner:204 - Got cleaning task CleanAccum(56)
2025-10-31 10:51:17 DEBUG ContextCleaner:204 - Cleaning accumulator 56
2025-10-31 10:51:17 DEBUG ContextCleaner:204 - Cleaned accumulator 56
2025-10-31 10:51:17 DEBUG ContextCleaner:204 - Got cleaning task CleanAccum(127)
2025-10-31 10:51:17 DEBUG ContextCleaner:204 - Cleaning accumulator 127
2025-10-31 10:51:17 DEBUG ContextCleaner:204 - Cleaned accumulator 127
2025-10-31 10:51:17 DEBUG ContextCleaner:204 - Got cleaning task CleanAccum(200)
2025-10-31 10:51:17 DEBUG ContextCleaner:204 - Cleaning accumulator 200
2025-10-31 10:51:17 DEBUG ContextCleaner:204 - Cleaned accumulator 200
2025-10-31 10:51:17 DEBUG ContextCleaner:204 - Got cleaning task CleanAccum(186)
2025-10-31 10:51:17 DEBUG ContextCleaner:204 - Cleaning accumulator 186
2025-10-31 10:51:17 DEBUG ContextCleaner:204 - Cleaned accumulator 186
2025-10-31 10:51:17 DEBUG ContextCleaner:204 - Got cleaning task CleanAccum(78)
2025-10-31 10:51:17 DEBUG ContextCleaner:204 - Cleaning accumulator 78
2025-10-31 10:51:17 DEBUG ContextCleaner:204 - Cleaned accumulator 78
2025-10-31 10:51:17 DEBUG ContextCleaner:204 - Got cleaning task CleanAccum(60)
2025-10-31 10:51:17 DEBUG ContextCleaner:204 - Cleaning accumulator 60
2025-10-31 10:51:17 DEBUG ContextCleaner:204 - Cleaned accumulator 60
2025-10-31 10:51:17 DEBUG ContextCleaner:204 - Got cleaning task CleanAccum(86)
2025-10-31 10:51:17 DEBUG ContextCleaner:204 - Cleaning accumulator 86
2025-10-31 10:51:17 DEBUG ContextCleaner:204 - Cleaned accumulator 86
2025-10-31 10:51:17 DEBUG ContextCleaner:204 - Got cleaning task CleanAccum(50)
2025-10-31 10:51:17 DEBUG ContextCleaner:204 - Cleaning accumulator 50
2025-10-31 10:51:17 DEBUG ContextCleaner:204 - Cleaned accumulator 50
2025-10-31 10:51:17 DEBUG ContextCleaner:204 - Got cleaning task CleanAccum(190)
2025-10-31 10:51:17 DEBUG ContextCleaner:204 - Cleaning accumulator 190
2025-10-31 10:51:17 DEBUG ContextCleaner:204 - Cleaned accumulator 190
2025-10-31 10:51:17 DEBUG ContextCleaner:204 - Got cleaning task CleanAccum(201)
2025-10-31 10:51:17 DEBUG ContextCleaner:204 - Cleaning accumulator 201
2025-10-31 10:51:17 DEBUG ContextCleaner:204 - Cleaned accumulator 201
2025-10-31 10:51:17 DEBUG ContextCleaner:204 - Got cleaning task CleanAccum(180)
2025-10-31 10:51:17 DEBUG ContextCleaner:204 - Cleaning accumulator 180
2025-10-31 10:51:17 DEBUG ContextCleaner:204 - Cleaned accumulator 180
2025-10-31 10:51:17 DEBUG ContextCleaner:204 - Got cleaning task CleanAccum(59)
2025-10-31 10:51:17 DEBUG ContextCleaner:204 - Cleaning accumulator 59
2025-10-31 10:51:17 DEBUG ContextCleaner:204 - Cleaned accumulator 59
2025-10-31 10:51:17 DEBUG ContextCleaner:204 - Got cleaning task CleanAccum(105)
2025-10-31 10:51:17 DEBUG ContextCleaner:204 - Cleaning accumulator 105
2025-10-31 10:51:17 DEBUG ContextCleaner:204 - Cleaned accumulator 105
2025-10-31 10:51:17 DEBUG ContextCleaner:204 - Got cleaning task CleanAccum(155)
2025-10-31 10:51:17 DEBUG ContextCleaner:204 - Cleaning accumulator 155
2025-10-31 10:51:17 DEBUG ContextCleaner:204 - Cleaned accumulator 155
2025-10-31 10:51:17 DEBUG ContextCleaner:204 - Got cleaning task CleanAccum(76)
2025-10-31 10:51:17 DEBUG ContextCleaner:204 - Cleaning accumulator 76
2025-10-31 10:51:17 DEBUG ContextCleaner:204 - Cleaned accumulator 76
2025-10-31 10:51:17 DEBUG ContextCleaner:204 - Got cleaning task CleanAccum(189)
2025-10-31 10:51:17 DEBUG ContextCleaner:204 - Cleaning accumulator 189
2025-10-31 10:51:17 DEBUG ContextCleaner:204 - Cleaned accumulator 189
2025-10-31 10:51:17 DEBUG ContextCleaner:204 - Got cleaning task CleanAccum(193)
2025-10-31 10:51:17 DEBUG ContextCleaner:204 - Cleaning accumulator 193
2025-10-31 10:51:17 DEBUG ContextCleaner:204 - Cleaned accumulator 193
2025-10-31 10:51:17 DEBUG ContextCleaner:204 - Got cleaning task CleanAccum(192)
2025-10-31 10:51:17 DEBUG ContextCleaner:204 - Cleaning accumulator 192
2025-10-31 10:51:17 DEBUG ContextCleaner:204 - Cleaned accumulator 192
2025-10-31 10:51:17 DEBUG ContextCleaner:204 - Got cleaning task CleanAccum(183)
2025-10-31 10:51:17 DEBUG ContextCleaner:204 - Cleaning accumulator 183
2025-10-31 10:51:17 DEBUG ContextCleaner:204 - Cleaned accumulator 183
2025-10-31 10:51:17 DEBUG ContextCleaner:204 - Got cleaning task CleanAccum(199)
2025-10-31 10:51:17 DEBUG ContextCleaner:204 - Cleaning accumulator 199
2025-10-31 10:51:17 DEBUG ContextCleaner:204 - Cleaned accumulator 199
2025-10-31 10:51:17 DEBUG ContextCleaner:204 - Got cleaning task CleanAccum(176)
2025-10-31 10:51:17 DEBUG ContextCleaner:204 - Cleaning accumulator 176
2025-10-31 10:51:17 DEBUG ContextCleaner:204 - Cleaned accumulator 176
2025-10-31 10:51:17 DEBUG ContextCleaner:204 - Got cleaning task CleanAccum(188)
2025-10-31 10:51:17 DEBUG ContextCleaner:204 - Cleaning accumulator 188
2025-10-31 10:51:17 DEBUG ContextCleaner:204 - Cleaned accumulator 188
2025-10-31 10:51:17 DEBUG ContextCleaner:204 - Got cleaning task CleanAccum(54)
2025-10-31 10:51:17 DEBUG ContextCleaner:204 - Cleaning accumulator 54
2025-10-31 10:51:17 DEBUG ContextCleaner:204 - Cleaned accumulator 54
2025-10-31 10:51:17 DEBUG ContextCleaner:204 - Got cleaning task CleanAccum(133)
2025-10-31 10:51:17 DEBUG ContextCleaner:204 - Cleaning accumulator 133
2025-10-31 10:51:17 DEBUG ContextCleaner:204 - Cleaned accumulator 133
2025-10-31 10:51:17 DEBUG ContextCleaner:204 - Got cleaning task CleanAccum(202)
2025-10-31 10:51:17 DEBUG ContextCleaner:204 - Cleaning accumulator 202
2025-10-31 10:51:17 DEBUG ContextCleaner:204 - Cleaned accumulator 202
2025-10-31 10:51:17 DEBUG ContextCleaner:204 - Got cleaning task CleanAccum(206)
2025-10-31 10:51:17 DEBUG ContextCleaner:204 - Cleaning accumulator 206
2025-10-31 10:51:17 DEBUG ContextCleaner:204 - Cleaned accumulator 206
2025-10-31 10:51:17 DEBUG ContextCleaner:204 - Got cleaning task CleanAccum(68)
2025-10-31 10:51:17 DEBUG ContextCleaner:204 - Cleaning accumulator 68
2025-10-31 10:51:17 DEBUG ContextCleaner:204 - Cleaned accumulator 68
2025-10-31 10:51:17 DEBUG ContextCleaner:204 - Got cleaning task CleanAccum(196)
2025-10-31 10:51:17 DEBUG ContextCleaner:204 - Cleaning accumulator 196
2025-10-31 10:51:17 DEBUG ContextCleaner:204 - Cleaned accumulator 196
2025-10-31 10:51:17 DEBUG ContextCleaner:204 - Got cleaning task CleanAccum(184)
2025-10-31 10:51:17 DEBUG ContextCleaner:204 - Cleaning accumulator 184
2025-10-31 10:51:17 DEBUG ContextCleaner:204 - Cleaned accumulator 184
2025-10-31 10:51:17 DEBUG ContextCleaner:204 - Got cleaning task CleanAccum(194)
2025-10-31 10:51:17 DEBUG ContextCleaner:204 - Cleaning accumulator 194
2025-10-31 10:51:17 DEBUG ContextCleaner:204 - Cleaned accumulator 194
2025-10-31 10:51:17 DEBUG ContextCleaner:204 - Got cleaning task CleanAccum(187)
2025-10-31 10:51:17 DEBUG ContextCleaner:204 - Cleaning accumulator 187
2025-10-31 10:51:17 DEBUG ContextCleaner:204 - Cleaned accumulator 187
2025-10-31 10:51:17 DEBUG ContextCleaner:204 - Got cleaning task CleanAccum(110)
2025-10-31 10:51:17 DEBUG ContextCleaner:204 - Cleaning accumulator 110
2025-10-31 10:51:17 DEBUG ContextCleaner:204 - Cleaned accumulator 110
2025-10-31 10:51:17 DEBUG ContextCleaner:204 - Got cleaning task CleanAccum(41)
2025-10-31 10:51:17 DEBUG ContextCleaner:204 - Cleaning accumulator 41
2025-10-31 10:51:17 DEBUG ContextCleaner:204 - Cleaned accumulator 41
2025-10-31 10:51:17 DEBUG ContextCleaner:204 - Got cleaning task CleanAccum(197)
2025-10-31 10:51:17 DEBUG ContextCleaner:204 - Cleaning accumulator 197
2025-10-31 10:51:17 DEBUG ContextCleaner:204 - Cleaned accumulator 197
2025-10-31 10:51:17 DEBUG ContextCleaner:204 - Got cleaning task CleanAccum(80)
2025-10-31 10:51:17 DEBUG ContextCleaner:204 - Cleaning accumulator 80
2025-10-31 10:51:17 DEBUG ContextCleaner:204 - Cleaned accumulator 80
2025-10-31 10:51:17 DEBUG ContextCleaner:204 - Got cleaning task CleanAccum(207)
2025-10-31 10:51:17 DEBUG ContextCleaner:204 - Cleaning accumulator 207
2025-10-31 10:51:17 DEBUG ContextCleaner:204 - Cleaned accumulator 207
2025-10-31 10:51:17 DEBUG ContextCleaner:204 - Got cleaning task CleanAccum(208)
2025-10-31 10:51:17 DEBUG ContextCleaner:204 - Cleaning accumulator 208
2025-10-31 10:51:17 DEBUG ContextCleaner:204 - Cleaned accumulator 208
2025-10-31 10:51:17 DEBUG ContextCleaner:204 - Got cleaning task CleanAccum(63)
2025-10-31 10:51:17 DEBUG ContextCleaner:204 - Cleaning accumulator 63
2025-10-31 10:51:17 DEBUG ContextCleaner:204 - Cleaned accumulator 63
2025-10-31 10:51:17 DEBUG ContextCleaner:204 - Got cleaning task CleanAccum(67)
2025-10-31 10:51:17 DEBUG ContextCleaner:204 - Cleaning accumulator 67
2025-10-31 10:51:17 DEBUG ContextCleaner:204 - Cleaned accumulator 67
2025-10-31 10:51:17 DEBUG ContextCleaner:204 - Got cleaning task CleanAccum(191)
2025-10-31 10:51:17 DEBUG ContextCleaner:204 - Cleaning accumulator 191
2025-10-31 10:51:17 DEBUG ContextCleaner:204 - Cleaned accumulator 191
2025-10-31 10:51:17 DEBUG ContextCleaner:204 - Got cleaning task CleanAccum(49)
2025-10-31 10:51:17 DEBUG ContextCleaner:204 - Cleaning accumulator 49
2025-10-31 10:51:17 DEBUG ContextCleaner:204 - Cleaned accumulator 49
2025-10-31 10:51:17 DEBUG ContextCleaner:204 - Got cleaning task CleanAccum(142)
2025-10-31 10:51:17 DEBUG ContextCleaner:204 - Cleaning accumulator 142
2025-10-31 10:51:17 DEBUG ContextCleaner:204 - Cleaned accumulator 142
2025-10-31 10:51:17 DEBUG ContextCleaner:204 - Got cleaning task CleanAccum(137)
2025-10-31 10:51:17 DEBUG ContextCleaner:204 - Cleaning accumulator 137
2025-10-31 10:51:17 DEBUG ContextCleaner:204 - Cleaned accumulator 137
2025-10-31 10:51:17 DEBUG ContextCleaner:204 - Got cleaning task CleanAccum(134)
2025-10-31 10:51:17 DEBUG ContextCleaner:204 - Cleaning accumulator 134
2025-10-31 10:51:17 DEBUG ContextCleaner:204 - Cleaned accumulator 134
2025-10-31 10:51:17 DEBUG ContextCleaner:204 - Got cleaning task CleanAccum(185)
2025-10-31 10:51:17 DEBUG ContextCleaner:204 - Cleaning accumulator 185
2025-10-31 10:51:17 DEBUG ContextCleaner:204 - Cleaned accumulator 185
2025-10-31 10:51:17 DEBUG ContextCleaner:204 - Got cleaning task CleanAccum(205)
2025-10-31 10:51:17 DEBUG ContextCleaner:204 - Cleaning accumulator 205
2025-10-31 10:51:17 DEBUG ContextCleaner:204 - Cleaned accumulator 205
2025-10-31 10:51:17 DEBUG ContextCleaner:204 - Got cleaning task CleanAccum(210)
2025-10-31 10:51:17 DEBUG ContextCleaner:204 - Cleaning accumulator 210
2025-10-31 10:51:17 DEBUG ContextCleaner:204 - Cleaned accumulator 210
2025-10-31 10:51:17 DEBUG ContextCleaner:204 - Got cleaning task CleanAccum(203)
2025-10-31 10:51:17 DEBUG ContextCleaner:204 - Cleaning accumulator 203
2025-10-31 10:51:17 DEBUG ContextCleaner:204 - Cleaned accumulator 203
2025-10-31 10:51:17 DEBUG ContextCleaner:204 - Got cleaning task CleanAccum(166)
2025-10-31 10:51:17 DEBUG ContextCleaner:204 - Cleaning accumulator 166
2025-10-31 10:51:17 DEBUG ContextCleaner:204 - Cleaned accumulator 166
2025-10-31 10:51:17 DEBUG ContextCleaner:204 - Got cleaning task CleanAccum(152)
2025-10-31 10:51:17 DEBUG ContextCleaner:204 - Cleaning accumulator 152
2025-10-31 10:51:17 DEBUG ContextCleaner:204 - Cleaned accumulator 152
2025-10-31 10:51:17 DEBUG ContextCleaner:204 - Got cleaning task CleanAccum(209)
2025-10-31 10:51:17 DEBUG ContextCleaner:204 - Cleaning accumulator 209
2025-10-31 10:51:17 DEBUG ContextCleaner:204 - Cleaned accumulator 209
2025-10-31 10:51:17 DEBUG ContextCleaner:204 - Got cleaning task CleanAccum(61)
2025-10-31 10:51:17 DEBUG ContextCleaner:204 - Cleaning accumulator 61
2025-10-31 10:51:17 DEBUG ContextCleaner:204 - Cleaned accumulator 61
2025-10-31 10:51:17 DEBUG ClosureCleaner:204 - Cleaning indylambda closure: $anonfun$executeTake$2
2025-10-31 10:51:17 DEBUG ContextCleaner:204 - Got cleaning task CleanAccum(182)
2025-10-31 10:51:17 DEBUG ContextCleaner:204 - Cleaning accumulator 182
2025-10-31 10:51:17 DEBUG ContextCleaner:204 - Cleaned accumulator 182
2025-10-31 10:51:17 DEBUG ContextCleaner:204 - Got cleaning task CleanAccum(46)
2025-10-31 10:51:17 DEBUG ContextCleaner:204 - Cleaning accumulator 46
2025-10-31 10:51:17 DEBUG ContextCleaner:204 - Cleaned accumulator 46
2025-10-31 10:51:17 DEBUG ContextCleaner:204 - Got cleaning task CleanAccum(71)
2025-10-31 10:51:17 DEBUG ContextCleaner:204 - Cleaning accumulator 71
2025-10-31 10:51:17 DEBUG ContextCleaner:204 - Cleaned accumulator 71
2025-10-31 10:51:17 DEBUG ContextCleaner:204 - Got cleaning task CleanAccum(181)
2025-10-31 10:51:17 DEBUG ContextCleaner:204 - Cleaning accumulator 181
2025-10-31 10:51:17 DEBUG ContextCleaner:204 - Cleaned accumulator 181
2025-10-31 10:51:17 DEBUG ContextCleaner:204 - Got cleaning task CleanAccum(195)
2025-10-31 10:51:17 DEBUG ContextCleaner:204 - Cleaning accumulator 195
2025-10-31 10:51:17 DEBUG ContextCleaner:204 - Cleaned accumulator 195
2025-10-31 10:51:17 DEBUG ContextCleaner:204 - Got cleaning task CleanAccum(198)
2025-10-31 10:51:17 DEBUG ContextCleaner:204 - Cleaning accumulator 198
2025-10-31 10:51:17 DEBUG ContextCleaner:204 - Cleaned accumulator 198
2025-10-31 10:51:17 DEBUG ContextCleaner:204 - Got cleaning task CleanShuffle(0)
2025-10-31 10:51:17 DEBUG ContextCleaner:204 - Cleaning shuffle 0
2025-10-31 10:51:17 DEBUG ClosureCleaner:204 - Cleaning indylambda closure: $anonfun$runJob$5
2025-10-31 10:51:17 DEBUG BlockManagerStorageEndpoint:204 - removing shuffle 0
2025-10-31 10:51:17 DEBUG ContextCleaner:204 - Cleaned shuffle 0
2025-10-31 10:51:17 DEBUG ClosureCleaner:204 -  +++ indylambda closure ($anonfun$runJob$5) is now cleaned +++
2025-10-31 10:51:17 INFO  SparkContext:190 - Starting job: load at NativeMethodAccessorImpl.java:0
2025-10-31 10:51:17 DEBUG DAGScheduler:204 - eagerlyComputePartitionsForRddAndAncestors for RDD 18 took 0.000045 seconds
2025-10-31 10:51:17 DEBUG DAGScheduler:204 - Merging stage rdd profiles: HashSet()
2025-10-31 10:51:17 INFO  DAGScheduler:190 - Got job 3 (load at NativeMethodAccessorImpl.java:0) with 1 output partitions
2025-10-31 10:51:17 INFO  DAGScheduler:190 - Final stage: ResultStage 4 (load at NativeMethodAccessorImpl.java:0)
2025-10-31 10:51:17 INFO  DAGScheduler:190 - Parents of final stage: List()
2025-10-31 10:51:17 INFO  DAGScheduler:190 - Missing parents: List()
2025-10-31 10:51:17 DEBUG BlockManagerStorageEndpoint:204 - Done removing shuffle 0, response is true
2025-10-31 10:51:17 DEBUG DAGScheduler:204 - submitStage(ResultStage 4 (name=load at NativeMethodAccessorImpl.java:0;jobs=3))
2025-10-31 10:51:17 DEBUG DAGScheduler:204 - missing: List()
2025-10-31 10:51:17 DEBUG BlockManagerStorageEndpoint:204 - Sent response: true to 192.168.1.204:37857
2025-10-31 10:51:17 INFO  DAGScheduler:190 - Submitting ResultStage 4 (MapPartitionsRDD[18] at load at NativeMethodAccessorImpl.java:0), which has no missing parents
2025-10-31 10:51:17 DEBUG DAGScheduler:204 - submitMissingTasks(ResultStage 4)
2025-10-31 10:51:17 INFO  MemoryStore:190 - Block broadcast_4 stored as values in memory (estimated size 14.3 KiB, free 434.1 MiB)
2025-10-31 10:51:17 DEBUG BlockManager:204 - Put block broadcast_4 locally took 0 ms
2025-10-31 10:51:17 DEBUG BlockManager:204 - Putting block broadcast_4 without replication took 0 ms
2025-10-31 10:51:17 INFO  MemoryStore:190 - Block broadcast_4_piece0 stored as bytes in memory (estimated size 6.8 KiB, free 434.1 MiB)
2025-10-31 10:51:17 DEBUG BlockManagerMasterEndpoint:204 - Updating block info on master broadcast_4_piece0 for BlockManagerId(driver, 192.168.1.204, 42851, None)
2025-10-31 10:51:17 DEBUG BlockManagerInfo:210 - Added broadcast_4_piece0 in memory on 192.168.1.204:42851 (size: 6.8 KiB, free: 434.4 MiB)
2025-10-31 10:51:17 DEBUG BlockManagerMaster:204 - Updated info of block broadcast_4_piece0
2025-10-31 10:51:17 DEBUG BlockManager:204 - Told master about block broadcast_4_piece0
2025-10-31 10:51:17 DEBUG BlockManager:204 - Put block broadcast_4_piece0 locally took 1 ms
2025-10-31 10:51:17 DEBUG BlockManager:204 - Putting block broadcast_4_piece0 without replication took 1 ms
2025-10-31 10:51:17 INFO  SparkContext:190 - Created broadcast 4 from broadcast at DAGScheduler.scala:1676
2025-10-31 10:51:17 INFO  DAGScheduler:190 - Submitting 1 missing tasks from ResultStage 4 (MapPartitionsRDD[18] at load at NativeMethodAccessorImpl.java:0) (first 15 tasks are for partitions Vector(0))
2025-10-31 10:51:17 INFO  TaskSchedulerImpl:190 - Adding task set 4.0 with 1 tasks resource profile 0
2025-10-31 10:51:17 DEBUG TaskSetManager:204 - Epoch for TaskSet 4.0: 1
2025-10-31 10:51:17 DEBUG TaskSetManager:204 - Adding pending tasks took 0 ms
2025-10-31 10:51:17 DEBUG TaskSetManager:204 - Valid locality levels for TaskSet 4.0: NO_PREF, ANY
2025-10-31 10:51:17 DEBUG TaskSchedulerImpl:204 - parentName: , name: TaskSet_4.0, runningTasks: 0
2025-10-31 10:51:17 INFO  TaskSetManager:190 - Starting task 0.0 in stage 4.0 (TID 17) (192.168.1.204,executor driver, partition 0, PROCESS_LOCAL, 10567 bytes) 
2025-10-31 10:51:17 DEBUG TaskSetManager:204 - No tasks for locality level NO_PREF, so moving to locality level ANY
2025-10-31 10:51:17 INFO  Executor:190 - Running task 0.0 in stage 4.0 (TID 17)
2025-10-31 10:51:17 DEBUG ExecutorMetricsPoller:204 - stageTCMP: (4, 0) -> 1
2025-10-31 10:51:17 DEBUG BlockManager:204 - Getting local block broadcast_4
2025-10-31 10:51:17 DEBUG BlockManager:204 - Level for block broadcast_4 is StorageLevel(disk, memory, deserialized, 1 replicas)
2025-10-31 10:51:17 DEBUG CodeGenerator:204 - 
/* 001 */ public Object generate(Object[] references) {
/* 002 */   return new GeneratedIteratorForCodegenStage1(references);
/* 003 */ }
/* 004 */
/* 005 */ // codegenStageId=1
/* 006 */ final class GeneratedIteratorForCodegenStage1 extends org.apache.spark.sql.execution.BufferedRowIterator {
/* 007 */   private Object[] references;
/* 008 */   private scala.collection.Iterator[] inputs;
/* 009 */   private scala.collection.Iterator inputadapter_input_0;
/* 010 */   private org.apache.spark.sql.catalyst.expressions.codegen.UnsafeRowWriter[] filter_mutableStateArray_0 = new org.apache.spark.sql.catalyst.expressions.codegen.UnsafeRowWriter[1];
/* 011 */
/* 012 */   public GeneratedIteratorForCodegenStage1(Object[] references) {
/* 013 */     this.references = references;
/* 014 */   }
/* 015 */
/* 016 */   public void init(int index, scala.collection.Iterator[] inputs) {
/* 017 */     partitionIndex = index;
/* 018 */     this.inputs = inputs;
/* 019 */     inputadapter_input_0 = inputs[0];
/* 020 */     filter_mutableStateArray_0[0] = new org.apache.spark.sql.catalyst.expressions.codegen.UnsafeRowWriter(1, 32);
/* 021 */
/* 022 */   }
/* 023 */
/* 024 */   protected void processNext() throws java.io.IOException {
/* 025 */     while ( inputadapter_input_0.hasNext()) {
/* 026 */       InternalRow inputadapter_row_0 = (InternalRow) inputadapter_input_0.next();
/* 027 */
/* 028 */       do {
/* 029 */         boolean inputadapter_isNull_0 = inputadapter_row_0.isNullAt(0);
/* 030 */         UTF8String inputadapter_value_0 = inputadapter_isNull_0 ?
/* 031 */         null : (inputadapter_row_0.getUTF8String(0));
/* 032 */
/* 033 */         boolean filter_isNull_0 = true;
/* 034 */         boolean filter_value_0 = false;
/* 035 */         boolean filter_isNull_2 = false;
/* 036 */         UTF8String filter_value_2 = null;
/* 037 */         if (inputadapter_isNull_0) {
/* 038 */           filter_isNull_2 = true;
/* 039 */         } else {
/* 040 */           filter_value_2 = CollationSupport.StringTrim.execBinary(inputadapter_value_0);
/* 041 */         }
/* 042 */         boolean filter_isNull_1 = filter_isNull_2;
/* 043 */         int filter_value_1 = -1;
/* 044 */
/* 045 */         if (!filter_isNull_2) {
/* 046 */           filter_value_1 = (filter_value_2).numChars();
/* 047 */         }
/* 048 */         if (!filter_isNull_1) {
/* 049 */           filter_isNull_0 = false; // resultCode could change nullability.
/* 050 */           filter_value_0 = filter_value_1 > 0;
/* 051 */
/* 052 */         }
/* 053 */         if (filter_isNull_0 || !filter_value_0) continue;
/* 054 */
/* 055 */         ((org.apache.spark.sql.execution.metric.SQLMetric) references[0] /* numOutputRows */).add(1);
/* 056 */
/* 057 */         filter_mutableStateArray_0[0].reset();
/* 058 */
/* 059 */         filter_mutableStateArray_0[0].zeroOutNullBytes();
/* 060 */
/* 061 */         if (inputadapter_isNull_0) {
/* 062 */           filter_mutableStateArray_0[0].setNullAt(0);
/* 063 */         } else {
/* 064 */           filter_mutableStateArray_0[0].write(0, inputadapter_value_0);
/* 065 */         }
/* 066 */         append((filter_mutableStateArray_0[0].getRow()));
/* 067 */
/* 068 */       } while (false);
/* 069 */       if (shouldStop()) return;
/* 070 */     }
/* 071 */   }
/* 072 */
/* 073 */ }

2025-10-31 10:51:17 INFO  CodeGenerator:190 - Code generated in 5.093384 ms
2025-10-31 10:51:17 INFO  FileScanRDD:190 - Reading File path: file:///home/aditya/github/Deep-learning-prerequisite/pyspark/Spark_programming_model/notebook/dataset/sf-fire-calls.csv, range: 0-6090553, partition values: [empty row]
2025-10-31 10:51:17 DEBUG GenerateUnsafeProjection:204 - code for input[0, string, true]:
/* 001 */ public java.lang.Object generate(Object[] references) {
/* 002 */   return new SpecificUnsafeProjection(references);
/* 003 */ }
/* 004 */
/* 005 */ class SpecificUnsafeProjection extends org.apache.spark.sql.catalyst.expressions.UnsafeProjection {
/* 006 */
/* 007 */   private Object[] references;
/* 008 */   private org.apache.spark.sql.catalyst.expressions.codegen.UnsafeRowWriter[] mutableStateArray_0 = new org.apache.spark.sql.catalyst.expressions.codegen.UnsafeRowWriter[1];
/* 009 */
/* 010 */   public SpecificUnsafeProjection(Object[] references) {
/* 011 */     this.references = references;
/* 012 */     mutableStateArray_0[0] = new org.apache.spark.sql.catalyst.expressions.codegen.UnsafeRowWriter(1, 32);
/* 013 */
/* 014 */   }
/* 015 */
/* 016 */   public void initialize(int partitionIndex) {
/* 017 */
/* 018 */   }
/* 019 */
/* 020 */   // Scala.Function1 need this
/* 021 */   public java.lang.Object apply(java.lang.Object row) {
/* 022 */     return apply((InternalRow) row);
/* 023 */   }
/* 024 */
/* 025 */   public UnsafeRow apply(InternalRow i) {
/* 026 */     mutableStateArray_0[0].reset();
/* 027 */
/* 028 */
/* 029 */     mutableStateArray_0[0].zeroOutNullBytes();
/* 030 */
/* 031 */     boolean isNull_0 = i.isNullAt(0);
/* 032 */     UTF8String value_0 = isNull_0 ?
/* 033 */     null : (i.getUTF8String(0));
/* 034 */     if (isNull_0) {
/* 035 */       mutableStateArray_0[0].setNullAt(0);
/* 036 */     } else {
/* 037 */       mutableStateArray_0[0].write(0, value_0);
/* 038 */     }
/* 039 */     return (mutableStateArray_0[0].getRow());
/* 040 */   }
/* 041 */
/* 042 */
/* 043 */ }

2025-10-31 10:51:17 DEBUG CodeGenerator:204 - 
/* 001 */ public java.lang.Object generate(Object[] references) {
/* 002 */   return new SpecificUnsafeProjection(references);
/* 003 */ }
/* 004 */
/* 005 */ class SpecificUnsafeProjection extends org.apache.spark.sql.catalyst.expressions.UnsafeProjection {
/* 006 */
/* 007 */   private Object[] references;
/* 008 */   private org.apache.spark.sql.catalyst.expressions.codegen.UnsafeRowWriter[] mutableStateArray_0 = new org.apache.spark.sql.catalyst.expressions.codegen.UnsafeRowWriter[1];
/* 009 */
/* 010 */   public SpecificUnsafeProjection(Object[] references) {
/* 011 */     this.references = references;
/* 012 */     mutableStateArray_0[0] = new org.apache.spark.sql.catalyst.expressions.codegen.UnsafeRowWriter(1, 32);
/* 013 */
/* 014 */   }
/* 015 */
/* 016 */   public void initialize(int partitionIndex) {
/* 017 */
/* 018 */   }
/* 019 */
/* 020 */   // Scala.Function1 need this
/* 021 */   public java.lang.Object apply(java.lang.Object row) {
/* 022 */     return apply((InternalRow) row);
/* 023 */   }
/* 024 */
/* 025 */   public UnsafeRow apply(InternalRow i) {
/* 026 */     mutableStateArray_0[0].reset();
/* 027 */
/* 028 */
/* 029 */     mutableStateArray_0[0].zeroOutNullBytes();
/* 030 */
/* 031 */     boolean isNull_0 = i.isNullAt(0);
/* 032 */     UTF8String value_0 = isNull_0 ?
/* 033 */     null : (i.getUTF8String(0));
/* 034 */     if (isNull_0) {
/* 035 */       mutableStateArray_0[0].setNullAt(0);
/* 036 */     } else {
/* 037 */       mutableStateArray_0[0].write(0, value_0);
/* 038 */     }
/* 039 */     return (mutableStateArray_0[0].getRow());
/* 040 */   }
/* 041 */
/* 042 */
/* 043 */ }

2025-10-31 10:51:17 INFO  CodeGenerator:190 - Code generated in 4.071133 ms
2025-10-31 10:51:17 DEBUG BlockManager:204 - Getting local block broadcast_3
2025-10-31 10:51:17 DEBUG BlockManager:204 - Level for block broadcast_3 is StorageLevel(disk, memory, deserialized, 1 replicas)
2025-10-31 10:51:18 INFO  Executor:190 - Finished task 0.0 in stage 4.0 (TID 17). 1968 bytes result sent to driver
2025-10-31 10:51:18 DEBUG ExecutorMetricsPoller:204 - stageTCMP: (4, 0) -> 0
2025-10-31 10:51:18 INFO  TaskSetManager:190 - Finished task 0.0 in stage 4.0 (TID 17) in 67 ms on 192.168.1.204 (executor driver) (1/1)
2025-10-31 10:51:18 INFO  TaskSchedulerImpl:190 - Removed TaskSet 4.0 whose tasks have all completed, from pool 
2025-10-31 10:51:18 INFO  DAGScheduler:190 - ResultStage 4 (load at NativeMethodAccessorImpl.java:0) finished in 82 ms
2025-10-31 10:51:18 DEBUG DAGScheduler:204 - After removal of stage 4, remaining stages = 0
2025-10-31 10:51:18 INFO  DAGScheduler:190 - Job 3 is finished. Cancelling potential speculative or zombie tasks for this job
2025-10-31 10:51:18 INFO  TaskSchedulerImpl:190 - Canceling stage 4
2025-10-31 10:51:18 INFO  TaskSchedulerImpl:190 - Killing all running tasks in stage 4: Stage finished
2025-10-31 10:51:18 INFO  DAGScheduler:190 - Job 3 finished: load at NativeMethodAccessorImpl.java:0, took 85.006309 ms
2025-10-31 10:51:18 DEBUG GenerateSafeProjection:204 - code for invoke(input[0, string, true].toString()):
/* 001 */ public java.lang.Object generate(Object[] references) {
/* 002 */   return new SpecificSafeProjection(references);
/* 003 */ }
/* 004 */
/* 005 */ class SpecificSafeProjection extends org.apache.spark.sql.catalyst.expressions.codegen.BaseProjection {
/* 006 */
/* 007 */   private Object[] references;
/* 008 */   private InternalRow mutableRow;
/* 009 */
/* 010 */
/* 011 */   public SpecificSafeProjection(Object[] references) {
/* 012 */     this.references = references;
/* 013 */     mutableRow = (InternalRow) references[references.length - 1];
/* 014 */
/* 015 */   }
/* 016 */
/* 017 */   public void initialize(int partitionIndex) {
/* 018 */
/* 019 */   }
/* 020 */
/* 021 */   public java.lang.Object apply(java.lang.Object _i) {
/* 022 */     InternalRow i = (InternalRow) _i;
/* 023 */     boolean isNull_1 = i.isNullAt(0);
/* 024 */     UTF8String value_1 = isNull_1 ?
/* 025 */     null : (i.getUTF8String(0));
/* 026 */     boolean isNull_0 = true;
/* 027 */     java.lang.String value_0 = null;
/* 028 */     if (!isNull_1) {
/* 029 */       isNull_0 = false;
/* 030 */       if (!isNull_0) {
/* 031 */
/* 032 */         java.lang.String funcResult_0 = null;
/* 033 */         funcResult_0 = (java.lang.String) value_1.toString();
/* 034 */         value_0 = funcResult_0;
/* 035 */
/* 036 */       }
/* 037 */     }
/* 038 */     if (isNull_0) {
/* 039 */       mutableRow.setNullAt(0);
/* 040 */     } else {
/* 041 */
/* 042 */       mutableRow.update(0, value_0);
/* 043 */     }
/* 044 */
/* 045 */     return mutableRow;
/* 046 */   }
/* 047 */
/* 048 */
/* 049 */ }

2025-10-31 10:51:18 DEBUG CodeGenerator:204 - 
/* 001 */ public java.lang.Object generate(Object[] references) {
/* 002 */   return new SpecificSafeProjection(references);
/* 003 */ }
/* 004 */
/* 005 */ class SpecificSafeProjection extends org.apache.spark.sql.catalyst.expressions.codegen.BaseProjection {
/* 006 */
/* 007 */   private Object[] references;
/* 008 */   private InternalRow mutableRow;
/* 009 */
/* 010 */
/* 011 */   public SpecificSafeProjection(Object[] references) {
/* 012 */     this.references = references;
/* 013 */     mutableRow = (InternalRow) references[references.length - 1];
/* 014 */
/* 015 */   }
/* 016 */
/* 017 */   public void initialize(int partitionIndex) {
/* 018 */
/* 019 */   }
/* 020 */
/* 021 */   public java.lang.Object apply(java.lang.Object _i) {
/* 022 */     InternalRow i = (InternalRow) _i;
/* 023 */     boolean isNull_1 = i.isNullAt(0);
/* 024 */     UTF8String value_1 = isNull_1 ?
/* 025 */     null : (i.getUTF8String(0));
/* 026 */     boolean isNull_0 = true;
/* 027 */     java.lang.String value_0 = null;
/* 028 */     if (!isNull_1) {
/* 029 */       isNull_0 = false;
/* 030 */       if (!isNull_0) {
/* 031 */
/* 032 */         java.lang.String funcResult_0 = null;
/* 033 */         funcResult_0 = (java.lang.String) value_1.toString();
/* 034 */         value_0 = funcResult_0;
/* 035 */
/* 036 */       }
/* 037 */     }
/* 038 */     if (isNull_0) {
/* 039 */       mutableRow.setNullAt(0);
/* 040 */     } else {
/* 041 */
/* 042 */       mutableRow.update(0, value_0);
/* 043 */     }
/* 044 */
/* 045 */     return mutableRow;
/* 046 */   }
/* 047 */
/* 048 */
/* 049 */ }

2025-10-31 10:51:18 INFO  CodeGenerator:190 - Code generated in 3.401397 ms
2025-10-31 10:51:18 DEBUG ArtifactManager:204 - Not applying  classloader for session 7d44eae4-e2b6-4ac1-aaf5-8270abb7c4ab because alwaysApplyClassLoader=false, sessionArtifactAdded=false.
2025-10-31 10:51:18 INFO  FileSourceStrategy:190 - Pushed Filters: 
2025-10-31 10:51:18 INFO  FileSourceStrategy:190 - Post-Scan Filters: Set()
2025-10-31 10:51:18 INFO  MemoryStore:190 - Block broadcast_5 stored as values in memory (estimated size 213.6 KiB, free 433.9 MiB)
2025-10-31 10:51:18 DEBUG BlockManager:204 - Put block broadcast_5 locally took 2 ms
2025-10-31 10:51:18 DEBUG BlockManager:204 - Putting block broadcast_5 without replication took 2 ms
2025-10-31 10:51:18 INFO  MemoryStore:190 - Block broadcast_5_piece0 stored as bytes in memory (estimated size 38.3 KiB, free 433.9 MiB)
2025-10-31 10:51:18 DEBUG BlockManagerMasterEndpoint:204 - Updating block info on master broadcast_5_piece0 for BlockManagerId(driver, 192.168.1.204, 42851, None)
2025-10-31 10:51:18 DEBUG BlockManagerInfo:210 - Added broadcast_5_piece0 in memory on 192.168.1.204:42851 (size: 38.3 KiB, free: 434.3 MiB)
2025-10-31 10:51:18 DEBUG BlockManagerMaster:204 - Updated info of block broadcast_5_piece0
2025-10-31 10:51:18 DEBUG BlockManager:204 - Told master about block broadcast_5_piece0
2025-10-31 10:51:18 DEBUG BlockManager:204 - Put block broadcast_5_piece0 locally took 0 ms
2025-10-31 10:51:18 DEBUG BlockManager:204 - Putting block broadcast_5_piece0 without replication took 0 ms
2025-10-31 10:51:18 INFO  SparkContext:190 - Created broadcast 5 from load at NativeMethodAccessorImpl.java:0
2025-10-31 10:51:18 INFO  FileSourceScanExec:190 - Planning scan with bin packing, max size: 6090553 bytes, open cost is considered as scanning 4194304 bytes.
2025-10-31 10:51:18 DEBUG ClosureCleaner:204 - Cleaning indylambda closure: $anonfun$materializedRdd$1
2025-10-31 10:51:18 DEBUG ClosureCleaner:204 -  +++ indylambda closure ($anonfun$materializedRdd$1) is now cleaned +++
2025-10-31 10:51:18 DEBUG ClosureCleaner:204 - Cleaning indylambda closure: $anonfun$inferFromDataset$2
2025-10-31 10:51:18 DEBUG ClosureCleaner:204 -  +++ indylambda closure ($anonfun$inferFromDataset$2) is now cleaned +++
2025-10-31 10:51:18 DEBUG ClosureCleaner:204 - Cleaning indylambda closure: $anonfun$infer$2
2025-10-31 10:51:18 DEBUG ClosureCleaner:204 -  +++ indylambda closure ($anonfun$infer$2) is now cleaned +++
2025-10-31 10:51:18 DEBUG ClosureCleaner:204 - Cleaning indylambda closure: $anonfun$runJob$6
2025-10-31 10:51:18 DEBUG ClosureCleaner:204 -  +++ indylambda closure ($anonfun$runJob$6) is now cleaned +++
2025-10-31 10:51:18 DEBUG ExecutorMetricsPoller:204 - removing (4, 0) from stageTCMP
2025-10-31 10:51:18 INFO  SparkContext:190 - Starting job: load at NativeMethodAccessorImpl.java:0
2025-10-31 10:51:18 DEBUG DAGScheduler:204 - eagerlyComputePartitionsForRddAndAncestors for RDD 24 took 0.000045 seconds
2025-10-31 10:51:18 DEBUG DAGScheduler:204 - Merging stage rdd profiles: HashSet()
2025-10-31 10:51:18 INFO  DAGScheduler:190 - Got job 4 (load at NativeMethodAccessorImpl.java:0) with 8 output partitions
2025-10-31 10:51:18 INFO  DAGScheduler:190 - Final stage: ResultStage 5 (load at NativeMethodAccessorImpl.java:0)
2025-10-31 10:51:18 INFO  DAGScheduler:190 - Parents of final stage: List()
2025-10-31 10:51:18 INFO  DAGScheduler:190 - Missing parents: List()
2025-10-31 10:51:18 DEBUG DAGScheduler:204 - submitStage(ResultStage 5 (name=load at NativeMethodAccessorImpl.java:0;jobs=4))
2025-10-31 10:51:18 DEBUG DAGScheduler:204 - missing: List()
2025-10-31 10:51:18 INFO  DAGScheduler:190 - Submitting ResultStage 5 (MapPartitionsRDD[24] at load at NativeMethodAccessorImpl.java:0), which has no missing parents
2025-10-31 10:51:18 DEBUG DAGScheduler:204 - submitMissingTasks(ResultStage 5)
2025-10-31 10:51:18 INFO  MemoryStore:190 - Block broadcast_6 stored as values in memory (estimated size 22.2 KiB, free 433.9 MiB)
2025-10-31 10:51:18 DEBUG BlockManager:204 - Put block broadcast_6 locally took 0 ms
2025-10-31 10:51:18 DEBUG BlockManager:204 - Putting block broadcast_6 without replication took 1 ms
2025-10-31 10:51:18 INFO  MemoryStore:190 - Block broadcast_6_piece0 stored as bytes in memory (estimated size 10.4 KiB, free 433.9 MiB)
2025-10-31 10:51:18 DEBUG BlockManagerMasterEndpoint:204 - Updating block info on master broadcast_6_piece0 for BlockManagerId(driver, 192.168.1.204, 42851, None)
2025-10-31 10:51:18 DEBUG BlockManagerInfo:210 - Added broadcast_6_piece0 in memory on 192.168.1.204:42851 (size: 10.4 KiB, free: 434.3 MiB)
2025-10-31 10:51:18 DEBUG BlockManagerMaster:204 - Updated info of block broadcast_6_piece0
2025-10-31 10:51:18 DEBUG BlockManager:204 - Told master about block broadcast_6_piece0
2025-10-31 10:51:18 DEBUG BlockManager:204 - Put block broadcast_6_piece0 locally took 1 ms
2025-10-31 10:51:18 DEBUG BlockManager:204 - Putting block broadcast_6_piece0 without replication took 1 ms
2025-10-31 10:51:18 INFO  SparkContext:190 - Created broadcast 6 from broadcast at DAGScheduler.scala:1676
2025-10-31 10:51:18 INFO  DAGScheduler:190 - Submitting 8 missing tasks from ResultStage 5 (MapPartitionsRDD[24] at load at NativeMethodAccessorImpl.java:0) (first 15 tasks are for partitions Vector(0, 1, 2, 3, 4, 5, 6, 7))
2025-10-31 10:51:18 INFO  TaskSchedulerImpl:190 - Adding task set 5.0 with 8 tasks resource profile 0
2025-10-31 10:51:18 DEBUG TaskSetManager:204 - Epoch for TaskSet 5.0: 1
2025-10-31 10:51:18 DEBUG TaskSetManager:204 - Adding pending tasks took 0 ms
2025-10-31 10:51:18 DEBUG TaskSetManager:204 - Valid locality levels for TaskSet 5.0: NO_PREF, ANY
2025-10-31 10:51:18 DEBUG TaskSchedulerImpl:204 - parentName: , name: TaskSet_5.0, runningTasks: 0
2025-10-31 10:51:18 INFO  TaskSetManager:190 - Starting task 0.0 in stage 5.0 (TID 18) (192.168.1.204,executor driver, partition 0, PROCESS_LOCAL, 10567 bytes) 
2025-10-31 10:51:18 INFO  TaskSetManager:190 - Starting task 1.0 in stage 5.0 (TID 19) (192.168.1.204,executor driver, partition 1, PROCESS_LOCAL, 10567 bytes) 
2025-10-31 10:51:18 INFO  TaskSetManager:190 - Starting task 2.0 in stage 5.0 (TID 20) (192.168.1.204,executor driver, partition 2, PROCESS_LOCAL, 10567 bytes) 
2025-10-31 10:51:18 INFO  TaskSetManager:190 - Starting task 3.0 in stage 5.0 (TID 21) (192.168.1.204,executor driver, partition 3, PROCESS_LOCAL, 10567 bytes) 
2025-10-31 10:51:18 INFO  TaskSetManager:190 - Starting task 4.0 in stage 5.0 (TID 22) (192.168.1.204,executor driver, partition 4, PROCESS_LOCAL, 10567 bytes) 
2025-10-31 10:51:18 INFO  TaskSetManager:190 - Starting task 5.0 in stage 5.0 (TID 23) (192.168.1.204,executor driver, partition 5, PROCESS_LOCAL, 10567 bytes) 
2025-10-31 10:51:18 INFO  TaskSetManager:190 - Starting task 6.0 in stage 5.0 (TID 24) (192.168.1.204,executor driver, partition 6, PROCESS_LOCAL, 10567 bytes) 
2025-10-31 10:51:18 INFO  TaskSetManager:190 - Starting task 7.0 in stage 5.0 (TID 25) (192.168.1.204,executor driver, partition 7, PROCESS_LOCAL, 10567 bytes) 
2025-10-31 10:51:18 INFO  Executor:190 - Running task 2.0 in stage 5.0 (TID 20)
2025-10-31 10:51:18 INFO  Executor:190 - Running task 4.0 in stage 5.0 (TID 22)
2025-10-31 10:51:18 INFO  Executor:190 - Running task 0.0 in stage 5.0 (TID 18)
2025-10-31 10:51:18 INFO  Executor:190 - Running task 5.0 in stage 5.0 (TID 23)
2025-10-31 10:51:18 INFO  Executor:190 - Running task 1.0 in stage 5.0 (TID 19)
2025-10-31 10:51:18 INFO  Executor:190 - Running task 3.0 in stage 5.0 (TID 21)
2025-10-31 10:51:18 INFO  Executor:190 - Running task 7.0 in stage 5.0 (TID 25)
2025-10-31 10:51:18 INFO  Executor:190 - Running task 6.0 in stage 5.0 (TID 24)
2025-10-31 10:51:18 DEBUG ExecutorMetricsPoller:204 - stageTCMP: (5, 0) -> 5
2025-10-31 10:51:18 DEBUG ExecutorMetricsPoller:204 - stageTCMP: (5, 0) -> 4
2025-10-31 10:51:18 DEBUG ExecutorMetricsPoller:204 - stageTCMP: (5, 0) -> 6
2025-10-31 10:51:18 DEBUG ExecutorMetricsPoller:204 - stageTCMP: (5, 0) -> 7
2025-10-31 10:51:18 DEBUG ExecutorMetricsPoller:204 - stageTCMP: (5, 0) -> 3
2025-10-31 10:51:18 DEBUG ExecutorMetricsPoller:204 - stageTCMP: (5, 0) -> 8
2025-10-31 10:51:18 DEBUG BlockManager:204 - Getting local block broadcast_6
2025-10-31 10:51:18 DEBUG BlockManager:204 - Level for block broadcast_6 is StorageLevel(disk, memory, deserialized, 1 replicas)
2025-10-31 10:51:18 DEBUG ExecutorMetricsPoller:204 - stageTCMP: (5, 0) -> 2
2025-10-31 10:51:18 DEBUG ExecutorMetricsPoller:204 - stageTCMP: (5, 0) -> 1
2025-10-31 10:51:18 DEBUG GenerateSafeProjection:204 - code for invoke(input[0, string, true].toString()):
/* 001 */ public java.lang.Object generate(Object[] references) {
/* 002 */   return new SpecificSafeProjection(references);
/* 003 */ }
/* 004 */
/* 005 */ class SpecificSafeProjection extends org.apache.spark.sql.catalyst.expressions.codegen.BaseProjection {
/* 006 */
/* 007 */   private Object[] references;
/* 008 */   private InternalRow mutableRow;
/* 009 */
/* 010 */
/* 011 */   public SpecificSafeProjection(Object[] references) {
/* 012 */     this.references = references;
/* 013 */     mutableRow = (InternalRow) references[references.length - 1];
/* 014 */
/* 015 */   }
/* 016 */
/* 017 */   public void initialize(int partitionIndex) {
/* 018 */
/* 019 */   }
/* 020 */
/* 021 */   public java.lang.Object apply(java.lang.Object _i) {
/* 022 */     InternalRow i = (InternalRow) _i;
/* 023 */     boolean isNull_1 = i.isNullAt(0);
/* 024 */     UTF8String value_1 = isNull_1 ?
/* 025 */     null : (i.getUTF8String(0));
/* 026 */     boolean isNull_0 = true;
/* 027 */     java.lang.String value_0 = null;
/* 028 */     if (!isNull_1) {
/* 029 */       isNull_0 = false;
/* 030 */       if (!isNull_0) {
/* 031 */
/* 032 */         java.lang.String funcResult_0 = null;
/* 033 */         funcResult_0 = (java.lang.String) value_1.toString();
/* 034 */         value_0 = funcResult_0;
/* 035 */
/* 036 */       }
/* 037 */     }
/* 038 */     if (isNull_0) {
/* 039 */       mutableRow.setNullAt(0);
/* 040 */     } else {
/* 041 */
/* 042 */       mutableRow.update(0, value_0);
/* 043 */     }
/* 044 */
/* 045 */     return mutableRow;
/* 046 */   }
/* 047 */
/* 048 */
/* 049 */ }

2025-10-31 10:51:18 DEBUG GenerateSafeProjection:204 - code for invoke(input[0, string, true].toString()):
/* 001 */ public java.lang.Object generate(Object[] references) {
/* 002 */   return new SpecificSafeProjection(references);
/* 003 */ }
/* 004 */
/* 005 */ class SpecificSafeProjection extends org.apache.spark.sql.catalyst.expressions.codegen.BaseProjection {
/* 006 */
/* 007 */   private Object[] references;
/* 008 */   private InternalRow mutableRow;
/* 009 */
/* 010 */
/* 011 */   public SpecificSafeProjection(Object[] references) {
/* 012 */     this.references = references;
/* 013 */     mutableRow = (InternalRow) references[references.length - 1];
/* 014 */
/* 015 */   }
/* 016 */
/* 017 */   public void initialize(int partitionIndex) {
/* 018 */
/* 019 */   }
/* 020 */
/* 021 */   public java.lang.Object apply(java.lang.Object _i) {
/* 022 */     InternalRow i = (InternalRow) _i;
/* 023 */     boolean isNull_1 = i.isNullAt(0);
/* 024 */     UTF8String value_1 = isNull_1 ?
/* 025 */     null : (i.getUTF8String(0));
/* 026 */     boolean isNull_0 = true;
/* 027 */     java.lang.String value_0 = null;
/* 028 */     if (!isNull_1) {
/* 029 */       isNull_0 = false;
/* 030 */       if (!isNull_0) {
/* 031 */
/* 032 */         java.lang.String funcResult_0 = null;
/* 033 */         funcResult_0 = (java.lang.String) value_1.toString();
/* 034 */         value_0 = funcResult_0;
/* 035 */
/* 036 */       }
/* 037 */     }
/* 038 */     if (isNull_0) {
/* 039 */       mutableRow.setNullAt(0);
/* 040 */     } else {
/* 041 */
/* 042 */       mutableRow.update(0, value_0);
/* 043 */     }
/* 044 */
/* 045 */     return mutableRow;
/* 046 */   }
/* 047 */
/* 048 */
/* 049 */ }

2025-10-31 10:51:18 DEBUG GenerateSafeProjection:204 - code for invoke(input[0, string, true].toString()):
/* 001 */ public java.lang.Object generate(Object[] references) {
/* 002 */   return new SpecificSafeProjection(references);
/* 003 */ }
/* 004 */
/* 005 */ class SpecificSafeProjection extends org.apache.spark.sql.catalyst.expressions.codegen.BaseProjection {
/* 006 */
/* 007 */   private Object[] references;
/* 008 */   private InternalRow mutableRow;
/* 009 */
/* 010 */
/* 011 */   public SpecificSafeProjection(Object[] references) {
/* 012 */     this.references = references;
/* 013 */     mutableRow = (InternalRow) references[references.length - 1];
/* 014 */
/* 015 */   }
/* 016 */
/* 017 */   public void initialize(int partitionIndex) {
/* 018 */
/* 019 */   }
/* 020 */
/* 021 */   public java.lang.Object apply(java.lang.Object _i) {
/* 022 */     InternalRow i = (InternalRow) _i;
/* 023 */     boolean isNull_1 = i.isNullAt(0);
/* 024 */     UTF8String value_1 = isNull_1 ?
/* 025 */     null : (i.getUTF8String(0));
/* 026 */     boolean isNull_0 = true;
/* 027 */     java.lang.String value_0 = null;
/* 028 */     if (!isNull_1) {
/* 029 */       isNull_0 = false;
/* 030 */       if (!isNull_0) {
/* 031 */
/* 032 */         java.lang.String funcResult_0 = null;
/* 033 */         funcResult_0 = (java.lang.String) value_1.toString();
/* 034 */         value_0 = funcResult_0;
/* 035 */
/* 036 */       }
/* 037 */     }
/* 038 */     if (isNull_0) {
/* 039 */       mutableRow.setNullAt(0);
/* 040 */     } else {
/* 041 */
/* 042 */       mutableRow.update(0, value_0);
/* 043 */     }
/* 044 */
/* 045 */     return mutableRow;
/* 046 */   }
/* 047 */
/* 048 */
/* 049 */ }

2025-10-31 10:51:18 DEBUG GenerateSafeProjection:204 - code for invoke(input[0, string, true].toString()):
/* 001 */ public java.lang.Object generate(Object[] references) {
/* 002 */   return new SpecificSafeProjection(references);
/* 003 */ }
/* 004 */
/* 005 */ class SpecificSafeProjection extends org.apache.spark.sql.catalyst.expressions.codegen.BaseProjection {
/* 006 */
/* 007 */   private Object[] references;
/* 008 */   private InternalRow mutableRow;
/* 009 */
/* 010 */
/* 011 */   public SpecificSafeProjection(Object[] references) {
/* 012 */     this.references = references;
/* 013 */     mutableRow = (InternalRow) references[references.length - 1];
/* 014 */
/* 015 */   }
/* 016 */
/* 017 */   public void initialize(int partitionIndex) {
/* 018 */
/* 019 */   }
/* 020 */
/* 021 */   public java.lang.Object apply(java.lang.Object _i) {
/* 022 */     InternalRow i = (InternalRow) _i;
/* 023 */     boolean isNull_1 = i.isNullAt(0);
/* 024 */     UTF8String value_1 = isNull_1 ?
/* 025 */     null : (i.getUTF8String(0));
/* 026 */     boolean isNull_0 = true;
/* 027 */     java.lang.String value_0 = null;
/* 028 */     if (!isNull_1) {
/* 029 */       isNull_0 = false;
/* 030 */       if (!isNull_0) {
/* 031 */
/* 032 */         java.lang.String funcResult_0 = null;
/* 033 */         funcResult_0 = (java.lang.String) value_1.toString();
/* 034 */         value_0 = funcResult_0;
/* 035 */
/* 036 */       }
/* 037 */     }
/* 038 */     if (isNull_0) {
/* 039 */       mutableRow.setNullAt(0);
/* 040 */     } else {
/* 041 */
/* 042 */       mutableRow.update(0, value_0);
/* 043 */     }
/* 044 */
/* 045 */     return mutableRow;
/* 046 */   }
/* 047 */
/* 048 */
/* 049 */ }

2025-10-31 10:51:18 DEBUG GenerateSafeProjection:204 - code for invoke(input[0, string, true].toString()):
/* 001 */ public java.lang.Object generate(Object[] references) {
/* 002 */   return new SpecificSafeProjection(references);
/* 003 */ }
/* 004 */
/* 005 */ class SpecificSafeProjection extends org.apache.spark.sql.catalyst.expressions.codegen.BaseProjection {
/* 006 */
/* 007 */   private Object[] references;
/* 008 */   private InternalRow mutableRow;
/* 009 */
/* 010 */
/* 011 */   public SpecificSafeProjection(Object[] references) {
/* 012 */     this.references = references;
/* 013 */     mutableRow = (InternalRow) references[references.length - 1];
/* 014 */
/* 015 */   }
/* 016 */
/* 017 */   public void initialize(int partitionIndex) {
/* 018 */
/* 019 */   }
/* 020 */
/* 021 */   public java.lang.Object apply(java.lang.Object _i) {
/* 022 */     InternalRow i = (InternalRow) _i;
/* 023 */     boolean isNull_1 = i.isNullAt(0);
/* 024 */     UTF8String value_1 = isNull_1 ?
/* 025 */     null : (i.getUTF8String(0));
/* 026 */     boolean isNull_0 = true;
/* 027 */     java.lang.String value_0 = null;
/* 028 */     if (!isNull_1) {
/* 029 */       isNull_0 = false;
/* 030 */       if (!isNull_0) {
/* 031 */
/* 032 */         java.lang.String funcResult_0 = null;
/* 033 */         funcResult_0 = (java.lang.String) value_1.toString();
/* 034 */         value_0 = funcResult_0;
/* 035 */
/* 036 */       }
/* 037 */     }
/* 038 */     if (isNull_0) {
/* 039 */       mutableRow.setNullAt(0);
/* 040 */     } else {
/* 041 */
/* 042 */       mutableRow.update(0, value_0);
/* 043 */     }
/* 044 */
/* 045 */     return mutableRow;
/* 046 */   }
/* 047 */
/* 048 */
/* 049 */ }

2025-10-31 10:51:18 DEBUG CodeGenerator:204 - 
/* 001 */ public java.lang.Object generate(Object[] references) {
/* 002 */   return new SpecificSafeProjection(references);
/* 003 */ }
/* 004 */
/* 005 */ class SpecificSafeProjection extends org.apache.spark.sql.catalyst.expressions.codegen.BaseProjection {
/* 006 */
/* 007 */   private Object[] references;
/* 008 */   private InternalRow mutableRow;
/* 009 */
/* 010 */
/* 011 */   public SpecificSafeProjection(Object[] references) {
/* 012 */     this.references = references;
/* 013 */     mutableRow = (InternalRow) references[references.length - 1];
/* 014 */
/* 015 */   }
/* 016 */
/* 017 */   public void initialize(int partitionIndex) {
/* 018 */
/* 019 */   }
/* 020 */
/* 021 */   public java.lang.Object apply(java.lang.Object _i) {
/* 022 */     InternalRow i = (InternalRow) _i;
/* 023 */     boolean isNull_1 = i.isNullAt(0);
/* 024 */     UTF8String value_1 = isNull_1 ?
/* 025 */     null : (i.getUTF8String(0));
/* 026 */     boolean isNull_0 = true;
/* 027 */     java.lang.String value_0 = null;
/* 028 */     if (!isNull_1) {
/* 029 */       isNull_0 = false;
/* 030 */       if (!isNull_0) {
/* 031 */
/* 032 */         java.lang.String funcResult_0 = null;
/* 033 */         funcResult_0 = (java.lang.String) value_1.toString();
/* 034 */         value_0 = funcResult_0;
/* 035 */
/* 036 */       }
/* 037 */     }
/* 038 */     if (isNull_0) {
/* 039 */       mutableRow.setNullAt(0);
/* 040 */     } else {
/* 041 */
/* 042 */       mutableRow.update(0, value_0);
/* 043 */     }
/* 044 */
/* 045 */     return mutableRow;
/* 046 */   }
/* 047 */
/* 048 */
/* 049 */ }

2025-10-31 10:51:18 DEBUG GenerateSafeProjection:204 - code for invoke(input[0, string, true].toString()):
/* 001 */ public java.lang.Object generate(Object[] references) {
/* 002 */   return new SpecificSafeProjection(references);
/* 003 */ }
/* 004 */
/* 005 */ class SpecificSafeProjection extends org.apache.spark.sql.catalyst.expressions.codegen.BaseProjection {
/* 006 */
/* 007 */   private Object[] references;
/* 008 */   private InternalRow mutableRow;
/* 009 */
/* 010 */
/* 011 */   public SpecificSafeProjection(Object[] references) {
/* 012 */     this.references = references;
/* 013 */     mutableRow = (InternalRow) references[references.length - 1];
/* 014 */
/* 015 */   }
/* 016 */
/* 017 */   public void initialize(int partitionIndex) {
/* 018 */
/* 019 */   }
/* 020 */
/* 021 */   public java.lang.Object apply(java.lang.Object _i) {
/* 022 */     InternalRow i = (InternalRow) _i;
/* 023 */     boolean isNull_1 = i.isNullAt(0);
/* 024 */     UTF8String value_1 = isNull_1 ?
/* 025 */     null : (i.getUTF8String(0));
/* 026 */     boolean isNull_0 = true;
/* 027 */     java.lang.String value_0 = null;
/* 028 */     if (!isNull_1) {
/* 029 */       isNull_0 = false;
/* 030 */       if (!isNull_0) {
/* 031 */
/* 032 */         java.lang.String funcResult_0 = null;
/* 033 */         funcResult_0 = (java.lang.String) value_1.toString();
/* 034 */         value_0 = funcResult_0;
/* 035 */
/* 036 */       }
/* 037 */     }
/* 038 */     if (isNull_0) {
/* 039 */       mutableRow.setNullAt(0);
/* 040 */     } else {
/* 041 */
/* 042 */       mutableRow.update(0, value_0);
/* 043 */     }
/* 044 */
/* 045 */     return mutableRow;
/* 046 */   }
/* 047 */
/* 048 */
/* 049 */ }

2025-10-31 10:51:18 DEBUG GenerateSafeProjection:204 - code for invoke(input[0, string, true].toString()):
/* 001 */ public java.lang.Object generate(Object[] references) {
/* 002 */   return new SpecificSafeProjection(references);
/* 003 */ }
/* 004 */
/* 005 */ class SpecificSafeProjection extends org.apache.spark.sql.catalyst.expressions.codegen.BaseProjection {
/* 006 */
/* 007 */   private Object[] references;
/* 008 */   private InternalRow mutableRow;
/* 009 */
/* 010 */
/* 011 */   public SpecificSafeProjection(Object[] references) {
/* 012 */     this.references = references;
/* 013 */     mutableRow = (InternalRow) references[references.length - 1];
/* 014 */
/* 015 */   }
/* 016 */
/* 017 */   public void initialize(int partitionIndex) {
/* 018 */
/* 019 */   }
/* 020 */
/* 021 */   public java.lang.Object apply(java.lang.Object _i) {
/* 022 */     InternalRow i = (InternalRow) _i;
/* 023 */     boolean isNull_1 = i.isNullAt(0);
/* 024 */     UTF8String value_1 = isNull_1 ?
/* 025 */     null : (i.getUTF8String(0));
/* 026 */     boolean isNull_0 = true;
/* 027 */     java.lang.String value_0 = null;
/* 028 */     if (!isNull_1) {
/* 029 */       isNull_0 = false;
/* 030 */       if (!isNull_0) {
/* 031 */
/* 032 */         java.lang.String funcResult_0 = null;
/* 033 */         funcResult_0 = (java.lang.String) value_1.toString();
/* 034 */         value_0 = funcResult_0;
/* 035 */
/* 036 */       }
/* 037 */     }
/* 038 */     if (isNull_0) {
/* 039 */       mutableRow.setNullAt(0);
/* 040 */     } else {
/* 041 */
/* 042 */       mutableRow.update(0, value_0);
/* 043 */     }
/* 044 */
/* 045 */     return mutableRow;
/* 046 */   }
/* 047 */
/* 048 */
/* 049 */ }

2025-10-31 10:51:18 DEBUG GenerateSafeProjection:204 - code for invoke(input[0, string, true].toString()):
/* 001 */ public java.lang.Object generate(Object[] references) {
/* 002 */   return new SpecificSafeProjection(references);
/* 003 */ }
/* 004 */
/* 005 */ class SpecificSafeProjection extends org.apache.spark.sql.catalyst.expressions.codegen.BaseProjection {
/* 006 */
/* 007 */   private Object[] references;
/* 008 */   private InternalRow mutableRow;
/* 009 */
/* 010 */
/* 011 */   public SpecificSafeProjection(Object[] references) {
/* 012 */     this.references = references;
/* 013 */     mutableRow = (InternalRow) references[references.length - 1];
/* 014 */
/* 015 */   }
/* 016 */
/* 017 */   public void initialize(int partitionIndex) {
/* 018 */
/* 019 */   }
/* 020 */
/* 021 */   public java.lang.Object apply(java.lang.Object _i) {
/* 022 */     InternalRow i = (InternalRow) _i;
/* 023 */     boolean isNull_1 = i.isNullAt(0);
/* 024 */     UTF8String value_1 = isNull_1 ?
/* 025 */     null : (i.getUTF8String(0));
/* 026 */     boolean isNull_0 = true;
/* 027 */     java.lang.String value_0 = null;
/* 028 */     if (!isNull_1) {
/* 029 */       isNull_0 = false;
/* 030 */       if (!isNull_0) {
/* 031 */
/* 032 */         java.lang.String funcResult_0 = null;
/* 033 */         funcResult_0 = (java.lang.String) value_1.toString();
/* 034 */         value_0 = funcResult_0;
/* 035 */
/* 036 */       }
/* 037 */     }
/* 038 */     if (isNull_0) {
/* 039 */       mutableRow.setNullAt(0);
/* 040 */     } else {
/* 041 */
/* 042 */       mutableRow.update(0, value_0);
/* 043 */     }
/* 044 */
/* 045 */     return mutableRow;
/* 046 */   }
/* 047 */
/* 048 */
/* 049 */ }

2025-10-31 10:51:18 INFO  CodeGenerator:190 - Code generated in 4.650341 ms
2025-10-31 10:51:18 INFO  FileScanRDD:190 - Reading File path: file:///home/aditya/github/Deep-learning-prerequisite/pyspark/Spark_programming_model/notebook/dataset/sf-fire-calls.csv, range: 24362212-30452765, partition values: [empty row]
2025-10-31 10:51:18 INFO  FileScanRDD:190 - Reading File path: file:///home/aditya/github/Deep-learning-prerequisite/pyspark/Spark_programming_model/notebook/dataset/sf-fire-calls.csv, range: 42633871-44530123, partition values: [empty row]
2025-10-31 10:51:18 INFO  FileScanRDD:190 - Reading File path: file:///home/aditya/github/Deep-learning-prerequisite/pyspark/Spark_programming_model/notebook/dataset/sf-fire-calls.csv, range: 12181106-18271659, partition values: [empty row]
2025-10-31 10:51:18 INFO  FileScanRDD:190 - Reading File path: file:///home/aditya/github/Deep-learning-prerequisite/pyspark/Spark_programming_model/notebook/dataset/sf-fire-calls.csv, range: 6090553-12181106, partition values: [empty row]
2025-10-31 10:51:18 INFO  FileScanRDD:190 - Reading File path: file:///home/aditya/github/Deep-learning-prerequisite/pyspark/Spark_programming_model/notebook/dataset/sf-fire-calls.csv, range: 30452765-36543318, partition values: [empty row]
2025-10-31 10:51:18 INFO  FileScanRDD:190 - Reading File path: file:///home/aditya/github/Deep-learning-prerequisite/pyspark/Spark_programming_model/notebook/dataset/sf-fire-calls.csv, range: 18271659-24362212, partition values: [empty row]
2025-10-31 10:51:18 INFO  FileScanRDD:190 - Reading File path: file:///home/aditya/github/Deep-learning-prerequisite/pyspark/Spark_programming_model/notebook/dataset/sf-fire-calls.csv, range: 0-6090553, partition values: [empty row]
2025-10-31 10:51:18 DEBUG GenerateUnsafeProjection:204 - code for input[0, string, true]:
/* 001 */ public java.lang.Object generate(Object[] references) {
/* 002 */   return new SpecificUnsafeProjection(references);
/* 003 */ }
/* 004 */
/* 005 */ class SpecificUnsafeProjection extends org.apache.spark.sql.catalyst.expressions.UnsafeProjection {
/* 006 */
/* 007 */   private Object[] references;
/* 008 */   private org.apache.spark.sql.catalyst.expressions.codegen.UnsafeRowWriter[] mutableStateArray_0 = new org.apache.spark.sql.catalyst.expressions.codegen.UnsafeRowWriter[1];
/* 009 */
/* 010 */   public SpecificUnsafeProjection(Object[] references) {
/* 011 */     this.references = references;
/* 012 */     mutableStateArray_0[0] = new org.apache.spark.sql.catalyst.expressions.codegen.UnsafeRowWriter(1, 32);
/* 013 */
/* 014 */   }
/* 015 */
/* 016 */   public void initialize(int partitionIndex) {
/* 017 */
/* 018 */   }
/* 019 */
/* 020 */   // Scala.Function1 need this
/* 021 */   public java.lang.Object apply(java.lang.Object row) {
/* 022 */     return apply((InternalRow) row);
/* 023 */   }
/* 024 */
/* 025 */   public UnsafeRow apply(InternalRow i) {
/* 026 */     mutableStateArray_0[0].reset();
/* 027 */
/* 028 */
/* 029 */     mutableStateArray_0[0].zeroOutNullBytes();
/* 030 */
/* 031 */     boolean isNull_0 = i.isNullAt(0);
/* 032 */     UTF8String value_0 = isNull_0 ?
/* 033 */     null : (i.getUTF8String(0));
/* 034 */     if (isNull_0) {
/* 035 */       mutableStateArray_0[0].setNullAt(0);
/* 036 */     } else {
/* 037 */       mutableStateArray_0[0].write(0, value_0);
/* 038 */     }
/* 039 */     return (mutableStateArray_0[0].getRow());
/* 040 */   }
/* 041 */
/* 042 */
/* 043 */ }

2025-10-31 10:51:18 DEBUG GenerateUnsafeProjection:204 - code for input[0, string, true]:
/* 001 */ public java.lang.Object generate(Object[] references) {
/* 002 */   return new SpecificUnsafeProjection(references);
/* 003 */ }
/* 004 */
/* 005 */ class SpecificUnsafeProjection extends org.apache.spark.sql.catalyst.expressions.UnsafeProjection {
/* 006 */
/* 007 */   private Object[] references;
/* 008 */   private org.apache.spark.sql.catalyst.expressions.codegen.UnsafeRowWriter[] mutableStateArray_0 = new org.apache.spark.sql.catalyst.expressions.codegen.UnsafeRowWriter[1];
/* 009 */
/* 010 */   public SpecificUnsafeProjection(Object[] references) {
/* 011 */     this.references = references;
/* 012 */     mutableStateArray_0[0] = new org.apache.spark.sql.catalyst.expressions.codegen.UnsafeRowWriter(1, 32);
/* 013 */
/* 014 */   }
/* 015 */
/* 016 */   public void initialize(int partitionIndex) {
/* 017 */
/* 018 */   }
/* 019 */
/* 020 */   // Scala.Function1 need this
/* 021 */   public java.lang.Object apply(java.lang.Object row) {
/* 022 */     return apply((InternalRow) row);
/* 023 */   }
/* 024 */
/* 025 */   public UnsafeRow apply(InternalRow i) {
/* 026 */     mutableStateArray_0[0].reset();
/* 027 */
/* 028 */
/* 029 */     mutableStateArray_0[0].zeroOutNullBytes();
/* 030 */
/* 031 */     boolean isNull_0 = i.isNullAt(0);
/* 032 */     UTF8String value_0 = isNull_0 ?
/* 033 */     null : (i.getUTF8String(0));
/* 034 */     if (isNull_0) {
/* 035 */       mutableStateArray_0[0].setNullAt(0);
/* 036 */     } else {
/* 037 */       mutableStateArray_0[0].write(0, value_0);
/* 038 */     }
/* 039 */     return (mutableStateArray_0[0].getRow());
/* 040 */   }
/* 041 */
/* 042 */
/* 043 */ }

2025-10-31 10:51:18 DEBUG GenerateUnsafeProjection:204 - code for input[0, string, true]:
/* 001 */ public java.lang.Object generate(Object[] references) {
/* 002 */   return new SpecificUnsafeProjection(references);
/* 003 */ }
/* 004 */
/* 005 */ class SpecificUnsafeProjection extends org.apache.spark.sql.catalyst.expressions.UnsafeProjection {
/* 006 */
/* 007 */   private Object[] references;
/* 008 */   private org.apache.spark.sql.catalyst.expressions.codegen.UnsafeRowWriter[] mutableStateArray_0 = new org.apache.spark.sql.catalyst.expressions.codegen.UnsafeRowWriter[1];
/* 009 */
/* 010 */   public SpecificUnsafeProjection(Object[] references) {
/* 011 */     this.references = references;
/* 012 */     mutableStateArray_0[0] = new org.apache.spark.sql.catalyst.expressions.codegen.UnsafeRowWriter(1, 32);
/* 013 */
/* 014 */   }
/* 015 */
/* 016 */   public void initialize(int partitionIndex) {
/* 017 */
/* 018 */   }
/* 019 */
/* 020 */   // Scala.Function1 need this
/* 021 */   public java.lang.Object apply(java.lang.Object row) {
/* 022 */     return apply((InternalRow) row);
/* 023 */   }
/* 024 */
/* 025 */   public UnsafeRow apply(InternalRow i) {
/* 026 */     mutableStateArray_0[0].reset();
/* 027 */
/* 028 */
/* 029 */     mutableStateArray_0[0].zeroOutNullBytes();
/* 030 */
/* 031 */     boolean isNull_0 = i.isNullAt(0);
/* 032 */     UTF8String value_0 = isNull_0 ?
/* 033 */     null : (i.getUTF8String(0));
/* 034 */     if (isNull_0) {
/* 035 */       mutableStateArray_0[0].setNullAt(0);
/* 036 */     } else {
/* 037 */       mutableStateArray_0[0].write(0, value_0);
/* 038 */     }
/* 039 */     return (mutableStateArray_0[0].getRow());
/* 040 */   }
/* 041 */
/* 042 */
/* 043 */ }

2025-10-31 10:51:18 DEBUG GenerateUnsafeProjection:204 - code for input[0, string, true]:
/* 001 */ public java.lang.Object generate(Object[] references) {
/* 002 */   return new SpecificUnsafeProjection(references);
/* 003 */ }
/* 004 */
/* 005 */ class SpecificUnsafeProjection extends org.apache.spark.sql.catalyst.expressions.UnsafeProjection {
/* 006 */
/* 007 */   private Object[] references;
/* 008 */   private org.apache.spark.sql.catalyst.expressions.codegen.UnsafeRowWriter[] mutableStateArray_0 = new org.apache.spark.sql.catalyst.expressions.codegen.UnsafeRowWriter[1];
/* 009 */
/* 010 */   public SpecificUnsafeProjection(Object[] references) {
/* 011 */     this.references = references;
/* 012 */     mutableStateArray_0[0] = new org.apache.spark.sql.catalyst.expressions.codegen.UnsafeRowWriter(1, 32);
/* 013 */
/* 014 */   }
/* 015 */
/* 016 */   public void initialize(int partitionIndex) {
/* 017 */
/* 018 */   }
/* 019 */
/* 020 */   // Scala.Function1 need this
/* 021 */   public java.lang.Object apply(java.lang.Object row) {
/* 022 */     return apply((InternalRow) row);
/* 023 */   }
/* 024 */
/* 025 */   public UnsafeRow apply(InternalRow i) {
/* 026 */     mutableStateArray_0[0].reset();
/* 027 */
/* 028 */
/* 029 */     mutableStateArray_0[0].zeroOutNullBytes();
/* 030 */
/* 031 */     boolean isNull_0 = i.isNullAt(0);
/* 032 */     UTF8String value_0 = isNull_0 ?
/* 033 */     null : (i.getUTF8String(0));
/* 034 */     if (isNull_0) {
/* 035 */       mutableStateArray_0[0].setNullAt(0);
/* 036 */     } else {
/* 037 */       mutableStateArray_0[0].write(0, value_0);
/* 038 */     }
/* 039 */     return (mutableStateArray_0[0].getRow());
/* 040 */   }
/* 041 */
/* 042 */
/* 043 */ }

2025-10-31 10:51:18 INFO  FileScanRDD:190 - Reading File path: file:///home/aditya/github/Deep-learning-prerequisite/pyspark/Spark_programming_model/notebook/dataset/sf-fire-calls.csv, range: 36543318-42633871, partition values: [empty row]
2025-10-31 10:51:18 DEBUG GenerateUnsafeProjection:204 - code for input[0, string, true]:
/* 001 */ public java.lang.Object generate(Object[] references) {
/* 002 */   return new SpecificUnsafeProjection(references);
/* 003 */ }
/* 004 */
/* 005 */ class SpecificUnsafeProjection extends org.apache.spark.sql.catalyst.expressions.UnsafeProjection {
/* 006 */
/* 007 */   private Object[] references;
/* 008 */   private org.apache.spark.sql.catalyst.expressions.codegen.UnsafeRowWriter[] mutableStateArray_0 = new org.apache.spark.sql.catalyst.expressions.codegen.UnsafeRowWriter[1];
/* 009 */
/* 010 */   public SpecificUnsafeProjection(Object[] references) {
/* 011 */     this.references = references;
/* 012 */     mutableStateArray_0[0] = new org.apache.spark.sql.catalyst.expressions.codegen.UnsafeRowWriter(1, 32);
/* 013 */
/* 014 */   }
/* 015 */
/* 016 */   public void initialize(int partitionIndex) {
/* 017 */
/* 018 */   }
/* 019 */
/* 020 */   // Scala.Function1 need this
/* 021 */   public java.lang.Object apply(java.lang.Object row) {
/* 022 */     return apply((InternalRow) row);
/* 023 */   }
/* 024 */
/* 025 */   public UnsafeRow apply(InternalRow i) {
/* 026 */     mutableStateArray_0[0].reset();
/* 027 */
/* 028 */
/* 029 */     mutableStateArray_0[0].zeroOutNullBytes();
/* 030 */
/* 031 */     boolean isNull_0 = i.isNullAt(0);
/* 032 */     UTF8String value_0 = isNull_0 ?
/* 033 */     null : (i.getUTF8String(0));
/* 034 */     if (isNull_0) {
/* 035 */       mutableStateArray_0[0].setNullAt(0);
/* 036 */     } else {
/* 037 */       mutableStateArray_0[0].write(0, value_0);
/* 038 */     }
/* 039 */     return (mutableStateArray_0[0].getRow());
/* 040 */   }
/* 041 */
/* 042 */
/* 043 */ }

2025-10-31 10:51:18 DEBUG GenerateUnsafeProjection:204 - code for input[0, string, true]:
/* 001 */ public java.lang.Object generate(Object[] references) {
/* 002 */   return new SpecificUnsafeProjection(references);
/* 003 */ }
/* 004 */
/* 005 */ class SpecificUnsafeProjection extends org.apache.spark.sql.catalyst.expressions.UnsafeProjection {
/* 006 */
/* 007 */   private Object[] references;
/* 008 */   private org.apache.spark.sql.catalyst.expressions.codegen.UnsafeRowWriter[] mutableStateArray_0 = new org.apache.spark.sql.catalyst.expressions.codegen.UnsafeRowWriter[1];
/* 009 */
/* 010 */   public SpecificUnsafeProjection(Object[] references) {
/* 011 */     this.references = references;
/* 012 */     mutableStateArray_0[0] = new org.apache.spark.sql.catalyst.expressions.codegen.UnsafeRowWriter(1, 32);
/* 013 */
/* 014 */   }
/* 015 */
/* 016 */   public void initialize(int partitionIndex) {
/* 017 */
/* 018 */   }
/* 019 */
/* 020 */   // Scala.Function1 need this
/* 021 */   public java.lang.Object apply(java.lang.Object row) {
/* 022 */     return apply((InternalRow) row);
/* 023 */   }
/* 024 */
/* 025 */   public UnsafeRow apply(InternalRow i) {
/* 026 */     mutableStateArray_0[0].reset();
/* 027 */
/* 028 */
/* 029 */     mutableStateArray_0[0].zeroOutNullBytes();
/* 030 */
/* 031 */     boolean isNull_0 = i.isNullAt(0);
/* 032 */     UTF8String value_0 = isNull_0 ?
/* 033 */     null : (i.getUTF8String(0));
/* 034 */     if (isNull_0) {
/* 035 */       mutableStateArray_0[0].setNullAt(0);
/* 036 */     } else {
/* 037 */       mutableStateArray_0[0].write(0, value_0);
/* 038 */     }
/* 039 */     return (mutableStateArray_0[0].getRow());
/* 040 */   }
/* 041 */
/* 042 */
/* 043 */ }

2025-10-31 10:51:18 DEBUG BlockManager:204 - Getting local block broadcast_5
2025-10-31 10:51:18 DEBUG GenerateUnsafeProjection:204 - code for input[0, string, true]:
/* 001 */ public java.lang.Object generate(Object[] references) {
/* 002 */   return new SpecificUnsafeProjection(references);
/* 003 */ }
/* 004 */
/* 005 */ class SpecificUnsafeProjection extends org.apache.spark.sql.catalyst.expressions.UnsafeProjection {
/* 006 */
/* 007 */   private Object[] references;
/* 008 */   private org.apache.spark.sql.catalyst.expressions.codegen.UnsafeRowWriter[] mutableStateArray_0 = new org.apache.spark.sql.catalyst.expressions.codegen.UnsafeRowWriter[1];
/* 009 */
/* 010 */   public SpecificUnsafeProjection(Object[] references) {
/* 011 */     this.references = references;
/* 012 */     mutableStateArray_0[0] = new org.apache.spark.sql.catalyst.expressions.codegen.UnsafeRowWriter(1, 32);
/* 013 */
/* 014 */   }
/* 015 */
/* 016 */   public void initialize(int partitionIndex) {
/* 017 */
/* 018 */   }
/* 019 */
/* 020 */   // Scala.Function1 need this
/* 021 */   public java.lang.Object apply(java.lang.Object row) {
/* 022 */     return apply((InternalRow) row);
/* 023 */   }
/* 024 */
/* 025 */   public UnsafeRow apply(InternalRow i) {
/* 026 */     mutableStateArray_0[0].reset();
/* 027 */
/* 028 */
/* 029 */     mutableStateArray_0[0].zeroOutNullBytes();
/* 030 */
/* 031 */     boolean isNull_0 = i.isNullAt(0);
/* 032 */     UTF8String value_0 = isNull_0 ?
/* 033 */     null : (i.getUTF8String(0));
/* 034 */     if (isNull_0) {
/* 035 */       mutableStateArray_0[0].setNullAt(0);
/* 036 */     } else {
/* 037 */       mutableStateArray_0[0].write(0, value_0);
/* 038 */     }
/* 039 */     return (mutableStateArray_0[0].getRow());
/* 040 */   }
/* 041 */
/* 042 */
/* 043 */ }

2025-10-31 10:51:18 DEBUG GenerateUnsafeProjection:204 - code for input[0, string, true]:
/* 001 */ public java.lang.Object generate(Object[] references) {
/* 002 */   return new SpecificUnsafeProjection(references);
/* 003 */ }
/* 004 */
/* 005 */ class SpecificUnsafeProjection extends org.apache.spark.sql.catalyst.expressions.UnsafeProjection {
/* 006 */
/* 007 */   private Object[] references;
/* 008 */   private org.apache.spark.sql.catalyst.expressions.codegen.UnsafeRowWriter[] mutableStateArray_0 = new org.apache.spark.sql.catalyst.expressions.codegen.UnsafeRowWriter[1];
/* 009 */
/* 010 */   public SpecificUnsafeProjection(Object[] references) {
/* 011 */     this.references = references;
/* 012 */     mutableStateArray_0[0] = new org.apache.spark.sql.catalyst.expressions.codegen.UnsafeRowWriter(1, 32);
/* 013 */
/* 014 */   }
/* 015 */
/* 016 */   public void initialize(int partitionIndex) {
/* 017 */
/* 018 */   }
/* 019 */
/* 020 */   // Scala.Function1 need this
/* 021 */   public java.lang.Object apply(java.lang.Object row) {
/* 022 */     return apply((InternalRow) row);
/* 023 */   }
/* 024 */
/* 025 */   public UnsafeRow apply(InternalRow i) {
/* 026 */     mutableStateArray_0[0].reset();
/* 027 */
/* 028 */
/* 029 */     mutableStateArray_0[0].zeroOutNullBytes();
/* 030 */
/* 031 */     boolean isNull_0 = i.isNullAt(0);
/* 032 */     UTF8String value_0 = isNull_0 ?
/* 033 */     null : (i.getUTF8String(0));
/* 034 */     if (isNull_0) {
/* 035 */       mutableStateArray_0[0].setNullAt(0);
/* 036 */     } else {
/* 037 */       mutableStateArray_0[0].write(0, value_0);
/* 038 */     }
/* 039 */     return (mutableStateArray_0[0].getRow());
/* 040 */   }
/* 041 */
/* 042 */
/* 043 */ }

2025-10-31 10:51:18 DEBUG BlockManager:204 - Level for block broadcast_5 is StorageLevel(disk, memory, deserialized, 1 replicas)
2025-10-31 10:51:18 DEBUG ContextCleaner:204 - Got cleaning task CleanBroadcast(4)
2025-10-31 10:51:18 DEBUG ContextCleaner:204 - Cleaning broadcast 4
2025-10-31 10:51:18 DEBUG TorrentBroadcast:204 - Unpersisting TorrentBroadcast 4
2025-10-31 10:51:18 DEBUG BlockManagerStorageEndpoint:204 - removing broadcast 4
2025-10-31 10:51:18 DEBUG BlockManager:204 - Removing broadcast 4
2025-10-31 10:51:18 DEBUG BlockManager:204 - Removing block broadcast_4_piece0
2025-10-31 10:51:18 DEBUG MemoryStore:204 - Block broadcast_4_piece0 of size 6929 dropped from memory (free 454937476)
2025-10-31 10:51:18 DEBUG BlockManagerMasterEndpoint:204 - Updating block info on master broadcast_4_piece0 for BlockManagerId(driver, 192.168.1.204, 42851, None)
2025-10-31 10:51:18 DEBUG BlockManagerInfo:210 - Removed broadcast_4_piece0 on 192.168.1.204:42851 in memory (size: 6.8 KiB, free: 434.3 MiB)
2025-10-31 10:51:18 DEBUG BlockManagerMaster:204 - Updated info of block broadcast_4_piece0
2025-10-31 10:51:18 DEBUG BlockManager:204 - Told master about block broadcast_4_piece0
2025-10-31 10:51:18 DEBUG BlockManager:204 - Removing block broadcast_4
2025-10-31 10:51:18 DEBUG MemoryStore:204 - Block broadcast_4 of size 14640 dropped from memory (free 454952116)
2025-10-31 10:51:18 DEBUG BlockManagerStorageEndpoint:204 - Done removing broadcast 4, response is 0
2025-10-31 10:51:18 DEBUG BlockManagerStorageEndpoint:204 - Sent response: 0 to 192.168.1.204:37857
2025-10-31 10:51:18 DEBUG ContextCleaner:204 - Cleaned broadcast 4
2025-10-31 10:51:18 DEBUG ContextCleaner:204 - Got cleaning task CleanAccum(258)
2025-10-31 10:51:18 DEBUG ContextCleaner:204 - Cleaning accumulator 258
2025-10-31 10:51:18 DEBUG ContextCleaner:204 - Cleaned accumulator 258
2025-10-31 10:51:18 DEBUG ContextCleaner:204 - Got cleaning task CleanAccum(298)
2025-10-31 10:51:18 DEBUG ContextCleaner:204 - Cleaning accumulator 298
2025-10-31 10:51:18 DEBUG ContextCleaner:204 - Cleaned accumulator 298
2025-10-31 10:51:18 DEBUG ContextCleaner:204 - Got cleaning task CleanAccum(281)
2025-10-31 10:51:18 DEBUG ContextCleaner:204 - Cleaning accumulator 281
2025-10-31 10:51:18 DEBUG ContextCleaner:204 - Cleaned accumulator 281
2025-10-31 10:51:18 DEBUG ContextCleaner:204 - Got cleaning task CleanAccum(282)
2025-10-31 10:51:18 DEBUG ContextCleaner:204 - Cleaning accumulator 282
2025-10-31 10:51:18 DEBUG ContextCleaner:204 - Cleaned accumulator 282
2025-10-31 10:51:18 DEBUG ContextCleaner:204 - Got cleaning task CleanAccum(307)
2025-10-31 10:51:18 DEBUG ContextCleaner:204 - Cleaning accumulator 307
2025-10-31 10:51:18 DEBUG ContextCleaner:204 - Cleaned accumulator 307
2025-10-31 10:51:18 DEBUG ContextCleaner:204 - Got cleaning task CleanAccum(251)
2025-10-31 10:51:18 DEBUG ContextCleaner:204 - Cleaning accumulator 251
2025-10-31 10:51:18 DEBUG ContextCleaner:204 - Cleaned accumulator 251
2025-10-31 10:51:18 DEBUG ContextCleaner:204 - Got cleaning task CleanAccum(276)
2025-10-31 10:51:18 DEBUG ContextCleaner:204 - Cleaning accumulator 276
2025-10-31 10:51:18 DEBUG ContextCleaner:204 - Cleaned accumulator 276
2025-10-31 10:51:18 DEBUG ContextCleaner:204 - Got cleaning task CleanAccum(261)
2025-10-31 10:51:18 DEBUG ContextCleaner:204 - Cleaning accumulator 261
2025-10-31 10:51:18 DEBUG ContextCleaner:204 - Cleaned accumulator 261
2025-10-31 10:51:18 DEBUG ContextCleaner:204 - Got cleaning task CleanAccum(287)
2025-10-31 10:51:18 DEBUG ContextCleaner:204 - Cleaning accumulator 287
2025-10-31 10:51:18 DEBUG ContextCleaner:204 - Cleaned accumulator 287
2025-10-31 10:51:18 DEBUG ContextCleaner:204 - Got cleaning task CleanAccum(308)
2025-10-31 10:51:18 DEBUG ContextCleaner:204 - Cleaning accumulator 308
2025-10-31 10:51:18 DEBUG ContextCleaner:204 - Cleaned accumulator 308
2025-10-31 10:51:18 DEBUG ContextCleaner:204 - Got cleaning task CleanAccum(275)
2025-10-31 10:51:18 DEBUG ContextCleaner:204 - Cleaning accumulator 275
2025-10-31 10:51:18 DEBUG ContextCleaner:204 - Cleaned accumulator 275
2025-10-31 10:51:18 DEBUG ContextCleaner:204 - Got cleaning task CleanAccum(271)
2025-10-31 10:51:18 DEBUG ContextCleaner:204 - Cleaning accumulator 271
2025-10-31 10:51:18 DEBUG ContextCleaner:204 - Cleaned accumulator 271
2025-10-31 10:51:18 DEBUG ContextCleaner:204 - Got cleaning task CleanAccum(294)
2025-10-31 10:51:18 DEBUG ContextCleaner:204 - Cleaning accumulator 294
2025-10-31 10:51:18 DEBUG ContextCleaner:204 - Cleaned accumulator 294
2025-10-31 10:51:18 DEBUG ContextCleaner:204 - Got cleaning task CleanAccum(295)
2025-10-31 10:51:18 DEBUG ContextCleaner:204 - Cleaning accumulator 295
2025-10-31 10:51:18 DEBUG ContextCleaner:204 - Cleaned accumulator 295
2025-10-31 10:51:18 DEBUG ContextCleaner:204 - Got cleaning task CleanAccum(304)
2025-10-31 10:51:18 DEBUG ContextCleaner:204 - Cleaning accumulator 304
2025-10-31 10:51:18 DEBUG ContextCleaner:204 - Cleaned accumulator 304
2025-10-31 10:51:18 DEBUG ContextCleaner:204 - Got cleaning task CleanAccum(303)
2025-10-31 10:51:18 DEBUG ContextCleaner:204 - Cleaning accumulator 303
2025-10-31 10:51:18 DEBUG ContextCleaner:204 - Cleaned accumulator 303
2025-10-31 10:51:18 DEBUG ContextCleaner:204 - Got cleaning task CleanAccum(269)
2025-10-31 10:51:18 DEBUG ContextCleaner:204 - Cleaning accumulator 269
2025-10-31 10:51:18 DEBUG ContextCleaner:204 - Cleaned accumulator 269
2025-10-31 10:51:18 DEBUG ContextCleaner:204 - Got cleaning task CleanAccum(263)
2025-10-31 10:51:18 DEBUG ContextCleaner:204 - Cleaning accumulator 263
2025-10-31 10:51:18 DEBUG ContextCleaner:204 - Cleaned accumulator 263
2025-10-31 10:51:18 DEBUG ContextCleaner:204 - Got cleaning task CleanAccum(278)
2025-10-31 10:51:18 DEBUG ContextCleaner:204 - Cleaning accumulator 278
2025-10-31 10:51:18 DEBUG ContextCleaner:204 - Cleaned accumulator 278
2025-10-31 10:51:18 DEBUG ContextCleaner:204 - Got cleaning task CleanAccum(286)
2025-10-31 10:51:18 DEBUG ContextCleaner:204 - Cleaning accumulator 286
2025-10-31 10:51:18 DEBUG ContextCleaner:204 - Cleaned accumulator 286
2025-10-31 10:51:18 DEBUG ContextCleaner:204 - Got cleaning task CleanAccum(299)
2025-10-31 10:51:18 DEBUG ContextCleaner:204 - Cleaning accumulator 299
2025-10-31 10:51:18 DEBUG ContextCleaner:204 - Cleaned accumulator 299
2025-10-31 10:51:18 DEBUG ContextCleaner:204 - Got cleaning task CleanAccum(279)
2025-10-31 10:51:18 DEBUG ContextCleaner:204 - Cleaning accumulator 279
2025-10-31 10:51:18 DEBUG ContextCleaner:204 - Cleaned accumulator 279
2025-10-31 10:51:18 DEBUG ContextCleaner:204 - Got cleaning task CleanAccum(260)
2025-10-31 10:51:18 DEBUG ContextCleaner:204 - Cleaning accumulator 260
2025-10-31 10:51:18 DEBUG ContextCleaner:204 - Cleaned accumulator 260
2025-10-31 10:51:18 DEBUG ContextCleaner:204 - Got cleaning task CleanAccum(301)
2025-10-31 10:51:18 DEBUG ContextCleaner:204 - Cleaning accumulator 301
2025-10-31 10:51:18 DEBUG ContextCleaner:204 - Cleaned accumulator 301
2025-10-31 10:51:18 DEBUG ContextCleaner:204 - Got cleaning task CleanAccum(268)
2025-10-31 10:51:18 DEBUG ContextCleaner:204 - Cleaning accumulator 268
2025-10-31 10:51:18 DEBUG ContextCleaner:204 - Cleaned accumulator 268
2025-10-31 10:51:18 DEBUG ContextCleaner:204 - Got cleaning task CleanAccum(296)
2025-10-31 10:51:18 DEBUG ContextCleaner:204 - Cleaning accumulator 296
2025-10-31 10:51:18 DEBUG ContextCleaner:204 - Cleaned accumulator 296
2025-10-31 10:51:18 DEBUG ContextCleaner:204 - Got cleaning task CleanAccum(293)
2025-10-31 10:51:18 DEBUG ContextCleaner:204 - Cleaning accumulator 293
2025-10-31 10:51:18 DEBUG ContextCleaner:204 - Cleaned accumulator 293
2025-10-31 10:51:18 DEBUG ContextCleaner:204 - Got cleaning task CleanAccum(266)
2025-10-31 10:51:18 DEBUG ContextCleaner:204 - Cleaning accumulator 266
2025-10-31 10:51:18 DEBUG ContextCleaner:204 - Cleaned accumulator 266
2025-10-31 10:51:18 DEBUG ContextCleaner:204 - Got cleaning task CleanAccum(309)
2025-10-31 10:51:18 DEBUG ContextCleaner:204 - Cleaning accumulator 309
2025-10-31 10:51:18 DEBUG ContextCleaner:204 - Cleaned accumulator 309
2025-10-31 10:51:18 DEBUG ContextCleaner:204 - Got cleaning task CleanAccum(277)
2025-10-31 10:51:18 DEBUG ContextCleaner:204 - Cleaning accumulator 277
2025-10-31 10:51:18 DEBUG ContextCleaner:204 - Cleaned accumulator 277
2025-10-31 10:51:18 DEBUG ContextCleaner:204 - Got cleaning task CleanAccum(291)
2025-10-31 10:51:18 DEBUG ContextCleaner:204 - Cleaning accumulator 291
2025-10-31 10:51:18 DEBUG ContextCleaner:204 - Cleaned accumulator 291
2025-10-31 10:51:18 DEBUG ContextCleaner:204 - Got cleaning task CleanAccum(253)
2025-10-31 10:51:18 DEBUG ContextCleaner:204 - Cleaning accumulator 253
2025-10-31 10:51:18 DEBUG ContextCleaner:204 - Cleaned accumulator 253
2025-10-31 10:51:18 DEBUG ContextCleaner:204 - Got cleaning task CleanAccum(273)
2025-10-31 10:51:18 DEBUG ContextCleaner:204 - Cleaning accumulator 273
2025-10-31 10:51:18 DEBUG ContextCleaner:204 - Cleaned accumulator 273
2025-10-31 10:51:18 DEBUG ContextCleaner:204 - Got cleaning task CleanAccum(290)
2025-10-31 10:51:18 DEBUG ContextCleaner:204 - Cleaning accumulator 290
2025-10-31 10:51:18 DEBUG ContextCleaner:204 - Cleaned accumulator 290
2025-10-31 10:51:18 DEBUG ContextCleaner:204 - Got cleaning task CleanAccum(280)
2025-10-31 10:51:18 DEBUG ContextCleaner:204 - Cleaning accumulator 280
2025-10-31 10:51:18 DEBUG ContextCleaner:204 - Cleaned accumulator 280
2025-10-31 10:51:18 DEBUG ContextCleaner:204 - Got cleaning task CleanAccum(297)
2025-10-31 10:51:18 DEBUG ContextCleaner:204 - Cleaning accumulator 297
2025-10-31 10:51:18 DEBUG ContextCleaner:204 - Cleaned accumulator 297
2025-10-31 10:51:18 DEBUG ContextCleaner:204 - Got cleaning task CleanAccum(288)
2025-10-31 10:51:18 DEBUG ContextCleaner:204 - Cleaning accumulator 288
2025-10-31 10:51:18 DEBUG ContextCleaner:204 - Cleaned accumulator 288
2025-10-31 10:51:18 DEBUG ContextCleaner:204 - Got cleaning task CleanAccum(257)
2025-10-31 10:51:18 DEBUG ContextCleaner:204 - Cleaning accumulator 257
2025-10-31 10:51:18 DEBUG ContextCleaner:204 - Cleaned accumulator 257
2025-10-31 10:51:18 DEBUG ContextCleaner:204 - Got cleaning task CleanAccum(283)
2025-10-31 10:51:18 DEBUG ContextCleaner:204 - Cleaning accumulator 283
2025-10-31 10:51:18 DEBUG ContextCleaner:204 - Cleaned accumulator 283
2025-10-31 10:51:18 DEBUG ContextCleaner:204 - Got cleaning task CleanAccum(248)
2025-10-31 10:51:18 DEBUG ContextCleaner:204 - Cleaning accumulator 248
2025-10-31 10:51:18 DEBUG ContextCleaner:204 - Cleaned accumulator 248
2025-10-31 10:51:18 DEBUG ContextCleaner:204 - Got cleaning task CleanAccum(274)
2025-10-31 10:51:18 DEBUG ContextCleaner:204 - Cleaning accumulator 274
2025-10-31 10:51:18 DEBUG ContextCleaner:204 - Cleaned accumulator 274
2025-10-31 10:51:18 DEBUG ContextCleaner:204 - Got cleaning task CleanAccum(284)
2025-10-31 10:51:18 DEBUG ContextCleaner:204 - Cleaning accumulator 284
2025-10-31 10:51:18 DEBUG ContextCleaner:204 - Cleaned accumulator 284
2025-10-31 10:51:18 DEBUG ContextCleaner:204 - Got cleaning task CleanAccum(306)
2025-10-31 10:51:18 DEBUG ContextCleaner:204 - Cleaning accumulator 306
2025-10-31 10:51:18 DEBUG ContextCleaner:204 - Cleaned accumulator 306
2025-10-31 10:51:18 DEBUG ContextCleaner:204 - Got cleaning task CleanAccum(272)
2025-10-31 10:51:18 DEBUG ContextCleaner:204 - Cleaning accumulator 272
2025-10-31 10:51:18 DEBUG ContextCleaner:204 - Cleaned accumulator 272
2025-10-31 10:51:18 DEBUG ContextCleaner:204 - Got cleaning task CleanAccum(262)
2025-10-31 10:51:18 DEBUG ContextCleaner:204 - Cleaning accumulator 262
2025-10-31 10:51:18 DEBUG ContextCleaner:204 - Cleaned accumulator 262
2025-10-31 10:51:18 DEBUG ContextCleaner:204 - Got cleaning task CleanAccum(265)
2025-10-31 10:51:18 DEBUG ContextCleaner:204 - Cleaning accumulator 265
2025-10-31 10:51:18 DEBUG ContextCleaner:204 - Cleaned accumulator 265
2025-10-31 10:51:18 DEBUG ContextCleaner:204 - Got cleaning task CleanAccum(292)
2025-10-31 10:51:18 DEBUG ContextCleaner:204 - Cleaning accumulator 292
2025-10-31 10:51:18 DEBUG ContextCleaner:204 - Cleaned accumulator 292
2025-10-31 10:51:18 DEBUG ContextCleaner:204 - Got cleaning task CleanAccum(250)
2025-10-31 10:51:18 DEBUG ContextCleaner:204 - Cleaning accumulator 250
2025-10-31 10:51:18 DEBUG ContextCleaner:204 - Cleaned accumulator 250
2025-10-31 10:51:18 DEBUG ContextCleaner:204 - Got cleaning task CleanAccum(267)
2025-10-31 10:51:18 DEBUG ContextCleaner:204 - Cleaning accumulator 267
2025-10-31 10:51:18 DEBUG ContextCleaner:204 - Cleaned accumulator 267
2025-10-31 10:51:18 DEBUG ContextCleaner:204 - Got cleaning task CleanAccum(300)
2025-10-31 10:51:18 DEBUG ContextCleaner:204 - Cleaning accumulator 300
2025-10-31 10:51:18 DEBUG ContextCleaner:204 - Cleaned accumulator 300
2025-10-31 10:51:18 DEBUG ContextCleaner:204 - Got cleaning task CleanAccum(310)
2025-10-31 10:51:18 DEBUG ContextCleaner:204 - Cleaning accumulator 310
2025-10-31 10:51:18 DEBUG ContextCleaner:204 - Cleaned accumulator 310
2025-10-31 10:51:18 DEBUG ContextCleaner:204 - Got cleaning task CleanAccum(305)
2025-10-31 10:51:18 DEBUG ContextCleaner:204 - Cleaning accumulator 305
2025-10-31 10:51:18 DEBUG ContextCleaner:204 - Cleaned accumulator 305
2025-10-31 10:51:18 DEBUG ContextCleaner:204 - Got cleaning task CleanAccum(255)
2025-10-31 10:51:18 DEBUG ContextCleaner:204 - Cleaning accumulator 255
2025-10-31 10:51:18 DEBUG ContextCleaner:204 - Cleaned accumulator 255
2025-10-31 10:51:18 DEBUG ContextCleaner:204 - Got cleaning task CleanAccum(302)
2025-10-31 10:51:18 DEBUG ContextCleaner:204 - Cleaning accumulator 302
2025-10-31 10:51:18 DEBUG ContextCleaner:204 - Cleaned accumulator 302
2025-10-31 10:51:18 DEBUG ContextCleaner:204 - Got cleaning task CleanAccum(270)
2025-10-31 10:51:18 DEBUG ContextCleaner:204 - Cleaning accumulator 270
2025-10-31 10:51:18 DEBUG ContextCleaner:204 - Cleaned accumulator 270
2025-10-31 10:51:18 DEBUG ContextCleaner:204 - Got cleaning task CleanAccum(285)
2025-10-31 10:51:18 DEBUG ContextCleaner:204 - Cleaning accumulator 285
2025-10-31 10:51:18 DEBUG ContextCleaner:204 - Cleaned accumulator 285
2025-10-31 10:51:18 DEBUG ContextCleaner:204 - Got cleaning task CleanAccum(252)
2025-10-31 10:51:18 DEBUG ContextCleaner:204 - Cleaning accumulator 252
2025-10-31 10:51:18 DEBUG ContextCleaner:204 - Cleaned accumulator 252
2025-10-31 10:51:18 DEBUG ContextCleaner:204 - Got cleaning task CleanAccum(289)
2025-10-31 10:51:18 DEBUG ContextCleaner:204 - Cleaning accumulator 289
2025-10-31 10:51:18 DEBUG ContextCleaner:204 - Cleaned accumulator 289
2025-10-31 10:51:18 DEBUG ContextCleaner:204 - Got cleaning task CleanAccum(264)
2025-10-31 10:51:18 DEBUG ContextCleaner:204 - Cleaning accumulator 264
2025-10-31 10:51:18 DEBUG ContextCleaner:204 - Cleaned accumulator 264
2025-10-31 10:51:18 DEBUG ContextCleaner:204 - Got cleaning task CleanAccum(256)
2025-10-31 10:51:18 DEBUG ContextCleaner:204 - Cleaning accumulator 256
2025-10-31 10:51:18 DEBUG ContextCleaner:204 - Cleaned accumulator 256
2025-10-31 10:51:18 DEBUG ContextCleaner:204 - Got cleaning task CleanAccum(259)
2025-10-31 10:51:18 DEBUG ContextCleaner:204 - Cleaning accumulator 259
2025-10-31 10:51:18 DEBUG ContextCleaner:204 - Cleaned accumulator 259
2025-10-31 10:51:18 DEBUG ContextCleaner:204 - Got cleaning task CleanAccum(254)
2025-10-31 10:51:18 DEBUG ContextCleaner:204 - Cleaning accumulator 254
2025-10-31 10:51:18 DEBUG ContextCleaner:204 - Cleaned accumulator 254
2025-10-31 10:51:18 DEBUG ContextCleaner:204 - Got cleaning task CleanBroadcast(3)
2025-10-31 10:51:18 DEBUG ContextCleaner:204 - Cleaning broadcast 3
2025-10-31 10:51:18 DEBUG TorrentBroadcast:204 - Unpersisting TorrentBroadcast 3
2025-10-31 10:51:18 DEBUG BlockManagerStorageEndpoint:204 - removing broadcast 3
2025-10-31 10:51:18 DEBUG BlockManager:204 - Removing broadcast 3
2025-10-31 10:51:18 DEBUG BlockManager:204 - Removing block broadcast_3
2025-10-31 10:51:18 DEBUG MemoryStore:204 - Block broadcast_3 of size 218752 dropped from memory (free 455170868)
2025-10-31 10:51:18 DEBUG BlockManager:204 - Removing block broadcast_3_piece0
2025-10-31 10:51:18 DEBUG MemoryStore:204 - Block broadcast_3_piece0 of size 39230 dropped from memory (free 455210098)
2025-10-31 10:51:18 DEBUG BlockManagerMasterEndpoint:204 - Updating block info on master broadcast_3_piece0 for BlockManagerId(driver, 192.168.1.204, 42851, None)
2025-10-31 10:51:18 DEBUG BlockManagerInfo:210 - Removed broadcast_3_piece0 on 192.168.1.204:42851 in memory (size: 38.3 KiB, free: 434.4 MiB)
2025-10-31 10:51:18 DEBUG BlockManagerMaster:204 - Updated info of block broadcast_3_piece0
2025-10-31 10:51:18 DEBUG BlockManager:204 - Told master about block broadcast_3_piece0
2025-10-31 10:51:18 DEBUG BlockManagerStorageEndpoint:204 - Done removing broadcast 3, response is 0
2025-10-31 10:51:18 DEBUG BlockManagerStorageEndpoint:204 - Sent response: 0 to 192.168.1.204:37857
2025-10-31 10:51:18 DEBUG ContextCleaner:204 - Cleaned broadcast 3
2025-10-31 10:51:18 DEBUG ContextCleaner:204 - Got cleaning task CleanAccum(249)
2025-10-31 10:51:18 DEBUG ContextCleaner:204 - Cleaning accumulator 249
2025-10-31 10:51:18 DEBUG ContextCleaner:204 - Cleaned accumulator 249
2025-10-31 10:51:18 INFO  Executor:190 - Finished task 7.0 in stage 5.0 (TID 25). 2182 bytes result sent to driver
2025-10-31 10:51:18 DEBUG TaskSchedulerImpl:204 - parentName: , name: TaskSet_5.0, runningTasks: 7
2025-10-31 10:51:18 DEBUG TaskSetManager:204 - No tasks for locality level NO_PREF, so moving to locality level ANY
2025-10-31 10:51:18 INFO  TaskSetManager:190 - Finished task 7.0 in stage 5.0 (TID 25) in 671 ms on 192.168.1.204 (executor driver) (1/8)
2025-10-31 10:51:18 DEBUG ExecutorMetricsPoller:204 - stageTCMP: (5, 0) -> 7
2025-10-31 10:51:19 INFO  Executor:190 - Finished task 6.0 in stage 5.0 (TID 24). 2139 bytes result sent to driver
2025-10-31 10:51:19 INFO  TaskSetManager:190 - Finished task 6.0 in stage 5.0 (TID 24) in 1137 ms on 192.168.1.204 (executor driver) (2/8)
2025-10-31 10:51:19 DEBUG ExecutorMetricsPoller:204 - stageTCMP: (5, 0) -> 6
2025-10-31 10:51:19 INFO  Executor:190 - Finished task 3.0 in stage 5.0 (TID 21). 2139 bytes result sent to driver
2025-10-31 10:51:19 DEBUG ExecutorMetricsPoller:204 - stageTCMP: (5, 0) -> 5
2025-10-31 10:51:19 INFO  TaskSetManager:190 - Finished task 3.0 in stage 5.0 (TID 21) in 1145 ms on 192.168.1.204 (executor driver) (3/8)
2025-10-31 10:51:19 INFO  Executor:190 - Finished task 0.0 in stage 5.0 (TID 18). 1969 bytes result sent to driver
2025-10-31 10:51:19 DEBUG ExecutorMetricsPoller:204 - stageTCMP: (5, 0) -> 4
2025-10-31 10:51:19 INFO  TaskSetManager:190 - Finished task 0.0 in stage 5.0 (TID 18) in 1150 ms on 192.168.1.204 (executor driver) (4/8)
2025-10-31 10:51:19 INFO  Executor:190 - Finished task 2.0 in stage 5.0 (TID 20). 2139 bytes result sent to driver
2025-10-31 10:51:19 DEBUG ExecutorMetricsPoller:204 - stageTCMP: (5, 0) -> 3
2025-10-31 10:51:19 INFO  TaskSetManager:190 - Finished task 2.0 in stage 5.0 (TID 20) in 1151 ms on 192.168.1.204 (executor driver) (5/8)
2025-10-31 10:51:19 INFO  Executor:190 - Finished task 4.0 in stage 5.0 (TID 22). 2139 bytes result sent to driver
2025-10-31 10:51:19 DEBUG ExecutorMetricsPoller:204 - stageTCMP: (5, 0) -> 2
2025-10-31 10:51:19 INFO  TaskSetManager:190 - Finished task 4.0 in stage 5.0 (TID 22) in 1157 ms on 192.168.1.204 (executor driver) (6/8)
2025-10-31 10:51:19 INFO  Executor:190 - Finished task 5.0 in stage 5.0 (TID 23). 2193 bytes result sent to driver
2025-10-31 10:51:19 DEBUG ExecutorMetricsPoller:204 - stageTCMP: (5, 0) -> 1
2025-10-31 10:51:19 INFO  TaskSetManager:190 - Finished task 5.0 in stage 5.0 (TID 23) in 1159 ms on 192.168.1.204 (executor driver) (7/8)
2025-10-31 10:51:19 INFO  Executor:190 - Finished task 1.0 in stage 5.0 (TID 19). 2139 bytes result sent to driver
2025-10-31 10:51:19 DEBUG ExecutorMetricsPoller:204 - stageTCMP: (5, 0) -> 0
2025-10-31 10:51:19 INFO  TaskSetManager:190 - Finished task 1.0 in stage 5.0 (TID 19) in 1180 ms on 192.168.1.204 (executor driver) (8/8)
2025-10-31 10:51:19 INFO  TaskSchedulerImpl:190 - Removed TaskSet 5.0 whose tasks have all completed, from pool 
2025-10-31 10:51:19 INFO  DAGScheduler:190 - ResultStage 5 (load at NativeMethodAccessorImpl.java:0) finished in 1191 ms
2025-10-31 10:51:19 DEBUG DAGScheduler:204 - After removal of stage 5, remaining stages = 0
2025-10-31 10:51:19 INFO  DAGScheduler:190 - Job 4 is finished. Cancelling potential speculative or zombie tasks for this job
2025-10-31 10:51:19 INFO  TaskSchedulerImpl:190 - Canceling stage 5
2025-10-31 10:51:19 INFO  TaskSchedulerImpl:190 - Killing all running tasks in stage 5: Stage finished
2025-10-31 10:51:19 INFO  DAGScheduler:190 - Job 4 finished: load at NativeMethodAccessorImpl.java:0, took 1193.602618 ms
2025-10-31 10:51:19 DEBUG ArtifactManager:204 - Not applying  classloader for session 7d44eae4-e2b6-4ac1-aaf5-8270abb7c4ab because alwaysApplyClassLoader=false, sessionArtifactAdded=false.
2025-10-31 10:51:19 INFO  FileSourceStrategy:190 - Pushed Filters: 
2025-10-31 10:51:19 INFO  FileSourceStrategy:190 - Post-Scan Filters: Set()
2025-10-31 10:51:19 WARN  SparkStringUtils:244 - Truncated the string representation of a plan since it was too large. This behavior can be adjusted by setting 'spark.sql.debug.maxToStringFields'.
2025-10-31 10:51:19 DEBUG WholeStageCodegenExec:204 - 
/* 001 */ public Object generate(Object[] references) {
/* 002 */   return new GeneratedIteratorForCodegenStage1(references);
/* 003 */ }
/* 004 */
/* 005 */ // codegenStageId=1
/* 006 */ final class GeneratedIteratorForCodegenStage1 extends org.apache.spark.sql.execution.BufferedRowIterator {
/* 007 */   private Object[] references;
/* 008 */   private scala.collection.Iterator[] inputs;
/* 009 */   private scala.collection.Iterator inputadapter_input_0;
/* 010 */   private org.apache.spark.sql.catalyst.expressions.codegen.UnsafeRowWriter[] project_mutableStateArray_0 = new org.apache.spark.sql.catalyst.expressions.codegen.UnsafeRowWriter[1];
/* 011 */
/* 012 */   public GeneratedIteratorForCodegenStage1(Object[] references) {
/* 013 */     this.references = references;
/* 014 */   }
/* 015 */
/* 016 */   public void init(int index, scala.collection.Iterator[] inputs) {
/* 017 */     partitionIndex = index;
/* 018 */     this.inputs = inputs;
/* 019 */     inputadapter_input_0 = inputs[0];
/* 020 */     project_mutableStateArray_0[0] = new org.apache.spark.sql.catalyst.expressions.codegen.UnsafeRowWriter(28, 896);
/* 021 */
/* 022 */   }
/* 023 */
/* 024 */   protected void processNext() throws java.io.IOException {
/* 025 */     while ( inputadapter_input_0.hasNext()) {
/* 026 */       InternalRow inputadapter_row_0 = (InternalRow) inputadapter_input_0.next();
/* 027 */
/* 028 */       // common sub-expressions
/* 029 */
/* 030 */       boolean inputadapter_isNull_0 = inputadapter_row_0.isNullAt(0);
/* 031 */       UTF8String inputadapter_value_0 = inputadapter_isNull_0 ?
/* 032 */       null : (inputadapter_row_0.getUTF8String(0));
/* 033 */       UTF8String project_value_0;
/* 034 */       if (inputadapter_isNull_0) {
/* 035 */         project_value_0 = UTF8String.fromString("NULL");
/* 036 */       } else {
/* 037 */         UTF8String project_tmp_0;
/* 038 */         project_tmp_0 = inputadapter_value_0;
/* 039 */         project_value_0 = project_tmp_0;
/* 040 */       }
/* 041 */       boolean inputadapter_isNull_1 = inputadapter_row_0.isNullAt(1);
/* 042 */       UTF8String inputadapter_value_1 = inputadapter_isNull_1 ?
/* 043 */       null : (inputadapter_row_0.getUTF8String(1));
/* 044 */       UTF8String project_value_2;
/* 045 */       if (inputadapter_isNull_1) {
/* 046 */         project_value_2 = UTF8String.fromString("NULL");
/* 047 */       } else {
/* 048 */         UTF8String project_tmp_1;
/* 049 */         project_tmp_1 = inputadapter_value_1;
/* 050 */         project_value_2 = project_tmp_1;
/* 051 */       }
/* 052 */       boolean inputadapter_isNull_2 = inputadapter_row_0.isNullAt(2);
/* 053 */       UTF8String inputadapter_value_2 = inputadapter_isNull_2 ?
/* 054 */       null : (inputadapter_row_0.getUTF8String(2));
/* 055 */       UTF8String project_value_4;
/* 056 */       if (inputadapter_isNull_2) {
/* 057 */         project_value_4 = UTF8String.fromString("NULL");
/* 058 */       } else {
/* 059 */         UTF8String project_tmp_2;
/* 060 */         project_tmp_2 = inputadapter_value_2;
/* 061 */         project_value_4 = project_tmp_2;
/* 062 */       }
/* 063 */       boolean inputadapter_isNull_3 = inputadapter_row_0.isNullAt(3);
/* 064 */       UTF8String inputadapter_value_3 = inputadapter_isNull_3 ?
/* 065 */       null : (inputadapter_row_0.getUTF8String(3));
/* 066 */       UTF8String project_value_6;
/* 067 */       if (inputadapter_isNull_3) {
/* 068 */         project_value_6 = UTF8String.fromString("NULL");
/* 069 */       } else {
/* 070 */         UTF8String project_tmp_3;
/* 071 */         project_tmp_3 = inputadapter_value_3;
/* 072 */         project_value_6 = project_tmp_3;
/* 073 */       }
/* 074 */       boolean inputadapter_isNull_4 = inputadapter_row_0.isNullAt(4);
/* 075 */       UTF8String inputadapter_value_4 = inputadapter_isNull_4 ?
/* 076 */       null : (inputadapter_row_0.getUTF8String(4));
/* 077 */       UTF8String project_value_8;
/* 078 */       if (inputadapter_isNull_4) {
/* 079 */         project_value_8 = UTF8String.fromString("NULL");
/* 080 */       } else {
/* 081 */         UTF8String project_tmp_4;
/* 082 */         project_tmp_4 = inputadapter_value_4;
/* 083 */         project_value_8 = project_tmp_4;
/* 084 */       }
/* 085 */       boolean inputadapter_isNull_5 = inputadapter_row_0.isNullAt(5);
/* 086 */       UTF8String inputadapter_value_5 = inputadapter_isNull_5 ?
/* 087 */       null : (inputadapter_row_0.getUTF8String(5));
/* 088 */       UTF8String project_value_10;
/* 089 */       if (inputadapter_isNull_5) {
/* 090 */         project_value_10 = UTF8String.fromString("NULL");
/* 091 */       } else {
/* 092 */         UTF8String project_tmp_5;
/* 093 */         project_tmp_5 = inputadapter_value_5;
/* 094 */         project_value_10 = project_tmp_5;
/* 095 */       }
/* 096 */       boolean inputadapter_isNull_6 = inputadapter_row_0.isNullAt(6);
/* 097 */       UTF8String inputadapter_value_6 = inputadapter_isNull_6 ?
/* 098 */       null : (inputadapter_row_0.getUTF8String(6));
/* 099 */       UTF8String project_value_12;
/* 100 */       if (inputadapter_isNull_6) {
/* 101 */         project_value_12 = UTF8String.fromString("NULL");
/* 102 */       } else {
/* 103 */         UTF8String project_tmp_6;
/* 104 */         project_tmp_6 = inputadapter_value_6;
/* 105 */         project_value_12 = project_tmp_6;
/* 106 */       }
/* 107 */       boolean inputadapter_isNull_7 = inputadapter_row_0.isNullAt(7);
/* 108 */       UTF8String inputadapter_value_7 = inputadapter_isNull_7 ?
/* 109 */       null : (inputadapter_row_0.getUTF8String(7));
/* 110 */       UTF8String project_value_14;
/* 111 */       if (inputadapter_isNull_7) {
/* 112 */         project_value_14 = UTF8String.fromString("NULL");
/* 113 */       } else {
/* 114 */         UTF8String project_tmp_7;
/* 115 */         project_tmp_7 = inputadapter_value_7;
/* 116 */         project_value_14 = project_tmp_7;
/* 117 */       }
/* 118 */       boolean inputadapter_isNull_8 = inputadapter_row_0.isNullAt(8);
/* 119 */       UTF8String inputadapter_value_8 = inputadapter_isNull_8 ?
/* 120 */       null : (inputadapter_row_0.getUTF8String(8));
/* 121 */       UTF8String project_value_16;
/* 122 */       if (inputadapter_isNull_8) {
/* 123 */         project_value_16 = UTF8String.fromString("NULL");
/* 124 */       } else {
/* 125 */         UTF8String project_tmp_8;
/* 126 */         project_tmp_8 = inputadapter_value_8;
/* 127 */         project_value_16 = project_tmp_8;
/* 128 */       }
/* 129 */       boolean inputadapter_isNull_9 = inputadapter_row_0.isNullAt(9);
/* 130 */       UTF8String inputadapter_value_9 = inputadapter_isNull_9 ?
/* 131 */       null : (inputadapter_row_0.getUTF8String(9));
/* 132 */       UTF8String project_value_18;
/* 133 */       if (inputadapter_isNull_9) {
/* 134 */         project_value_18 = UTF8String.fromString("NULL");
/* 135 */       } else {
/* 136 */         UTF8String project_tmp_9;
/* 137 */         project_tmp_9 = inputadapter_value_9;
/* 138 */         project_value_18 = project_tmp_9;
/* 139 */       }
/* 140 */       boolean inputadapter_isNull_10 = inputadapter_row_0.isNullAt(10);
/* 141 */       UTF8String inputadapter_value_10 = inputadapter_isNull_10 ?
/* 142 */       null : (inputadapter_row_0.getUTF8String(10));
/* 143 */       UTF8String project_value_20;
/* 144 */       if (inputadapter_isNull_10) {
/* 145 */         project_value_20 = UTF8String.fromString("NULL");
/* 146 */       } else {
/* 147 */         UTF8String project_tmp_10;
/* 148 */         project_tmp_10 = inputadapter_value_10;
/* 149 */         project_value_20 = project_tmp_10;
/* 150 */       }
/* 151 */       boolean inputadapter_isNull_11 = inputadapter_row_0.isNullAt(11);
/* 152 */       UTF8String inputadapter_value_11 = inputadapter_isNull_11 ?
/* 153 */       null : (inputadapter_row_0.getUTF8String(11));
/* 154 */       UTF8String project_value_22;
/* 155 */       if (inputadapter_isNull_11) {
/* 156 */         project_value_22 = UTF8String.fromString("NULL");
/* 157 */       } else {
/* 158 */         UTF8String project_tmp_11;
/* 159 */         project_tmp_11 = inputadapter_value_11;
/* 160 */         project_value_22 = project_tmp_11;
/* 161 */       }
/* 162 */       boolean inputadapter_isNull_12 = inputadapter_row_0.isNullAt(12);
/* 163 */       UTF8String inputadapter_value_12 = inputadapter_isNull_12 ?
/* 164 */       null : (inputadapter_row_0.getUTF8String(12));
/* 165 */       UTF8String project_value_24;
/* 166 */       if (inputadapter_isNull_12) {
/* 167 */         project_value_24 = UTF8String.fromString("NULL");
/* 168 */       } else {
/* 169 */         UTF8String project_tmp_12;
/* 170 */         project_tmp_12 = inputadapter_value_12;
/* 171 */         project_value_24 = project_tmp_12;
/* 172 */       }
/* 173 */       boolean inputadapter_isNull_13 = inputadapter_row_0.isNullAt(13);
/* 174 */       UTF8String inputadapter_value_13 = inputadapter_isNull_13 ?
/* 175 */       null : (inputadapter_row_0.getUTF8String(13));
/* 176 */       UTF8String project_value_26;
/* 177 */       if (inputadapter_isNull_13) {
/* 178 */         project_value_26 = UTF8String.fromString("NULL");
/* 179 */       } else {
/* 180 */         UTF8String project_tmp_13;
/* 181 */         project_tmp_13 = inputadapter_value_13;
/* 182 */         project_value_26 = project_tmp_13;
/* 183 */       }
/* 184 */       boolean inputadapter_isNull_14 = inputadapter_row_0.isNullAt(14);
/* 185 */       UTF8String inputadapter_value_14 = inputadapter_isNull_14 ?
/* 186 */       null : (inputadapter_row_0.getUTF8String(14));
/* 187 */       UTF8String project_value_28;
/* 188 */       if (inputadapter_isNull_14) {
/* 189 */         project_value_28 = UTF8String.fromString("NULL");
/* 190 */       } else {
/* 191 */         UTF8String project_tmp_14;
/* 192 */         project_tmp_14 = inputadapter_value_14;
/* 193 */         project_value_28 = project_tmp_14;
/* 194 */       }
/* 195 */       boolean inputadapter_isNull_15 = inputadapter_row_0.isNullAt(15);
/* 196 */       UTF8String inputadapter_value_15 = inputadapter_isNull_15 ?
/* 197 */       null : (inputadapter_row_0.getUTF8String(15));
/* 198 */       UTF8String project_value_30;
/* 199 */       if (inputadapter_isNull_15) {
/* 200 */         project_value_30 = UTF8String.fromString("NULL");
/* 201 */       } else {
/* 202 */         UTF8String project_tmp_15;
/* 203 */         project_tmp_15 = inputadapter_value_15;
/* 204 */         project_value_30 = project_tmp_15;
/* 205 */       }
/* 206 */       boolean inputadapter_isNull_16 = inputadapter_row_0.isNullAt(16);
/* 207 */       UTF8String inputadapter_value_16 = inputadapter_isNull_16 ?
/* 208 */       null : (inputadapter_row_0.getUTF8String(16));
/* 209 */       UTF8String project_value_32;
/* 210 */       if (inputadapter_isNull_16) {
/* 211 */         project_value_32 = UTF8String.fromString("NULL");
/* 212 */       } else {
/* 213 */         UTF8String project_tmp_16;
/* 214 */         project_tmp_16 = inputadapter_value_16;
/* 215 */         project_value_32 = project_tmp_16;
/* 216 */       }
/* 217 */       boolean inputadapter_isNull_17 = inputadapter_row_0.isNullAt(17);
/* 218 */       UTF8String inputadapter_value_17 = inputadapter_isNull_17 ?
/* 219 */       null : (inputadapter_row_0.getUTF8String(17));
/* 220 */       UTF8String project_value_34;
/* 221 */       if (inputadapter_isNull_17) {
/* 222 */         project_value_34 = UTF8String.fromString("NULL");
/* 223 */       } else {
/* 224 */         UTF8String project_tmp_17;
/* 225 */         project_tmp_17 = inputadapter_value_17;
/* 226 */         project_value_34 = project_tmp_17;
/* 227 */       }
/* 228 */       boolean inputadapter_isNull_18 = inputadapter_row_0.isNullAt(18);
/* 229 */       UTF8String inputadapter_value_18 = inputadapter_isNull_18 ?
/* 230 */       null : (inputadapter_row_0.getUTF8String(18));
/* 231 */       UTF8String project_value_36;
/* 232 */       if (inputadapter_isNull_18) {
/* 233 */         project_value_36 = UTF8String.fromString("NULL");
/* 234 */       } else {
/* 235 */         UTF8String project_tmp_18;
/* 236 */         project_tmp_18 = inputadapter_value_18;
/* 237 */         project_value_36 = project_tmp_18;
/* 238 */       }
/* 239 */       boolean inputadapter_isNull_19 = inputadapter_row_0.isNullAt(19);
/* 240 */       UTF8String inputadapter_value_19 = inputadapter_isNull_19 ?
/* 241 */       null : (inputadapter_row_0.getUTF8String(19));
/* 242 */       UTF8String project_value_38;
/* 243 */       if (inputadapter_isNull_19) {
/* 244 */         project_value_38 = UTF8String.fromString("NULL");
/* 245 */       } else {
/* 246 */         UTF8String project_tmp_19;
/* 247 */         project_tmp_19 = inputadapter_value_19;
/* 248 */         project_value_38 = project_tmp_19;
/* 249 */       }
/* 250 */       boolean inputadapter_isNull_20 = inputadapter_row_0.isNullAt(20);
/* 251 */       UTF8String inputadapter_value_20 = inputadapter_isNull_20 ?
/* 252 */       null : (inputadapter_row_0.getUTF8String(20));
/* 253 */       UTF8String project_value_40;
/* 254 */       if (inputadapter_isNull_20) {
/* 255 */         project_value_40 = UTF8String.fromString("NULL");
/* 256 */       } else {
/* 257 */         UTF8String project_tmp_20;
/* 258 */         project_tmp_20 = inputadapter_value_20;
/* 259 */         project_value_40 = project_tmp_20;
/* 260 */       }
/* 261 */       boolean inputadapter_isNull_21 = inputadapter_row_0.isNullAt(21);
/* 262 */       UTF8String inputadapter_value_21 = inputadapter_isNull_21 ?
/* 263 */       null : (inputadapter_row_0.getUTF8String(21));
/* 264 */       UTF8String project_value_42;
/* 265 */       if (inputadapter_isNull_21) {
/* 266 */         project_value_42 = UTF8String.fromString("NULL");
/* 267 */       } else {
/* 268 */         UTF8String project_tmp_21;
/* 269 */         project_tmp_21 = inputadapter_value_21;
/* 270 */         project_value_42 = project_tmp_21;
/* 271 */       }
/* 272 */       boolean inputadapter_isNull_22 = inputadapter_row_0.isNullAt(22);
/* 273 */       UTF8String inputadapter_value_22 = inputadapter_isNull_22 ?
/* 274 */       null : (inputadapter_row_0.getUTF8String(22));
/* 275 */       UTF8String project_value_44;
/* 276 */       if (inputadapter_isNull_22) {
/* 277 */         project_value_44 = UTF8String.fromString("NULL");
/* 278 */       } else {
/* 279 */         UTF8String project_tmp_22;
/* 280 */         project_tmp_22 = inputadapter_value_22;
/* 281 */         project_value_44 = project_tmp_22;
/* 282 */       }
/* 283 */       boolean inputadapter_isNull_23 = inputadapter_row_0.isNullAt(23);
/* 284 */       UTF8String inputadapter_value_23 = inputadapter_isNull_23 ?
/* 285 */       null : (inputadapter_row_0.getUTF8String(23));
/* 286 */       UTF8String project_value_46;
/* 287 */       if (inputadapter_isNull_23) {
/* 288 */         project_value_46 = UTF8String.fromString("NULL");
/* 289 */       } else {
/* 290 */         UTF8String project_tmp_23;
/* 291 */         project_tmp_23 = inputadapter_value_23;
/* 292 */         project_value_46 = project_tmp_23;
/* 293 */       }
/* 294 */       boolean inputadapter_isNull_24 = inputadapter_row_0.isNullAt(24);
/* 295 */       UTF8String inputadapter_value_24 = inputadapter_isNull_24 ?
/* 296 */       null : (inputadapter_row_0.getUTF8String(24));
/* 297 */       UTF8String project_value_48;
/* 298 */       if (inputadapter_isNull_24) {
/* 299 */         project_value_48 = UTF8String.fromString("NULL");
/* 300 */       } else {
/* 301 */         UTF8String project_tmp_24;
/* 302 */         project_tmp_24 = inputadapter_value_24;
/* 303 */         project_value_48 = project_tmp_24;
/* 304 */       }
/* 305 */       boolean inputadapter_isNull_25 = inputadapter_row_0.isNullAt(25);
/* 306 */       UTF8String inputadapter_value_25 = inputadapter_isNull_25 ?
/* 307 */       null : (inputadapter_row_0.getUTF8String(25));
/* 308 */       UTF8String project_value_50;
/* 309 */       if (inputadapter_isNull_25) {
/* 310 */         project_value_50 = UTF8String.fromString("NULL");
/* 311 */       } else {
/* 312 */         UTF8String project_tmp_25;
/* 313 */         project_tmp_25 = inputadapter_value_25;
/* 314 */         project_value_50 = project_tmp_25;
/* 315 */       }
/* 316 */       boolean inputadapter_isNull_26 = inputadapter_row_0.isNullAt(26);
/* 317 */       UTF8String inputadapter_value_26 = inputadapter_isNull_26 ?
/* 318 */       null : (inputadapter_row_0.getUTF8String(26));
/* 319 */       UTF8String project_value_52;
/* 320 */       if (inputadapter_isNull_26) {
/* 321 */         project_value_52 = UTF8String.fromString("NULL");
/* 322 */       } else {
/* 323 */         UTF8String project_tmp_26;
/* 324 */         project_tmp_26 = inputadapter_value_26;
/* 325 */         project_value_52 = project_tmp_26;
/* 326 */       }
/* 327 */       boolean inputadapter_isNull_27 = inputadapter_row_0.isNullAt(27);
/* 328 */       UTF8String inputadapter_value_27 = inputadapter_isNull_27 ?
/* 329 */       null : (inputadapter_row_0.getUTF8String(27));
/* 330 */       UTF8String project_value_54;
/* 331 */       if (inputadapter_isNull_27) {
/* 332 */         project_value_54 = UTF8String.fromString("NULL");
/* 333 */       } else {
/* 334 */         UTF8String project_tmp_27;
/* 335 */         project_tmp_27 = inputadapter_value_27;
/* 336 */         project_value_54 = project_tmp_27;
/* 337 */       }
/* 338 */       project_mutableStateArray_0[0].reset();
/* 339 */
/* 340 */       project_mutableStateArray_0[0].write(0, project_value_0);
/* 341 */
/* 342 */       project_mutableStateArray_0[0].write(1, project_value_2);
/* 343 */
/* 344 */       project_mutableStateArray_0[0].write(2, project_value_4);
/* 345 */
/* 346 */       project_mutableStateArray_0[0].write(3, project_value_6);
/* 347 */
/* 348 */       project_mutableStateArray_0[0].write(4, project_value_8);
/* 349 */
/* 350 */       project_mutableStateArray_0[0].write(5, project_value_10);
/* 351 */
/* 352 */       project_mutableStateArray_0[0].write(6, project_value_12);
/* 353 */
/* 354 */       project_mutableStateArray_0[0].write(7, project_value_14);
/* 355 */
/* 356 */       project_mutableStateArray_0[0].write(8, project_value_16);
/* 357 */
/* 358 */       project_mutableStateArray_0[0].write(9, project_value_18);
/* 359 */
/* 360 */       project_mutableStateArray_0[0].write(10, project_value_20);
/* 361 */
/* 362 */       project_mutableStateArray_0[0].write(11, project_value_22);
/* 363 */
/* 364 */       project_mutableStateArray_0[0].write(12, project_value_24);
/* 365 */
/* 366 */       project_mutableStateArray_0[0].write(13, project_value_26);
/* 367 */
/* 368 */       project_mutableStateArray_0[0].write(14, project_value_28);
/* 369 */
/* 370 */       project_mutableStateArray_0[0].write(15, project_value_30);
/* 371 */
/* 372 */       project_mutableStateArray_0[0].write(16, project_value_32);
/* 373 */
/* 374 */       project_mutableStateArray_0[0].write(17, project_value_34);
/* 375 */
/* 376 */       project_mutableStateArray_0[0].write(18, project_value_36);
/* 377 */
/* 378 */       project_mutableStateArray_0[0].write(19, project_value_38);
/* 379 */
/* 380 */       project_mutableStateArray_0[0].write(20, project_value_40);
/* 381 */
/* 382 */       project_mutableStateArray_0[0].write(21, project_value_42);
/* 383 */
/* 384 */       project_mutableStateArray_0[0].write(22, project_value_44);
/* 385 */
/* 386 */       project_mutableStateArray_0[0].write(23, project_value_46);
/* 387 */
/* 388 */       project_mutableStateArray_0[0].write(24, project_value_48);
/* 389 */
/* 390 */       project_mutableStateArray_0[0].write(25, project_value_50);
/* 391 */
/* 392 */       project_mutableStateArray_0[0].write(26, project_value_52);
/* 393 */
/* 394 */       project_mutableStateArray_0[0].write(27, project_value_54);
/* 395 */       append((project_mutableStateArray_0[0].getRow()));
/* 396 */       if (shouldStop()) return;
/* 397 */     }
/* 398 */   }
/* 399 */
/* 400 */ }

2025-10-31 10:51:19 DEBUG CodeGenerator:204 - 
/* 001 */ public Object generate(Object[] references) {
/* 002 */   return new GeneratedIteratorForCodegenStage1(references);
/* 003 */ }
/* 004 */
/* 005 */ // codegenStageId=1
/* 006 */ final class GeneratedIteratorForCodegenStage1 extends org.apache.spark.sql.execution.BufferedRowIterator {
/* 007 */   private Object[] references;
/* 008 */   private scala.collection.Iterator[] inputs;
/* 009 */   private scala.collection.Iterator inputadapter_input_0;
/* 010 */   private org.apache.spark.sql.catalyst.expressions.codegen.UnsafeRowWriter[] project_mutableStateArray_0 = new org.apache.spark.sql.catalyst.expressions.codegen.UnsafeRowWriter[1];
/* 011 */
/* 012 */   public GeneratedIteratorForCodegenStage1(Object[] references) {
/* 013 */     this.references = references;
/* 014 */   }
/* 015 */
/* 016 */   public void init(int index, scala.collection.Iterator[] inputs) {
/* 017 */     partitionIndex = index;
/* 018 */     this.inputs = inputs;
/* 019 */     inputadapter_input_0 = inputs[0];
/* 020 */     project_mutableStateArray_0[0] = new org.apache.spark.sql.catalyst.expressions.codegen.UnsafeRowWriter(28, 896);
/* 021 */
/* 022 */   }
/* 023 */
/* 024 */   protected void processNext() throws java.io.IOException {
/* 025 */     while ( inputadapter_input_0.hasNext()) {
/* 026 */       InternalRow inputadapter_row_0 = (InternalRow) inputadapter_input_0.next();
/* 027 */
/* 028 */       // common sub-expressions
/* 029 */
/* 030 */       boolean inputadapter_isNull_0 = inputadapter_row_0.isNullAt(0);
/* 031 */       UTF8String inputadapter_value_0 = inputadapter_isNull_0 ?
/* 032 */       null : (inputadapter_row_0.getUTF8String(0));
/* 033 */       UTF8String project_value_0;
/* 034 */       if (inputadapter_isNull_0) {
/* 035 */         project_value_0 = UTF8String.fromString("NULL");
/* 036 */       } else {
/* 037 */         UTF8String project_tmp_0;
/* 038 */         project_tmp_0 = inputadapter_value_0;
/* 039 */         project_value_0 = project_tmp_0;
/* 040 */       }
/* 041 */       boolean inputadapter_isNull_1 = inputadapter_row_0.isNullAt(1);
/* 042 */       UTF8String inputadapter_value_1 = inputadapter_isNull_1 ?
/* 043 */       null : (inputadapter_row_0.getUTF8String(1));
/* 044 */       UTF8String project_value_2;
/* 045 */       if (inputadapter_isNull_1) {
/* 046 */         project_value_2 = UTF8String.fromString("NULL");
/* 047 */       } else {
/* 048 */         UTF8String project_tmp_1;
/* 049 */         project_tmp_1 = inputadapter_value_1;
/* 050 */         project_value_2 = project_tmp_1;
/* 051 */       }
/* 052 */       boolean inputadapter_isNull_2 = inputadapter_row_0.isNullAt(2);
/* 053 */       UTF8String inputadapter_value_2 = inputadapter_isNull_2 ?
/* 054 */       null : (inputadapter_row_0.getUTF8String(2));
/* 055 */       UTF8String project_value_4;
/* 056 */       if (inputadapter_isNull_2) {
/* 057 */         project_value_4 = UTF8String.fromString("NULL");
/* 058 */       } else {
/* 059 */         UTF8String project_tmp_2;
/* 060 */         project_tmp_2 = inputadapter_value_2;
/* 061 */         project_value_4 = project_tmp_2;
/* 062 */       }
/* 063 */       boolean inputadapter_isNull_3 = inputadapter_row_0.isNullAt(3);
/* 064 */       UTF8String inputadapter_value_3 = inputadapter_isNull_3 ?
/* 065 */       null : (inputadapter_row_0.getUTF8String(3));
/* 066 */       UTF8String project_value_6;
/* 067 */       if (inputadapter_isNull_3) {
/* 068 */         project_value_6 = UTF8String.fromString("NULL");
/* 069 */       } else {
/* 070 */         UTF8String project_tmp_3;
/* 071 */         project_tmp_3 = inputadapter_value_3;
/* 072 */         project_value_6 = project_tmp_3;
/* 073 */       }
/* 074 */       boolean inputadapter_isNull_4 = inputadapter_row_0.isNullAt(4);
/* 075 */       UTF8String inputadapter_value_4 = inputadapter_isNull_4 ?
/* 076 */       null : (inputadapter_row_0.getUTF8String(4));
/* 077 */       UTF8String project_value_8;
/* 078 */       if (inputadapter_isNull_4) {
/* 079 */         project_value_8 = UTF8String.fromString("NULL");
/* 080 */       } else {
/* 081 */         UTF8String project_tmp_4;
/* 082 */         project_tmp_4 = inputadapter_value_4;
/* 083 */         project_value_8 = project_tmp_4;
/* 084 */       }
/* 085 */       boolean inputadapter_isNull_5 = inputadapter_row_0.isNullAt(5);
/* 086 */       UTF8String inputadapter_value_5 = inputadapter_isNull_5 ?
/* 087 */       null : (inputadapter_row_0.getUTF8String(5));
/* 088 */       UTF8String project_value_10;
/* 089 */       if (inputadapter_isNull_5) {
/* 090 */         project_value_10 = UTF8String.fromString("NULL");
/* 091 */       } else {
/* 092 */         UTF8String project_tmp_5;
/* 093 */         project_tmp_5 = inputadapter_value_5;
/* 094 */         project_value_10 = project_tmp_5;
/* 095 */       }
/* 096 */       boolean inputadapter_isNull_6 = inputadapter_row_0.isNullAt(6);
/* 097 */       UTF8String inputadapter_value_6 = inputadapter_isNull_6 ?
/* 098 */       null : (inputadapter_row_0.getUTF8String(6));
/* 099 */       UTF8String project_value_12;
/* 100 */       if (inputadapter_isNull_6) {
/* 101 */         project_value_12 = UTF8String.fromString("NULL");
/* 102 */       } else {
/* 103 */         UTF8String project_tmp_6;
/* 104 */         project_tmp_6 = inputadapter_value_6;
/* 105 */         project_value_12 = project_tmp_6;
/* 106 */       }
/* 107 */       boolean inputadapter_isNull_7 = inputadapter_row_0.isNullAt(7);
/* 108 */       UTF8String inputadapter_value_7 = inputadapter_isNull_7 ?
/* 109 */       null : (inputadapter_row_0.getUTF8String(7));
/* 110 */       UTF8String project_value_14;
/* 111 */       if (inputadapter_isNull_7) {
/* 112 */         project_value_14 = UTF8String.fromString("NULL");
/* 113 */       } else {
/* 114 */         UTF8String project_tmp_7;
/* 115 */         project_tmp_7 = inputadapter_value_7;
/* 116 */         project_value_14 = project_tmp_7;
/* 117 */       }
/* 118 */       boolean inputadapter_isNull_8 = inputadapter_row_0.isNullAt(8);
/* 119 */       UTF8String inputadapter_value_8 = inputadapter_isNull_8 ?
/* 120 */       null : (inputadapter_row_0.getUTF8String(8));
/* 121 */       UTF8String project_value_16;
/* 122 */       if (inputadapter_isNull_8) {
/* 123 */         project_value_16 = UTF8String.fromString("NULL");
/* 124 */       } else {
/* 125 */         UTF8String project_tmp_8;
/* 126 */         project_tmp_8 = inputadapter_value_8;
/* 127 */         project_value_16 = project_tmp_8;
/* 128 */       }
/* 129 */       boolean inputadapter_isNull_9 = inputadapter_row_0.isNullAt(9);
/* 130 */       UTF8String inputadapter_value_9 = inputadapter_isNull_9 ?
/* 131 */       null : (inputadapter_row_0.getUTF8String(9));
/* 132 */       UTF8String project_value_18;
/* 133 */       if (inputadapter_isNull_9) {
/* 134 */         project_value_18 = UTF8String.fromString("NULL");
/* 135 */       } else {
/* 136 */         UTF8String project_tmp_9;
/* 137 */         project_tmp_9 = inputadapter_value_9;
/* 138 */         project_value_18 = project_tmp_9;
/* 139 */       }
/* 140 */       boolean inputadapter_isNull_10 = inputadapter_row_0.isNullAt(10);
/* 141 */       UTF8String inputadapter_value_10 = inputadapter_isNull_10 ?
/* 142 */       null : (inputadapter_row_0.getUTF8String(10));
/* 143 */       UTF8String project_value_20;
/* 144 */       if (inputadapter_isNull_10) {
/* 145 */         project_value_20 = UTF8String.fromString("NULL");
/* 146 */       } else {
/* 147 */         UTF8String project_tmp_10;
/* 148 */         project_tmp_10 = inputadapter_value_10;
/* 149 */         project_value_20 = project_tmp_10;
/* 150 */       }
/* 151 */       boolean inputadapter_isNull_11 = inputadapter_row_0.isNullAt(11);
/* 152 */       UTF8String inputadapter_value_11 = inputadapter_isNull_11 ?
/* 153 */       null : (inputadapter_row_0.getUTF8String(11));
/* 154 */       UTF8String project_value_22;
/* 155 */       if (inputadapter_isNull_11) {
/* 156 */         project_value_22 = UTF8String.fromString("NULL");
/* 157 */       } else {
/* 158 */         UTF8String project_tmp_11;
/* 159 */         project_tmp_11 = inputadapter_value_11;
/* 160 */         project_value_22 = project_tmp_11;
/* 161 */       }
/* 162 */       boolean inputadapter_isNull_12 = inputadapter_row_0.isNullAt(12);
/* 163 */       UTF8String inputadapter_value_12 = inputadapter_isNull_12 ?
/* 164 */       null : (inputadapter_row_0.getUTF8String(12));
/* 165 */       UTF8String project_value_24;
/* 166 */       if (inputadapter_isNull_12) {
/* 167 */         project_value_24 = UTF8String.fromString("NULL");
/* 168 */       } else {
/* 169 */         UTF8String project_tmp_12;
/* 170 */         project_tmp_12 = inputadapter_value_12;
/* 171 */         project_value_24 = project_tmp_12;
/* 172 */       }
/* 173 */       boolean inputadapter_isNull_13 = inputadapter_row_0.isNullAt(13);
/* 174 */       UTF8String inputadapter_value_13 = inputadapter_isNull_13 ?
/* 175 */       null : (inputadapter_row_0.getUTF8String(13));
/* 176 */       UTF8String project_value_26;
/* 177 */       if (inputadapter_isNull_13) {
/* 178 */         project_value_26 = UTF8String.fromString("NULL");
/* 179 */       } else {
/* 180 */         UTF8String project_tmp_13;
/* 181 */         project_tmp_13 = inputadapter_value_13;
/* 182 */         project_value_26 = project_tmp_13;
/* 183 */       }
/* 184 */       boolean inputadapter_isNull_14 = inputadapter_row_0.isNullAt(14);
/* 185 */       UTF8String inputadapter_value_14 = inputadapter_isNull_14 ?
/* 186 */       null : (inputadapter_row_0.getUTF8String(14));
/* 187 */       UTF8String project_value_28;
/* 188 */       if (inputadapter_isNull_14) {
/* 189 */         project_value_28 = UTF8String.fromString("NULL");
/* 190 */       } else {
/* 191 */         UTF8String project_tmp_14;
/* 192 */         project_tmp_14 = inputadapter_value_14;
/* 193 */         project_value_28 = project_tmp_14;
/* 194 */       }
/* 195 */       boolean inputadapter_isNull_15 = inputadapter_row_0.isNullAt(15);
/* 196 */       UTF8String inputadapter_value_15 = inputadapter_isNull_15 ?
/* 197 */       null : (inputadapter_row_0.getUTF8String(15));
/* 198 */       UTF8String project_value_30;
/* 199 */       if (inputadapter_isNull_15) {
/* 200 */         project_value_30 = UTF8String.fromString("NULL");
/* 201 */       } else {
/* 202 */         UTF8String project_tmp_15;
/* 203 */         project_tmp_15 = inputadapter_value_15;
/* 204 */         project_value_30 = project_tmp_15;
/* 205 */       }
/* 206 */       boolean inputadapter_isNull_16 = inputadapter_row_0.isNullAt(16);
/* 207 */       UTF8String inputadapter_value_16 = inputadapter_isNull_16 ?
/* 208 */       null : (inputadapter_row_0.getUTF8String(16));
/* 209 */       UTF8String project_value_32;
/* 210 */       if (inputadapter_isNull_16) {
/* 211 */         project_value_32 = UTF8String.fromString("NULL");
/* 212 */       } else {
/* 213 */         UTF8String project_tmp_16;
/* 214 */         project_tmp_16 = inputadapter_value_16;
/* 215 */         project_value_32 = project_tmp_16;
/* 216 */       }
/* 217 */       boolean inputadapter_isNull_17 = inputadapter_row_0.isNullAt(17);
/* 218 */       UTF8String inputadapter_value_17 = inputadapter_isNull_17 ?
/* 219 */       null : (inputadapter_row_0.getUTF8String(17));
/* 220 */       UTF8String project_value_34;
/* 221 */       if (inputadapter_isNull_17) {
/* 222 */         project_value_34 = UTF8String.fromString("NULL");
/* 223 */       } else {
/* 224 */         UTF8String project_tmp_17;
/* 225 */         project_tmp_17 = inputadapter_value_17;
/* 226 */         project_value_34 = project_tmp_17;
/* 227 */       }
/* 228 */       boolean inputadapter_isNull_18 = inputadapter_row_0.isNullAt(18);
/* 229 */       UTF8String inputadapter_value_18 = inputadapter_isNull_18 ?
/* 230 */       null : (inputadapter_row_0.getUTF8String(18));
/* 231 */       UTF8String project_value_36;
/* 232 */       if (inputadapter_isNull_18) {
/* 233 */         project_value_36 = UTF8String.fromString("NULL");
/* 234 */       } else {
/* 235 */         UTF8String project_tmp_18;
/* 236 */         project_tmp_18 = inputadapter_value_18;
/* 237 */         project_value_36 = project_tmp_18;
/* 238 */       }
/* 239 */       boolean inputadapter_isNull_19 = inputadapter_row_0.isNullAt(19);
/* 240 */       UTF8String inputadapter_value_19 = inputadapter_isNull_19 ?
/* 241 */       null : (inputadapter_row_0.getUTF8String(19));
/* 242 */       UTF8String project_value_38;
/* 243 */       if (inputadapter_isNull_19) {
/* 244 */         project_value_38 = UTF8String.fromString("NULL");
/* 245 */       } else {
/* 246 */         UTF8String project_tmp_19;
/* 247 */         project_tmp_19 = inputadapter_value_19;
/* 248 */         project_value_38 = project_tmp_19;
/* 249 */       }
/* 250 */       boolean inputadapter_isNull_20 = inputadapter_row_0.isNullAt(20);
/* 251 */       UTF8String inputadapter_value_20 = inputadapter_isNull_20 ?
/* 252 */       null : (inputadapter_row_0.getUTF8String(20));
/* 253 */       UTF8String project_value_40;
/* 254 */       if (inputadapter_isNull_20) {
/* 255 */         project_value_40 = UTF8String.fromString("NULL");
/* 256 */       } else {
/* 257 */         UTF8String project_tmp_20;
/* 258 */         project_tmp_20 = inputadapter_value_20;
/* 259 */         project_value_40 = project_tmp_20;
/* 260 */       }
/* 261 */       boolean inputadapter_isNull_21 = inputadapter_row_0.isNullAt(21);
/* 262 */       UTF8String inputadapter_value_21 = inputadapter_isNull_21 ?
/* 263 */       null : (inputadapter_row_0.getUTF8String(21));
/* 264 */       UTF8String project_value_42;
/* 265 */       if (inputadapter_isNull_21) {
/* 266 */         project_value_42 = UTF8String.fromString("NULL");
/* 267 */       } else {
/* 268 */         UTF8String project_tmp_21;
/* 269 */         project_tmp_21 = inputadapter_value_21;
/* 270 */         project_value_42 = project_tmp_21;
/* 271 */       }
/* 272 */       boolean inputadapter_isNull_22 = inputadapter_row_0.isNullAt(22);
/* 273 */       UTF8String inputadapter_value_22 = inputadapter_isNull_22 ?
/* 274 */       null : (inputadapter_row_0.getUTF8String(22));
/* 275 */       UTF8String project_value_44;
/* 276 */       if (inputadapter_isNull_22) {
/* 277 */         project_value_44 = UTF8String.fromString("NULL");
/* 278 */       } else {
/* 279 */         UTF8String project_tmp_22;
/* 280 */         project_tmp_22 = inputadapter_value_22;
/* 281 */         project_value_44 = project_tmp_22;
/* 282 */       }
/* 283 */       boolean inputadapter_isNull_23 = inputadapter_row_0.isNullAt(23);
/* 284 */       UTF8String inputadapter_value_23 = inputadapter_isNull_23 ?
/* 285 */       null : (inputadapter_row_0.getUTF8String(23));
/* 286 */       UTF8String project_value_46;
/* 287 */       if (inputadapter_isNull_23) {
/* 288 */         project_value_46 = UTF8String.fromString("NULL");
/* 289 */       } else {
/* 290 */         UTF8String project_tmp_23;
/* 291 */         project_tmp_23 = inputadapter_value_23;
/* 292 */         project_value_46 = project_tmp_23;
/* 293 */       }
/* 294 */       boolean inputadapter_isNull_24 = inputadapter_row_0.isNullAt(24);
/* 295 */       UTF8String inputadapter_value_24 = inputadapter_isNull_24 ?
/* 296 */       null : (inputadapter_row_0.getUTF8String(24));
/* 297 */       UTF8String project_value_48;
/* 298 */       if (inputadapter_isNull_24) {
/* 299 */         project_value_48 = UTF8String.fromString("NULL");
/* 300 */       } else {
/* 301 */         UTF8String project_tmp_24;
/* 302 */         project_tmp_24 = inputadapter_value_24;
/* 303 */         project_value_48 = project_tmp_24;
/* 304 */       }
/* 305 */       boolean inputadapter_isNull_25 = inputadapter_row_0.isNullAt(25);
/* 306 */       UTF8String inputadapter_value_25 = inputadapter_isNull_25 ?
/* 307 */       null : (inputadapter_row_0.getUTF8String(25));
/* 308 */       UTF8String project_value_50;
/* 309 */       if (inputadapter_isNull_25) {
/* 310 */         project_value_50 = UTF8String.fromString("NULL");
/* 311 */       } else {
/* 312 */         UTF8String project_tmp_25;
/* 313 */         project_tmp_25 = inputadapter_value_25;
/* 314 */         project_value_50 = project_tmp_25;
/* 315 */       }
/* 316 */       boolean inputadapter_isNull_26 = inputadapter_row_0.isNullAt(26);
/* 317 */       UTF8String inputadapter_value_26 = inputadapter_isNull_26 ?
/* 318 */       null : (inputadapter_row_0.getUTF8String(26));
/* 319 */       UTF8String project_value_52;
/* 320 */       if (inputadapter_isNull_26) {
/* 321 */         project_value_52 = UTF8String.fromString("NULL");
/* 322 */       } else {
/* 323 */         UTF8String project_tmp_26;
/* 324 */         project_tmp_26 = inputadapter_value_26;
/* 325 */         project_value_52 = project_tmp_26;
/* 326 */       }
/* 327 */       boolean inputadapter_isNull_27 = inputadapter_row_0.isNullAt(27);
/* 328 */       UTF8String inputadapter_value_27 = inputadapter_isNull_27 ?
/* 329 */       null : (inputadapter_row_0.getUTF8String(27));
/* 330 */       UTF8String project_value_54;
/* 331 */       if (inputadapter_isNull_27) {
/* 332 */         project_value_54 = UTF8String.fromString("NULL");
/* 333 */       } else {
/* 334 */         UTF8String project_tmp_27;
/* 335 */         project_tmp_27 = inputadapter_value_27;
/* 336 */         project_value_54 = project_tmp_27;
/* 337 */       }
/* 338 */       project_mutableStateArray_0[0].reset();
/* 339 */
/* 340 */       project_mutableStateArray_0[0].write(0, project_value_0);
/* 341 */
/* 342 */       project_mutableStateArray_0[0].write(1, project_value_2);
/* 343 */
/* 344 */       project_mutableStateArray_0[0].write(2, project_value_4);
/* 345 */
/* 346 */       project_mutableStateArray_0[0].write(3, project_value_6);
/* 347 */
/* 348 */       project_mutableStateArray_0[0].write(4, project_value_8);
/* 349 */
/* 350 */       project_mutableStateArray_0[0].write(5, project_value_10);
/* 351 */
/* 352 */       project_mutableStateArray_0[0].write(6, project_value_12);
/* 353 */
/* 354 */       project_mutableStateArray_0[0].write(7, project_value_14);
/* 355 */
/* 356 */       project_mutableStateArray_0[0].write(8, project_value_16);
/* 357 */
/* 358 */       project_mutableStateArray_0[0].write(9, project_value_18);
/* 359 */
/* 360 */       project_mutableStateArray_0[0].write(10, project_value_20);
/* 361 */
/* 362 */       project_mutableStateArray_0[0].write(11, project_value_22);
/* 363 */
/* 364 */       project_mutableStateArray_0[0].write(12, project_value_24);
/* 365 */
/* 366 */       project_mutableStateArray_0[0].write(13, project_value_26);
/* 367 */
/* 368 */       project_mutableStateArray_0[0].write(14, project_value_28);
/* 369 */
/* 370 */       project_mutableStateArray_0[0].write(15, project_value_30);
/* 371 */
/* 372 */       project_mutableStateArray_0[0].write(16, project_value_32);
/* 373 */
/* 374 */       project_mutableStateArray_0[0].write(17, project_value_34);
/* 375 */
/* 376 */       project_mutableStateArray_0[0].write(18, project_value_36);
/* 377 */
/* 378 */       project_mutableStateArray_0[0].write(19, project_value_38);
/* 379 */
/* 380 */       project_mutableStateArray_0[0].write(20, project_value_40);
/* 381 */
/* 382 */       project_mutableStateArray_0[0].write(21, project_value_42);
/* 383 */
/* 384 */       project_mutableStateArray_0[0].write(22, project_value_44);
/* 385 */
/* 386 */       project_mutableStateArray_0[0].write(23, project_value_46);
/* 387 */
/* 388 */       project_mutableStateArray_0[0].write(24, project_value_48);
/* 389 */
/* 390 */       project_mutableStateArray_0[0].write(25, project_value_50);
/* 391 */
/* 392 */       project_mutableStateArray_0[0].write(26, project_value_52);
/* 393 */
/* 394 */       project_mutableStateArray_0[0].write(27, project_value_54);
/* 395 */       append((project_mutableStateArray_0[0].getRow()));
/* 396 */       if (shouldStop()) return;
/* 397 */     }
/* 398 */   }
/* 399 */
/* 400 */ }

2025-10-31 10:51:19 INFO  CodeGenerator:190 - Code generated in 12.042893 ms
2025-10-31 10:51:19 INFO  MemoryStore:190 - Block broadcast_7 stored as values in memory (estimated size 213.5 KiB, free 433.9 MiB)
2025-10-31 10:51:19 DEBUG BlockManager:204 - Put block broadcast_7 locally took 2 ms
2025-10-31 10:51:19 DEBUG BlockManager:204 - Putting block broadcast_7 without replication took 2 ms
2025-10-31 10:51:19 INFO  MemoryStore:190 - Block broadcast_7_piece0 stored as bytes in memory (estimated size 38.2 KiB, free 433.9 MiB)
2025-10-31 10:51:19 DEBUG BlockManagerMasterEndpoint:204 - Updating block info on master broadcast_7_piece0 for BlockManagerId(driver, 192.168.1.204, 42851, None)
2025-10-31 10:51:19 DEBUG BlockManagerInfo:210 - Added broadcast_7_piece0 in memory on 192.168.1.204:42851 (size: 38.2 KiB, free: 434.3 MiB)
2025-10-31 10:51:19 DEBUG BlockManagerMaster:204 - Updated info of block broadcast_7_piece0
2025-10-31 10:51:19 DEBUG BlockManager:204 - Told master about block broadcast_7_piece0
2025-10-31 10:51:19 DEBUG BlockManager:204 - Put block broadcast_7_piece0 locally took 1 ms
2025-10-31 10:51:19 DEBUG BlockManager:204 - Putting block broadcast_7_piece0 without replication took 1 ms
2025-10-31 10:51:19 INFO  SparkContext:190 - Created broadcast 7 from showString at NativeMethodAccessorImpl.java:0
2025-10-31 10:51:19 INFO  FileSourceScanExec:190 - Planning scan with bin packing, max size: 6090553 bytes, open cost is considered as scanning 4194304 bytes.
2025-10-31 10:51:19 DEBUG ClosureCleaner:204 - Cleaning indylambda closure: $anonfun$doExecute$4$adapted
2025-10-31 10:51:19 DEBUG ClosureCleaner:204 -  +++ indylambda closure ($anonfun$doExecute$4$adapted) is now cleaned +++
2025-10-31 10:51:19 DEBUG ClosureCleaner:204 - Cleaning indylambda closure: $anonfun$executeTake$2
2025-10-31 10:51:19 DEBUG ClosureCleaner:204 - Cleaning indylambda closure: $anonfun$runJob$5
2025-10-31 10:51:19 DEBUG ClosureCleaner:204 -  +++ indylambda closure ($anonfun$runJob$5) is now cleaned +++
2025-10-31 10:51:19 INFO  SparkContext:190 - Starting job: showString at NativeMethodAccessorImpl.java:0
2025-10-31 10:51:19 DEBUG DAGScheduler:204 - eagerlyComputePartitionsForRddAndAncestors for RDD 28 took 0.000033 seconds
2025-10-31 10:51:19 DEBUG DAGScheduler:204 - Merging stage rdd profiles: HashSet()
2025-10-31 10:51:19 INFO  DAGScheduler:190 - Got job 5 (showString at NativeMethodAccessorImpl.java:0) with 1 output partitions
2025-10-31 10:51:19 INFO  DAGScheduler:190 - Final stage: ResultStage 6 (showString at NativeMethodAccessorImpl.java:0)
2025-10-31 10:51:19 INFO  DAGScheduler:190 - Parents of final stage: List()
2025-10-31 10:51:19 INFO  DAGScheduler:190 - Missing parents: List()
2025-10-31 10:51:19 DEBUG DAGScheduler:204 - submitStage(ResultStage 6 (name=showString at NativeMethodAccessorImpl.java:0;jobs=5))
2025-10-31 10:51:19 DEBUG DAGScheduler:204 - missing: List()
2025-10-31 10:51:19 INFO  DAGScheduler:190 - Submitting ResultStage 6 (MapPartitionsRDD[28] at showString at NativeMethodAccessorImpl.java:0), which has no missing parents
2025-10-31 10:51:19 DEBUG DAGScheduler:204 - submitMissingTasks(ResultStage 6)
2025-10-31 10:51:19 INFO  MemoryStore:190 - Block broadcast_8 stored as values in memory (estimated size 30.8 KiB, free 433.8 MiB)
2025-10-31 10:51:19 DEBUG BlockManager:204 - Put block broadcast_8 locally took 0 ms
2025-10-31 10:51:19 DEBUG BlockManager:204 - Putting block broadcast_8 without replication took 0 ms
2025-10-31 10:51:19 INFO  MemoryStore:190 - Block broadcast_8_piece0 stored as bytes in memory (estimated size 10.8 KiB, free 433.8 MiB)
2025-10-31 10:51:19 DEBUG BlockManagerMasterEndpoint:204 - Updating block info on master broadcast_8_piece0 for BlockManagerId(driver, 192.168.1.204, 42851, None)
2025-10-31 10:51:19 DEBUG BlockManagerInfo:210 - Added broadcast_8_piece0 in memory on 192.168.1.204:42851 (size: 10.8 KiB, free: 434.3 MiB)
2025-10-31 10:51:19 DEBUG BlockManagerMaster:204 - Updated info of block broadcast_8_piece0
2025-10-31 10:51:19 DEBUG BlockManager:204 - Told master about block broadcast_8_piece0
2025-10-31 10:51:19 DEBUG BlockManager:204 - Put block broadcast_8_piece0 locally took 0 ms
2025-10-31 10:51:19 DEBUG BlockManager:204 - Putting block broadcast_8_piece0 without replication took 0 ms
2025-10-31 10:51:19 INFO  SparkContext:190 - Created broadcast 8 from broadcast at DAGScheduler.scala:1676
2025-10-31 10:51:19 INFO  DAGScheduler:190 - Submitting 1 missing tasks from ResultStage 6 (MapPartitionsRDD[28] at showString at NativeMethodAccessorImpl.java:0) (first 15 tasks are for partitions Vector(0))
2025-10-31 10:51:19 INFO  TaskSchedulerImpl:190 - Adding task set 6.0 with 1 tasks resource profile 0
2025-10-31 10:51:19 DEBUG TaskSetManager:204 - Epoch for TaskSet 6.0: 1
2025-10-31 10:51:19 DEBUG TaskSetManager:204 - Adding pending tasks took 0 ms
2025-10-31 10:51:19 DEBUG TaskSetManager:204 - Valid locality levels for TaskSet 6.0: NO_PREF, ANY
2025-10-31 10:51:19 DEBUG TaskSchedulerImpl:204 - parentName: , name: TaskSet_6.0, runningTasks: 0
2025-10-31 10:51:19 INFO  TaskSetManager:190 - Starting task 0.0 in stage 6.0 (TID 26) (192.168.1.204,executor driver, partition 0, PROCESS_LOCAL, 10567 bytes) 
2025-10-31 10:51:19 DEBUG TaskSetManager:204 - No tasks for locality level NO_PREF, so moving to locality level ANY
2025-10-31 10:51:19 INFO  Executor:190 - Running task 0.0 in stage 6.0 (TID 26)
2025-10-31 10:51:19 DEBUG ExecutorMetricsPoller:204 - stageTCMP: (6, 0) -> 1
2025-10-31 10:51:19 DEBUG BlockManager:204 - Getting local block broadcast_8
2025-10-31 10:51:19 DEBUG BlockManager:204 - Level for block broadcast_8 is StorageLevel(disk, memory, deserialized, 1 replicas)
2025-10-31 10:51:19 DEBUG CodeGenerator:204 - 
/* 001 */ public Object generate(Object[] references) {
/* 002 */   return new GeneratedIteratorForCodegenStage1(references);
/* 003 */ }
/* 004 */
/* 005 */ // codegenStageId=1
/* 006 */ final class GeneratedIteratorForCodegenStage1 extends org.apache.spark.sql.execution.BufferedRowIterator {
/* 007 */   private Object[] references;
/* 008 */   private scala.collection.Iterator[] inputs;
/* 009 */   private scala.collection.Iterator inputadapter_input_0;
/* 010 */   private org.apache.spark.sql.catalyst.expressions.codegen.UnsafeRowWriter[] project_mutableStateArray_0 = new org.apache.spark.sql.catalyst.expressions.codegen.UnsafeRowWriter[1];
/* 011 */
/* 012 */   public GeneratedIteratorForCodegenStage1(Object[] references) {
/* 013 */     this.references = references;
/* 014 */   }
/* 015 */
/* 016 */   public void init(int index, scala.collection.Iterator[] inputs) {
/* 017 */     partitionIndex = index;
/* 018 */     this.inputs = inputs;
/* 019 */     inputadapter_input_0 = inputs[0];
/* 020 */     project_mutableStateArray_0[0] = new org.apache.spark.sql.catalyst.expressions.codegen.UnsafeRowWriter(28, 896);
/* 021 */
/* 022 */   }
/* 023 */
/* 024 */   protected void processNext() throws java.io.IOException {
/* 025 */     while ( inputadapter_input_0.hasNext()) {
/* 026 */       InternalRow inputadapter_row_0 = (InternalRow) inputadapter_input_0.next();
/* 027 */
/* 028 */       // common sub-expressions
/* 029 */
/* 030 */       boolean inputadapter_isNull_0 = inputadapter_row_0.isNullAt(0);
/* 031 */       UTF8String inputadapter_value_0 = inputadapter_isNull_0 ?
/* 032 */       null : (inputadapter_row_0.getUTF8String(0));
/* 033 */       UTF8String project_value_0;
/* 034 */       if (inputadapter_isNull_0) {
/* 035 */         project_value_0 = UTF8String.fromString("NULL");
/* 036 */       } else {
/* 037 */         UTF8String project_tmp_0;
/* 038 */         project_tmp_0 = inputadapter_value_0;
/* 039 */         project_value_0 = project_tmp_0;
/* 040 */       }
/* 041 */       boolean inputadapter_isNull_1 = inputadapter_row_0.isNullAt(1);
/* 042 */       UTF8String inputadapter_value_1 = inputadapter_isNull_1 ?
/* 043 */       null : (inputadapter_row_0.getUTF8String(1));
/* 044 */       UTF8String project_value_2;
/* 045 */       if (inputadapter_isNull_1) {
/* 046 */         project_value_2 = UTF8String.fromString("NULL");
/* 047 */       } else {
/* 048 */         UTF8String project_tmp_1;
/* 049 */         project_tmp_1 = inputadapter_value_1;
/* 050 */         project_value_2 = project_tmp_1;
/* 051 */       }
/* 052 */       boolean inputadapter_isNull_2 = inputadapter_row_0.isNullAt(2);
/* 053 */       UTF8String inputadapter_value_2 = inputadapter_isNull_2 ?
/* 054 */       null : (inputadapter_row_0.getUTF8String(2));
/* 055 */       UTF8String project_value_4;
/* 056 */       if (inputadapter_isNull_2) {
/* 057 */         project_value_4 = UTF8String.fromString("NULL");
/* 058 */       } else {
/* 059 */         UTF8String project_tmp_2;
/* 060 */         project_tmp_2 = inputadapter_value_2;
/* 061 */         project_value_4 = project_tmp_2;
/* 062 */       }
/* 063 */       boolean inputadapter_isNull_3 = inputadapter_row_0.isNullAt(3);
/* 064 */       UTF8String inputadapter_value_3 = inputadapter_isNull_3 ?
/* 065 */       null : (inputadapter_row_0.getUTF8String(3));
/* 066 */       UTF8String project_value_6;
/* 067 */       if (inputadapter_isNull_3) {
/* 068 */         project_value_6 = UTF8String.fromString("NULL");
/* 069 */       } else {
/* 070 */         UTF8String project_tmp_3;
/* 071 */         project_tmp_3 = inputadapter_value_3;
/* 072 */         project_value_6 = project_tmp_3;
/* 073 */       }
/* 074 */       boolean inputadapter_isNull_4 = inputadapter_row_0.isNullAt(4);
/* 075 */       UTF8String inputadapter_value_4 = inputadapter_isNull_4 ?
/* 076 */       null : (inputadapter_row_0.getUTF8String(4));
/* 077 */       UTF8String project_value_8;
/* 078 */       if (inputadapter_isNull_4) {
/* 079 */         project_value_8 = UTF8String.fromString("NULL");
/* 080 */       } else {
/* 081 */         UTF8String project_tmp_4;
/* 082 */         project_tmp_4 = inputadapter_value_4;
/* 083 */         project_value_8 = project_tmp_4;
/* 084 */       }
/* 085 */       boolean inputadapter_isNull_5 = inputadapter_row_0.isNullAt(5);
/* 086 */       UTF8String inputadapter_value_5 = inputadapter_isNull_5 ?
/* 087 */       null : (inputadapter_row_0.getUTF8String(5));
/* 088 */       UTF8String project_value_10;
/* 089 */       if (inputadapter_isNull_5) {
/* 090 */         project_value_10 = UTF8String.fromString("NULL");
/* 091 */       } else {
/* 092 */         UTF8String project_tmp_5;
/* 093 */         project_tmp_5 = inputadapter_value_5;
/* 094 */         project_value_10 = project_tmp_5;
/* 095 */       }
/* 096 */       boolean inputadapter_isNull_6 = inputadapter_row_0.isNullAt(6);
/* 097 */       UTF8String inputadapter_value_6 = inputadapter_isNull_6 ?
/* 098 */       null : (inputadapter_row_0.getUTF8String(6));
/* 099 */       UTF8String project_value_12;
/* 100 */       if (inputadapter_isNull_6) {
/* 101 */         project_value_12 = UTF8String.fromString("NULL");
/* 102 */       } else {
/* 103 */         UTF8String project_tmp_6;
/* 104 */         project_tmp_6 = inputadapter_value_6;
/* 105 */         project_value_12 = project_tmp_6;
/* 106 */       }
/* 107 */       boolean inputadapter_isNull_7 = inputadapter_row_0.isNullAt(7);
/* 108 */       UTF8String inputadapter_value_7 = inputadapter_isNull_7 ?
/* 109 */       null : (inputadapter_row_0.getUTF8String(7));
/* 110 */       UTF8String project_value_14;
/* 111 */       if (inputadapter_isNull_7) {
/* 112 */         project_value_14 = UTF8String.fromString("NULL");
/* 113 */       } else {
/* 114 */         UTF8String project_tmp_7;
/* 115 */         project_tmp_7 = inputadapter_value_7;
/* 116 */         project_value_14 = project_tmp_7;
/* 117 */       }
/* 118 */       boolean inputadapter_isNull_8 = inputadapter_row_0.isNullAt(8);
/* 119 */       UTF8String inputadapter_value_8 = inputadapter_isNull_8 ?
/* 120 */       null : (inputadapter_row_0.getUTF8String(8));
/* 121 */       UTF8String project_value_16;
/* 122 */       if (inputadapter_isNull_8) {
/* 123 */         project_value_16 = UTF8String.fromString("NULL");
/* 124 */       } else {
/* 125 */         UTF8String project_tmp_8;
/* 126 */         project_tmp_8 = inputadapter_value_8;
/* 127 */         project_value_16 = project_tmp_8;
/* 128 */       }
/* 129 */       boolean inputadapter_isNull_9 = inputadapter_row_0.isNullAt(9);
/* 130 */       UTF8String inputadapter_value_9 = inputadapter_isNull_9 ?
/* 131 */       null : (inputadapter_row_0.getUTF8String(9));
/* 132 */       UTF8String project_value_18;
/* 133 */       if (inputadapter_isNull_9) {
/* 134 */         project_value_18 = UTF8String.fromString("NULL");
/* 135 */       } else {
/* 136 */         UTF8String project_tmp_9;
/* 137 */         project_tmp_9 = inputadapter_value_9;
/* 138 */         project_value_18 = project_tmp_9;
/* 139 */       }
/* 140 */       boolean inputadapter_isNull_10 = inputadapter_row_0.isNullAt(10);
/* 141 */       UTF8String inputadapter_value_10 = inputadapter_isNull_10 ?
/* 142 */       null : (inputadapter_row_0.getUTF8String(10));
/* 143 */       UTF8String project_value_20;
/* 144 */       if (inputadapter_isNull_10) {
/* 145 */         project_value_20 = UTF8String.fromString("NULL");
/* 146 */       } else {
/* 147 */         UTF8String project_tmp_10;
/* 148 */         project_tmp_10 = inputadapter_value_10;
/* 149 */         project_value_20 = project_tmp_10;
/* 150 */       }
/* 151 */       boolean inputadapter_isNull_11 = inputadapter_row_0.isNullAt(11);
/* 152 */       UTF8String inputadapter_value_11 = inputadapter_isNull_11 ?
/* 153 */       null : (inputadapter_row_0.getUTF8String(11));
/* 154 */       UTF8String project_value_22;
/* 155 */       if (inputadapter_isNull_11) {
/* 156 */         project_value_22 = UTF8String.fromString("NULL");
/* 157 */       } else {
/* 158 */         UTF8String project_tmp_11;
/* 159 */         project_tmp_11 = inputadapter_value_11;
/* 160 */         project_value_22 = project_tmp_11;
/* 161 */       }
/* 162 */       boolean inputadapter_isNull_12 = inputadapter_row_0.isNullAt(12);
/* 163 */       UTF8String inputadapter_value_12 = inputadapter_isNull_12 ?
/* 164 */       null : (inputadapter_row_0.getUTF8String(12));
/* 165 */       UTF8String project_value_24;
/* 166 */       if (inputadapter_isNull_12) {
/* 167 */         project_value_24 = UTF8String.fromString("NULL");
/* 168 */       } else {
/* 169 */         UTF8String project_tmp_12;
/* 170 */         project_tmp_12 = inputadapter_value_12;
/* 171 */         project_value_24 = project_tmp_12;
/* 172 */       }
/* 173 */       boolean inputadapter_isNull_13 = inputadapter_row_0.isNullAt(13);
/* 174 */       UTF8String inputadapter_value_13 = inputadapter_isNull_13 ?
/* 175 */       null : (inputadapter_row_0.getUTF8String(13));
/* 176 */       UTF8String project_value_26;
/* 177 */       if (inputadapter_isNull_13) {
/* 178 */         project_value_26 = UTF8String.fromString("NULL");
/* 179 */       } else {
/* 180 */         UTF8String project_tmp_13;
/* 181 */         project_tmp_13 = inputadapter_value_13;
/* 182 */         project_value_26 = project_tmp_13;
/* 183 */       }
/* 184 */       boolean inputadapter_isNull_14 = inputadapter_row_0.isNullAt(14);
/* 185 */       UTF8String inputadapter_value_14 = inputadapter_isNull_14 ?
/* 186 */       null : (inputadapter_row_0.getUTF8String(14));
/* 187 */       UTF8String project_value_28;
/* 188 */       if (inputadapter_isNull_14) {
/* 189 */         project_value_28 = UTF8String.fromString("NULL");
/* 190 */       } else {
/* 191 */         UTF8String project_tmp_14;
/* 192 */         project_tmp_14 = inputadapter_value_14;
/* 193 */         project_value_28 = project_tmp_14;
/* 194 */       }
/* 195 */       boolean inputadapter_isNull_15 = inputadapter_row_0.isNullAt(15);
/* 196 */       UTF8String inputadapter_value_15 = inputadapter_isNull_15 ?
/* 197 */       null : (inputadapter_row_0.getUTF8String(15));
/* 198 */       UTF8String project_value_30;
/* 199 */       if (inputadapter_isNull_15) {
/* 200 */         project_value_30 = UTF8String.fromString("NULL");
/* 201 */       } else {
/* 202 */         UTF8String project_tmp_15;
/* 203 */         project_tmp_15 = inputadapter_value_15;
/* 204 */         project_value_30 = project_tmp_15;
/* 205 */       }
/* 206 */       boolean inputadapter_isNull_16 = inputadapter_row_0.isNullAt(16);
/* 207 */       UTF8String inputadapter_value_16 = inputadapter_isNull_16 ?
/* 208 */       null : (inputadapter_row_0.getUTF8String(16));
/* 209 */       UTF8String project_value_32;
/* 210 */       if (inputadapter_isNull_16) {
/* 211 */         project_value_32 = UTF8String.fromString("NULL");
/* 212 */       } else {
/* 213 */         UTF8String project_tmp_16;
/* 214 */         project_tmp_16 = inputadapter_value_16;
/* 215 */         project_value_32 = project_tmp_16;
/* 216 */       }
/* 217 */       boolean inputadapter_isNull_17 = inputadapter_row_0.isNullAt(17);
/* 218 */       UTF8String inputadapter_value_17 = inputadapter_isNull_17 ?
/* 219 */       null : (inputadapter_row_0.getUTF8String(17));
/* 220 */       UTF8String project_value_34;
/* 221 */       if (inputadapter_isNull_17) {
/* 222 */         project_value_34 = UTF8String.fromString("NULL");
/* 223 */       } else {
/* 224 */         UTF8String project_tmp_17;
/* 225 */         project_tmp_17 = inputadapter_value_17;
/* 226 */         project_value_34 = project_tmp_17;
/* 227 */       }
/* 228 */       boolean inputadapter_isNull_18 = inputadapter_row_0.isNullAt(18);
/* 229 */       UTF8String inputadapter_value_18 = inputadapter_isNull_18 ?
/* 230 */       null : (inputadapter_row_0.getUTF8String(18));
/* 231 */       UTF8String project_value_36;
/* 232 */       if (inputadapter_isNull_18) {
/* 233 */         project_value_36 = UTF8String.fromString("NULL");
/* 234 */       } else {
/* 235 */         UTF8String project_tmp_18;
/* 236 */         project_tmp_18 = inputadapter_value_18;
/* 237 */         project_value_36 = project_tmp_18;
/* 238 */       }
/* 239 */       boolean inputadapter_isNull_19 = inputadapter_row_0.isNullAt(19);
/* 240 */       UTF8String inputadapter_value_19 = inputadapter_isNull_19 ?
/* 241 */       null : (inputadapter_row_0.getUTF8String(19));
/* 242 */       UTF8String project_value_38;
/* 243 */       if (inputadapter_isNull_19) {
/* 244 */         project_value_38 = UTF8String.fromString("NULL");
/* 245 */       } else {
/* 246 */         UTF8String project_tmp_19;
/* 247 */         project_tmp_19 = inputadapter_value_19;
/* 248 */         project_value_38 = project_tmp_19;
/* 249 */       }
/* 250 */       boolean inputadapter_isNull_20 = inputadapter_row_0.isNullAt(20);
/* 251 */       UTF8String inputadapter_value_20 = inputadapter_isNull_20 ?
/* 252 */       null : (inputadapter_row_0.getUTF8String(20));
/* 253 */       UTF8String project_value_40;
/* 254 */       if (inputadapter_isNull_20) {
/* 255 */         project_value_40 = UTF8String.fromString("NULL");
/* 256 */       } else {
/* 257 */         UTF8String project_tmp_20;
/* 258 */         project_tmp_20 = inputadapter_value_20;
/* 259 */         project_value_40 = project_tmp_20;
/* 260 */       }
/* 261 */       boolean inputadapter_isNull_21 = inputadapter_row_0.isNullAt(21);
/* 262 */       UTF8String inputadapter_value_21 = inputadapter_isNull_21 ?
/* 263 */       null : (inputadapter_row_0.getUTF8String(21));
/* 264 */       UTF8String project_value_42;
/* 265 */       if (inputadapter_isNull_21) {
/* 266 */         project_value_42 = UTF8String.fromString("NULL");
/* 267 */       } else {
/* 268 */         UTF8String project_tmp_21;
/* 269 */         project_tmp_21 = inputadapter_value_21;
/* 270 */         project_value_42 = project_tmp_21;
/* 271 */       }
/* 272 */       boolean inputadapter_isNull_22 = inputadapter_row_0.isNullAt(22);
/* 273 */       UTF8String inputadapter_value_22 = inputadapter_isNull_22 ?
/* 274 */       null : (inputadapter_row_0.getUTF8String(22));
/* 275 */       UTF8String project_value_44;
/* 276 */       if (inputadapter_isNull_22) {
/* 277 */         project_value_44 = UTF8String.fromString("NULL");
/* 278 */       } else {
/* 279 */         UTF8String project_tmp_22;
/* 280 */         project_tmp_22 = inputadapter_value_22;
/* 281 */         project_value_44 = project_tmp_22;
/* 282 */       }
/* 283 */       boolean inputadapter_isNull_23 = inputadapter_row_0.isNullAt(23);
/* 284 */       UTF8String inputadapter_value_23 = inputadapter_isNull_23 ?
/* 285 */       null : (inputadapter_row_0.getUTF8String(23));
/* 286 */       UTF8String project_value_46;
/* 287 */       if (inputadapter_isNull_23) {
/* 288 */         project_value_46 = UTF8String.fromString("NULL");
/* 289 */       } else {
/* 290 */         UTF8String project_tmp_23;
/* 291 */         project_tmp_23 = inputadapter_value_23;
/* 292 */         project_value_46 = project_tmp_23;
/* 293 */       }
/* 294 */       boolean inputadapter_isNull_24 = inputadapter_row_0.isNullAt(24);
/* 295 */       UTF8String inputadapter_value_24 = inputadapter_isNull_24 ?
/* 296 */       null : (inputadapter_row_0.getUTF8String(24));
/* 297 */       UTF8String project_value_48;
/* 298 */       if (inputadapter_isNull_24) {
/* 299 */         project_value_48 = UTF8String.fromString("NULL");
/* 300 */       } else {
/* 301 */         UTF8String project_tmp_24;
/* 302 */         project_tmp_24 = inputadapter_value_24;
/* 303 */         project_value_48 = project_tmp_24;
/* 304 */       }
/* 305 */       boolean inputadapter_isNull_25 = inputadapter_row_0.isNullAt(25);
/* 306 */       UTF8String inputadapter_value_25 = inputadapter_isNull_25 ?
/* 307 */       null : (inputadapter_row_0.getUTF8String(25));
/* 308 */       UTF8String project_value_50;
/* 309 */       if (inputadapter_isNull_25) {
/* 310 */         project_value_50 = UTF8String.fromString("NULL");
/* 311 */       } else {
/* 312 */         UTF8String project_tmp_25;
/* 313 */         project_tmp_25 = inputadapter_value_25;
/* 314 */         project_value_50 = project_tmp_25;
/* 315 */       }
/* 316 */       boolean inputadapter_isNull_26 = inputadapter_row_0.isNullAt(26);
/* 317 */       UTF8String inputadapter_value_26 = inputadapter_isNull_26 ?
/* 318 */       null : (inputadapter_row_0.getUTF8String(26));
/* 319 */       UTF8String project_value_52;
/* 320 */       if (inputadapter_isNull_26) {
/* 321 */         project_value_52 = UTF8String.fromString("NULL");
/* 322 */       } else {
/* 323 */         UTF8String project_tmp_26;
/* 324 */         project_tmp_26 = inputadapter_value_26;
/* 325 */         project_value_52 = project_tmp_26;
/* 326 */       }
/* 327 */       boolean inputadapter_isNull_27 = inputadapter_row_0.isNullAt(27);
/* 328 */       UTF8String inputadapter_value_27 = inputadapter_isNull_27 ?
/* 329 */       null : (inputadapter_row_0.getUTF8String(27));
/* 330 */       UTF8String project_value_54;
/* 331 */       if (inputadapter_isNull_27) {
/* 332 */         project_value_54 = UTF8String.fromString("NULL");
/* 333 */       } else {
/* 334 */         UTF8String project_tmp_27;
/* 335 */         project_tmp_27 = inputadapter_value_27;
/* 336 */         project_value_54 = project_tmp_27;
/* 337 */       }
/* 338 */       project_mutableStateArray_0[0].reset();
/* 339 */
/* 340 */       project_mutableStateArray_0[0].write(0, project_value_0);
/* 341 */
/* 342 */       project_mutableStateArray_0[0].write(1, project_value_2);
/* 343 */
/* 344 */       project_mutableStateArray_0[0].write(2, project_value_4);
/* 345 */
/* 346 */       project_mutableStateArray_0[0].write(3, project_value_6);
/* 347 */
/* 348 */       project_mutableStateArray_0[0].write(4, project_value_8);
/* 349 */
/* 350 */       project_mutableStateArray_0[0].write(5, project_value_10);
/* 351 */
/* 352 */       project_mutableStateArray_0[0].write(6, project_value_12);
/* 353 */
/* 354 */       project_mutableStateArray_0[0].write(7, project_value_14);
/* 355 */
/* 356 */       project_mutableStateArray_0[0].write(8, project_value_16);
/* 357 */
/* 358 */       project_mutableStateArray_0[0].write(9, project_value_18);
/* 359 */
/* 360 */       project_mutableStateArray_0[0].write(10, project_value_20);
/* 361 */
/* 362 */       project_mutableStateArray_0[0].write(11, project_value_22);
/* 363 */
/* 364 */       project_mutableStateArray_0[0].write(12, project_value_24);
/* 365 */
/* 366 */       project_mutableStateArray_0[0].write(13, project_value_26);
/* 367 */
/* 368 */       project_mutableStateArray_0[0].write(14, project_value_28);
/* 369 */
/* 370 */       project_mutableStateArray_0[0].write(15, project_value_30);
/* 371 */
/* 372 */       project_mutableStateArray_0[0].write(16, project_value_32);
/* 373 */
/* 374 */       project_mutableStateArray_0[0].write(17, project_value_34);
/* 375 */
/* 376 */       project_mutableStateArray_0[0].write(18, project_value_36);
/* 377 */
/* 378 */       project_mutableStateArray_0[0].write(19, project_value_38);
/* 379 */
/* 380 */       project_mutableStateArray_0[0].write(20, project_value_40);
/* 381 */
/* 382 */       project_mutableStateArray_0[0].write(21, project_value_42);
/* 383 */
/* 384 */       project_mutableStateArray_0[0].write(22, project_value_44);
/* 385 */
/* 386 */       project_mutableStateArray_0[0].write(23, project_value_46);
/* 387 */
/* 388 */       project_mutableStateArray_0[0].write(24, project_value_48);
/* 389 */
/* 390 */       project_mutableStateArray_0[0].write(25, project_value_50);
/* 391 */
/* 392 */       project_mutableStateArray_0[0].write(26, project_value_52);
/* 393 */
/* 394 */       project_mutableStateArray_0[0].write(27, project_value_54);
/* 395 */       append((project_mutableStateArray_0[0].getRow()));
/* 396 */       if (shouldStop()) return;
/* 397 */     }
/* 398 */   }
/* 399 */
/* 400 */ }

2025-10-31 10:51:19 INFO  CodeGenerator:190 - Code generated in 17.821451 ms
2025-10-31 10:51:19 INFO  FileScanRDD:190 - Reading File path: file:///home/aditya/github/Deep-learning-prerequisite/pyspark/Spark_programming_model/notebook/dataset/sf-fire-calls.csv, range: 0-6090553, partition values: [empty row]
2025-10-31 10:51:19 DEBUG GenerateUnsafeProjection:204 - code for input[0, string, true],input[1, string, true],input[2, string, true],input[3, string, true],input[4, string, true],input[5, string, true],input[6, string, true],input[7, string, true],input[8, string, true],input[9, string, true],input[10, string, true],input[11, string, true],input[12, string, true],input[13, string, true],input[14, string, true],input[15, string, true],input[16, string, true],input[17, string, true],input[18, string, true],input[19, string, true],input[20, string, true],input[21, string, true],input[22, string, true],input[23, string, true],input[24, string, true],input[25, string, true],input[26, string, true],input[27, string, true]:
/* 001 */ public java.lang.Object generate(Object[] references) {
/* 002 */   return new SpecificUnsafeProjection(references);
/* 003 */ }
/* 004 */
/* 005 */ class SpecificUnsafeProjection extends org.apache.spark.sql.catalyst.expressions.UnsafeProjection {
/* 006 */
/* 007 */   private Object[] references;
/* 008 */   private org.apache.spark.sql.catalyst.expressions.codegen.UnsafeRowWriter[] mutableStateArray_0 = new org.apache.spark.sql.catalyst.expressions.codegen.UnsafeRowWriter[1];
/* 009 */
/* 010 */   public SpecificUnsafeProjection(Object[] references) {
/* 011 */     this.references = references;
/* 012 */     mutableStateArray_0[0] = new org.apache.spark.sql.catalyst.expressions.codegen.UnsafeRowWriter(28, 896);
/* 013 */
/* 014 */   }
/* 015 */
/* 016 */   public void initialize(int partitionIndex) {
/* 017 */
/* 018 */   }
/* 019 */
/* 020 */   // Scala.Function1 need this
/* 021 */   public java.lang.Object apply(java.lang.Object row) {
/* 022 */     return apply((InternalRow) row);
/* 023 */   }
/* 024 */
/* 025 */   public UnsafeRow apply(InternalRow i) {
/* 026 */     mutableStateArray_0[0].reset();
/* 027 */
/* 028 */
/* 029 */     mutableStateArray_0[0].zeroOutNullBytes();
/* 030 */     writeFields_0_0(i);
/* 031 */     writeFields_0_1(i);
/* 032 */     writeFields_0_2(i);
/* 033 */     writeFields_0_3(i);
/* 034 */     writeFields_0_4(i);
/* 035 */     writeFields_0_5(i);
/* 036 */     return (mutableStateArray_0[0].getRow());
/* 037 */   }
/* 038 */
/* 039 */
/* 040 */   private void writeFields_0_2(InternalRow i) {
/* 041 */
/* 042 */     boolean isNull_10 = i.isNullAt(10);
/* 043 */     UTF8String value_10 = isNull_10 ?
/* 044 */     null : (i.getUTF8String(10));
/* 045 */     if (isNull_10) {
/* 046 */       mutableStateArray_0[0].setNullAt(10);
/* 047 */     } else {
/* 048 */       mutableStateArray_0[0].write(10, value_10);
/* 049 */     }
/* 050 */
/* 051 */     boolean isNull_11 = i.isNullAt(11);
/* 052 */     UTF8String value_11 = isNull_11 ?
/* 053 */     null : (i.getUTF8String(11));
/* 054 */     if (isNull_11) {
/* 055 */       mutableStateArray_0[0].setNullAt(11);
/* 056 */     } else {
/* 057 */       mutableStateArray_0[0].write(11, value_11);
/* 058 */     }
/* 059 */
/* 060 */     boolean isNull_12 = i.isNullAt(12);
/* 061 */     UTF8String value_12 = isNull_12 ?
/* 062 */     null : (i.getUTF8String(12));
/* 063 */     if (isNull_12) {
/* 064 */       mutableStateArray_0[0].setNullAt(12);
/* 065 */     } else {
/* 066 */       mutableStateArray_0[0].write(12, value_12);
/* 067 */     }
/* 068 */
/* 069 */     boolean isNull_13 = i.isNullAt(13);
/* 070 */     UTF8String value_13 = isNull_13 ?
/* 071 */     null : (i.getUTF8String(13));
/* 072 */     if (isNull_13) {
/* 073 */       mutableStateArray_0[0].setNullAt(13);
/* 074 */     } else {
/* 075 */       mutableStateArray_0[0].write(13, value_13);
/* 076 */     }
/* 077 */
/* 078 */     boolean isNull_14 = i.isNullAt(14);
/* 079 */     UTF8String value_14 = isNull_14 ?
/* 080 */     null : (i.getUTF8String(14));
/* 081 */     if (isNull_14) {
/* 082 */       mutableStateArray_0[0].setNullAt(14);
/* 083 */     } else {
/* 084 */       mutableStateArray_0[0].write(14, value_14);
/* 085 */     }
/* 086 */
/* 087 */   }
/* 088 */
/* 089 */
/* 090 */   private void writeFields_0_3(InternalRow i) {
/* 091 */
/* 092 */     boolean isNull_15 = i.isNullAt(15);
/* 093 */     UTF8String value_15 = isNull_15 ?
/* 094 */     null : (i.getUTF8String(15));
/* 095 */     if (isNull_15) {
/* 096 */       mutableStateArray_0[0].setNullAt(15);
/* 097 */     } else {
/* 098 */       mutableStateArray_0[0].write(15, value_15);
/* 099 */     }
/* 100 */
/* 101 */     boolean isNull_16 = i.isNullAt(16);
/* 102 */     UTF8String value_16 = isNull_16 ?
/* 103 */     null : (i.getUTF8String(16));
/* 104 */     if (isNull_16) {
/* 105 */       mutableStateArray_0[0].setNullAt(16);
/* 106 */     } else {
/* 107 */       mutableStateArray_0[0].write(16, value_16);
/* 108 */     }
/* 109 */
/* 110 */     boolean isNull_17 = i.isNullAt(17);
/* 111 */     UTF8String value_17 = isNull_17 ?
/* 112 */     null : (i.getUTF8String(17));
/* 113 */     if (isNull_17) {
/* 114 */       mutableStateArray_0[0].setNullAt(17);
/* 115 */     } else {
/* 116 */       mutableStateArray_0[0].write(17, value_17);
/* 117 */     }
/* 118 */
/* 119 */     boolean isNull_18 = i.isNullAt(18);
/* 120 */     UTF8String value_18 = isNull_18 ?
/* 121 */     null : (i.getUTF8String(18));
/* 122 */     if (isNull_18) {
/* 123 */       mutableStateArray_0[0].setNullAt(18);
/* 124 */     } else {
/* 125 */       mutableStateArray_0[0].write(18, value_18);
/* 126 */     }
/* 127 */
/* 128 */     boolean isNull_19 = i.isNullAt(19);
/* 129 */     UTF8String value_19 = isNull_19 ?
/* 130 */     null : (i.getUTF8String(19));
/* 131 */     if (isNull_19) {
/* 132 */       mutableStateArray_0[0].setNullAt(19);
/* 133 */     } else {
/* 134 */       mutableStateArray_0[0].write(19, value_19);
/* 135 */     }
/* 136 */
/* 137 */   }
/* 138 */
/* 139 */
/* 140 */   private void writeFields_0_4(InternalRow i) {
/* 141 */
/* 142 */     boolean isNull_20 = i.isNullAt(20);
/* 143 */     UTF8String value_20 = isNull_20 ?
/* 144 */     null : (i.getUTF8String(20));
/* 145 */     if (isNull_20) {
/* 146 */       mutableStateArray_0[0].setNullAt(20);
/* 147 */     } else {
/* 148 */       mutableStateArray_0[0].write(20, value_20);
/* 149 */     }
/* 150 */
/* 151 */     boolean isNull_21 = i.isNullAt(21);
/* 152 */     UTF8String value_21 = isNull_21 ?
/* 153 */     null : (i.getUTF8String(21));
/* 154 */     if (isNull_21) {
/* 155 */       mutableStateArray_0[0].setNullAt(21);
/* 156 */     } else {
/* 157 */       mutableStateArray_0[0].write(21, value_21);
/* 158 */     }
/* 159 */
/* 160 */     boolean isNull_22 = i.isNullAt(22);
/* 161 */     UTF8String value_22 = isNull_22 ?
/* 162 */     null : (i.getUTF8String(22));
/* 163 */     if (isNull_22) {
/* 164 */       mutableStateArray_0[0].setNullAt(22);
/* 165 */     } else {
/* 166 */       mutableStateArray_0[0].write(22, value_22);
/* 167 */     }
/* 168 */
/* 169 */     boolean isNull_23 = i.isNullAt(23);
/* 170 */     UTF8String value_23 = isNull_23 ?
/* 171 */     null : (i.getUTF8String(23));
/* 172 */     if (isNull_23) {
/* 173 */       mutableStateArray_0[0].setNullAt(23);
/* 174 */     } else {
/* 175 */       mutableStateArray_0[0].write(23, value_23);
/* 176 */     }
/* 177 */
/* 178 */     boolean isNull_24 = i.isNullAt(24);
/* 179 */     UTF8String value_24 = isNull_24 ?
/* 180 */     null : (i.getUTF8String(24));
/* 181 */     if (isNull_24) {
/* 182 */       mutableStateArray_0[0].setNullAt(24);
/* 183 */     } else {
/* 184 */       mutableStateArray_0[0].write(24, value_24);
/* 185 */     }
/* 186 */
/* 187 */   }
/* 188 */
/* 189 */
/* 190 */   private void writeFields_0_5(InternalRow i) {
/* 191 */
/* 192 */     boolean isNull_25 = i.isNullAt(25);
/* 193 */     UTF8String value_25 = isNull_25 ?
/* 194 */     null : (i.getUTF8String(25));
/* 195 */     if (isNull_25) {
/* 196 */       mutableStateArray_0[0].setNullAt(25);
/* 197 */     } else {
/* 198 */       mutableStateArray_0[0].write(25, value_25);
/* 199 */     }
/* 200 */
/* 201 */     boolean isNull_26 = i.isNullAt(26);
/* 202 */     UTF8String value_26 = isNull_26 ?
/* 203 */     null : (i.getUTF8String(26));
/* 204 */     if (isNull_26) {
/* 205 */       mutableStateArray_0[0].setNullAt(26);
/* 206 */     } else {
/* 207 */       mutableStateArray_0[0].write(26, value_26);
/* 208 */     }
/* 209 */
/* 210 */     boolean isNull_27 = i.isNullAt(27);
/* 211 */     UTF8String value_27 = isNull_27 ?
/* 212 */     null : (i.getUTF8String(27));
/* 213 */     if (isNull_27) {
/* 214 */       mutableStateArray_0[0].setNullAt(27);
/* 215 */     } else {
/* 216 */       mutableStateArray_0[0].write(27, value_27);
/* 217 */     }
/* 218 */
/* 219 */   }
/* 220 */
/* 221 */
/* 222 */   private void writeFields_0_0(InternalRow i) {
/* 223 */
/* 224 */     boolean isNull_0 = i.isNullAt(0);
/* 225 */     UTF8String value_0 = isNull_0 ?
/* 226 */     null : (i.getUTF8String(0));
/* 227 */     if (isNull_0) {
/* 228 */       mutableStateArray_0[0].setNullAt(0);
/* 229 */     } else {
/* 230 */       mutableStateArray_0[0].write(0, value_0);
/* 231 */     }
/* 232 */
/* 233 */     boolean isNull_1 = i.isNullAt(1);
/* 234 */     UTF8String value_1 = isNull_1 ?
/* 235 */     null : (i.getUTF8String(1));
/* 236 */     if (isNull_1) {
/* 237 */       mutableStateArray_0[0].setNullAt(1);
/* 238 */     } else {
/* 239 */       mutableStateArray_0[0].write(1, value_1);
/* 240 */     }
/* 241 */
/* 242 */     boolean isNull_2 = i.isNullAt(2);
/* 243 */     UTF8String value_2 = isNull_2 ?
/* 244 */     null : (i.getUTF8String(2));
/* 245 */     if (isNull_2) {
/* 246 */       mutableStateArray_0[0].setNullAt(2);
/* 247 */     } else {
/* 248 */       mutableStateArray_0[0].write(2, value_2);
/* 249 */     }
/* 250 */
/* 251 */     boolean isNull_3 = i.isNullAt(3);
/* 252 */     UTF8String value_3 = isNull_3 ?
/* 253 */     null : (i.getUTF8String(3));
/* 254 */     if (isNull_3) {
/* 255 */       mutableStateArray_0[0].setNullAt(3);
/* 256 */     } else {
/* 257 */       mutableStateArray_0[0].write(3, value_3);
/* 258 */     }
/* 259 */
/* 260 */     boolean isNull_4 = i.isNullAt(4);
/* 261 */     UTF8String value_4 = isNull_4 ?
/* 262 */     null : (i.getUTF8String(4));
/* 263 */     if (isNull_4) {
/* 264 */       mutableStateArray_0[0].setNullAt(4);
/* 265 */     } else {
/* 266 */       mutableStateArray_0[0].write(4, value_4);
/* 267 */     }
/* 268 */
/* 269 */   }
/* 270 */
/* 271 */
/* 272 */   private void writeFields_0_1(InternalRow i) {
/* 273 */
/* 274 */     boolean isNull_5 = i.isNullAt(5);
/* 275 */     UTF8String value_5 = isNull_5 ?
/* 276 */     null : (i.getUTF8String(5));
/* 277 */     if (isNull_5) {
/* 278 */       mutableStateArray_0[0].setNullAt(5);
/* 279 */     } else {
/* 280 */       mutableStateArray_0[0].write(5, value_5);
/* 281 */     }
/* 282 */
/* 283 */     boolean isNull_6 = i.isNullAt(6);
/* 284 */     UTF8String value_6 = isNull_6 ?
/* 285 */     null : (i.getUTF8String(6));
/* 286 */     if (isNull_6) {
/* 287 */       mutableStateArray_0[0].setNullAt(6);
/* 288 */     } else {
/* 289 */       mutableStateArray_0[0].write(6, value_6);
/* 290 */     }
/* 291 */
/* 292 */     boolean isNull_7 = i.isNullAt(7);
/* 293 */     UTF8String value_7 = isNull_7 ?
/* 294 */     null : (i.getUTF8String(7));
/* 295 */     if (isNull_7) {
/* 296 */       mutableStateArray_0[0].setNullAt(7);
/* 297 */     } else {
/* 298 */       mutableStateArray_0[0].write(7, value_7);
/* 299 */     }
/* 300 */
/* 301 */     boolean isNull_8 = i.isNullAt(8);
/* 302 */     UTF8String value_8 = isNull_8 ?
/* 303 */     null : (i.getUTF8String(8));
/* 304 */     if (isNull_8) {
/* 305 */       mutableStateArray_0[0].setNullAt(8);
/* 306 */     } else {
/* 307 */       mutableStateArray_0[0].write(8, value_8);
/* 308 */     }
/* 309 */
/* 310 */     boolean isNull_9 = i.isNullAt(9);
/* 311 */     UTF8String value_9 = isNull_9 ?
/* 312 */     null : (i.getUTF8String(9));
/* 313 */     if (isNull_9) {
/* 314 */       mutableStateArray_0[0].setNullAt(9);
/* 315 */     } else {
/* 316 */       mutableStateArray_0[0].write(9, value_9);
/* 317 */     }
/* 318 */
/* 319 */   }
/* 320 */
/* 321 */ }

2025-10-31 10:51:19 DEBUG CodeGenerator:204 - 
/* 001 */ public java.lang.Object generate(Object[] references) {
/* 002 */   return new SpecificUnsafeProjection(references);
/* 003 */ }
/* 004 */
/* 005 */ class SpecificUnsafeProjection extends org.apache.spark.sql.catalyst.expressions.UnsafeProjection {
/* 006 */
/* 007 */   private Object[] references;
/* 008 */   private org.apache.spark.sql.catalyst.expressions.codegen.UnsafeRowWriter[] mutableStateArray_0 = new org.apache.spark.sql.catalyst.expressions.codegen.UnsafeRowWriter[1];
/* 009 */
/* 010 */   public SpecificUnsafeProjection(Object[] references) {
/* 011 */     this.references = references;
/* 012 */     mutableStateArray_0[0] = new org.apache.spark.sql.catalyst.expressions.codegen.UnsafeRowWriter(28, 896);
/* 013 */
/* 014 */   }
/* 015 */
/* 016 */   public void initialize(int partitionIndex) {
/* 017 */
/* 018 */   }
/* 019 */
/* 020 */   // Scala.Function1 need this
/* 021 */   public java.lang.Object apply(java.lang.Object row) {
/* 022 */     return apply((InternalRow) row);
/* 023 */   }
/* 024 */
/* 025 */   public UnsafeRow apply(InternalRow i) {
/* 026 */     mutableStateArray_0[0].reset();
/* 027 */
/* 028 */
/* 029 */     mutableStateArray_0[0].zeroOutNullBytes();
/* 030 */     writeFields_0_0(i);
/* 031 */     writeFields_0_1(i);
/* 032 */     writeFields_0_2(i);
/* 033 */     writeFields_0_3(i);
/* 034 */     writeFields_0_4(i);
/* 035 */     writeFields_0_5(i);
/* 036 */     return (mutableStateArray_0[0].getRow());
/* 037 */   }
/* 038 */
/* 039 */
/* 040 */   private void writeFields_0_2(InternalRow i) {
/* 041 */
/* 042 */     boolean isNull_10 = i.isNullAt(10);
/* 043 */     UTF8String value_10 = isNull_10 ?
/* 044 */     null : (i.getUTF8String(10));
/* 045 */     if (isNull_10) {
/* 046 */       mutableStateArray_0[0].setNullAt(10);
/* 047 */     } else {
/* 048 */       mutableStateArray_0[0].write(10, value_10);
/* 049 */     }
/* 050 */
/* 051 */     boolean isNull_11 = i.isNullAt(11);
/* 052 */     UTF8String value_11 = isNull_11 ?
/* 053 */     null : (i.getUTF8String(11));
/* 054 */     if (isNull_11) {
/* 055 */       mutableStateArray_0[0].setNullAt(11);
/* 056 */     } else {
/* 057 */       mutableStateArray_0[0].write(11, value_11);
/* 058 */     }
/* 059 */
/* 060 */     boolean isNull_12 = i.isNullAt(12);
/* 061 */     UTF8String value_12 = isNull_12 ?
/* 062 */     null : (i.getUTF8String(12));
/* 063 */     if (isNull_12) {
/* 064 */       mutableStateArray_0[0].setNullAt(12);
/* 065 */     } else {
/* 066 */       mutableStateArray_0[0].write(12, value_12);
/* 067 */     }
/* 068 */
/* 069 */     boolean isNull_13 = i.isNullAt(13);
/* 070 */     UTF8String value_13 = isNull_13 ?
/* 071 */     null : (i.getUTF8String(13));
/* 072 */     if (isNull_13) {
/* 073 */       mutableStateArray_0[0].setNullAt(13);
/* 074 */     } else {
/* 075 */       mutableStateArray_0[0].write(13, value_13);
/* 076 */     }
/* 077 */
/* 078 */     boolean isNull_14 = i.isNullAt(14);
/* 079 */     UTF8String value_14 = isNull_14 ?
/* 080 */     null : (i.getUTF8String(14));
/* 081 */     if (isNull_14) {
/* 082 */       mutableStateArray_0[0].setNullAt(14);
/* 083 */     } else {
/* 084 */       mutableStateArray_0[0].write(14, value_14);
/* 085 */     }
/* 086 */
/* 087 */   }
/* 088 */
/* 089 */
/* 090 */   private void writeFields_0_3(InternalRow i) {
/* 091 */
/* 092 */     boolean isNull_15 = i.isNullAt(15);
/* 093 */     UTF8String value_15 = isNull_15 ?
/* 094 */     null : (i.getUTF8String(15));
/* 095 */     if (isNull_15) {
/* 096 */       mutableStateArray_0[0].setNullAt(15);
/* 097 */     } else {
/* 098 */       mutableStateArray_0[0].write(15, value_15);
/* 099 */     }
/* 100 */
/* 101 */     boolean isNull_16 = i.isNullAt(16);
/* 102 */     UTF8String value_16 = isNull_16 ?
/* 103 */     null : (i.getUTF8String(16));
/* 104 */     if (isNull_16) {
/* 105 */       mutableStateArray_0[0].setNullAt(16);
/* 106 */     } else {
/* 107 */       mutableStateArray_0[0].write(16, value_16);
/* 108 */     }
/* 109 */
/* 110 */     boolean isNull_17 = i.isNullAt(17);
/* 111 */     UTF8String value_17 = isNull_17 ?
/* 112 */     null : (i.getUTF8String(17));
/* 113 */     if (isNull_17) {
/* 114 */       mutableStateArray_0[0].setNullAt(17);
/* 115 */     } else {
/* 116 */       mutableStateArray_0[0].write(17, value_17);
/* 117 */     }
/* 118 */
/* 119 */     boolean isNull_18 = i.isNullAt(18);
/* 120 */     UTF8String value_18 = isNull_18 ?
/* 121 */     null : (i.getUTF8String(18));
/* 122 */     if (isNull_18) {
/* 123 */       mutableStateArray_0[0].setNullAt(18);
/* 124 */     } else {
/* 125 */       mutableStateArray_0[0].write(18, value_18);
/* 126 */     }
/* 127 */
/* 128 */     boolean isNull_19 = i.isNullAt(19);
/* 129 */     UTF8String value_19 = isNull_19 ?
/* 130 */     null : (i.getUTF8String(19));
/* 131 */     if (isNull_19) {
/* 132 */       mutableStateArray_0[0].setNullAt(19);
/* 133 */     } else {
/* 134 */       mutableStateArray_0[0].write(19, value_19);
/* 135 */     }
/* 136 */
/* 137 */   }
/* 138 */
/* 139 */
/* 140 */   private void writeFields_0_4(InternalRow i) {
/* 141 */
/* 142 */     boolean isNull_20 = i.isNullAt(20);
/* 143 */     UTF8String value_20 = isNull_20 ?
/* 144 */     null : (i.getUTF8String(20));
/* 145 */     if (isNull_20) {
/* 146 */       mutableStateArray_0[0].setNullAt(20);
/* 147 */     } else {
/* 148 */       mutableStateArray_0[0].write(20, value_20);
/* 149 */     }
/* 150 */
/* 151 */     boolean isNull_21 = i.isNullAt(21);
/* 152 */     UTF8String value_21 = isNull_21 ?
/* 153 */     null : (i.getUTF8String(21));
/* 154 */     if (isNull_21) {
/* 155 */       mutableStateArray_0[0].setNullAt(21);
/* 156 */     } else {
/* 157 */       mutableStateArray_0[0].write(21, value_21);
/* 158 */     }
/* 159 */
/* 160 */     boolean isNull_22 = i.isNullAt(22);
/* 161 */     UTF8String value_22 = isNull_22 ?
/* 162 */     null : (i.getUTF8String(22));
/* 163 */     if (isNull_22) {
/* 164 */       mutableStateArray_0[0].setNullAt(22);
/* 165 */     } else {
/* 166 */       mutableStateArray_0[0].write(22, value_22);
/* 167 */     }
/* 168 */
/* 169 */     boolean isNull_23 = i.isNullAt(23);
/* 170 */     UTF8String value_23 = isNull_23 ?
/* 171 */     null : (i.getUTF8String(23));
/* 172 */     if (isNull_23) {
/* 173 */       mutableStateArray_0[0].setNullAt(23);
/* 174 */     } else {
/* 175 */       mutableStateArray_0[0].write(23, value_23);
/* 176 */     }
/* 177 */
/* 178 */     boolean isNull_24 = i.isNullAt(24);
/* 179 */     UTF8String value_24 = isNull_24 ?
/* 180 */     null : (i.getUTF8String(24));
/* 181 */     if (isNull_24) {
/* 182 */       mutableStateArray_0[0].setNullAt(24);
/* 183 */     } else {
/* 184 */       mutableStateArray_0[0].write(24, value_24);
/* 185 */     }
/* 186 */
/* 187 */   }
/* 188 */
/* 189 */
/* 190 */   private void writeFields_0_5(InternalRow i) {
/* 191 */
/* 192 */     boolean isNull_25 = i.isNullAt(25);
/* 193 */     UTF8String value_25 = isNull_25 ?
/* 194 */     null : (i.getUTF8String(25));
/* 195 */     if (isNull_25) {
/* 196 */       mutableStateArray_0[0].setNullAt(25);
/* 197 */     } else {
/* 198 */       mutableStateArray_0[0].write(25, value_25);
/* 199 */     }
/* 200 */
/* 201 */     boolean isNull_26 = i.isNullAt(26);
/* 202 */     UTF8String value_26 = isNull_26 ?
/* 203 */     null : (i.getUTF8String(26));
/* 204 */     if (isNull_26) {
/* 205 */       mutableStateArray_0[0].setNullAt(26);
/* 206 */     } else {
/* 207 */       mutableStateArray_0[0].write(26, value_26);
/* 208 */     }
/* 209 */
/* 210 */     boolean isNull_27 = i.isNullAt(27);
/* 211 */     UTF8String value_27 = isNull_27 ?
/* 212 */     null : (i.getUTF8String(27));
/* 213 */     if (isNull_27) {
/* 214 */       mutableStateArray_0[0].setNullAt(27);
/* 215 */     } else {
/* 216 */       mutableStateArray_0[0].write(27, value_27);
/* 217 */     }
/* 218 */
/* 219 */   }
/* 220 */
/* 221 */
/* 222 */   private void writeFields_0_0(InternalRow i) {
/* 223 */
/* 224 */     boolean isNull_0 = i.isNullAt(0);
/* 225 */     UTF8String value_0 = isNull_0 ?
/* 226 */     null : (i.getUTF8String(0));
/* 227 */     if (isNull_0) {
/* 228 */       mutableStateArray_0[0].setNullAt(0);
/* 229 */     } else {
/* 230 */       mutableStateArray_0[0].write(0, value_0);
/* 231 */     }
/* 232 */
/* 233 */     boolean isNull_1 = i.isNullAt(1);
/* 234 */     UTF8String value_1 = isNull_1 ?
/* 235 */     null : (i.getUTF8String(1));
/* 236 */     if (isNull_1) {
/* 237 */       mutableStateArray_0[0].setNullAt(1);
/* 238 */     } else {
/* 239 */       mutableStateArray_0[0].write(1, value_1);
/* 240 */     }
/* 241 */
/* 242 */     boolean isNull_2 = i.isNullAt(2);
/* 243 */     UTF8String value_2 = isNull_2 ?
/* 244 */     null : (i.getUTF8String(2));
/* 245 */     if (isNull_2) {
/* 246 */       mutableStateArray_0[0].setNullAt(2);
/* 247 */     } else {
/* 248 */       mutableStateArray_0[0].write(2, value_2);
/* 249 */     }
/* 250 */
/* 251 */     boolean isNull_3 = i.isNullAt(3);
/* 252 */     UTF8String value_3 = isNull_3 ?
/* 253 */     null : (i.getUTF8String(3));
/* 254 */     if (isNull_3) {
/* 255 */       mutableStateArray_0[0].setNullAt(3);
/* 256 */     } else {
/* 257 */       mutableStateArray_0[0].write(3, value_3);
/* 258 */     }
/* 259 */
/* 260 */     boolean isNull_4 = i.isNullAt(4);
/* 261 */     UTF8String value_4 = isNull_4 ?
/* 262 */     null : (i.getUTF8String(4));
/* 263 */     if (isNull_4) {
/* 264 */       mutableStateArray_0[0].setNullAt(4);
/* 265 */     } else {
/* 266 */       mutableStateArray_0[0].write(4, value_4);
/* 267 */     }
/* 268 */
/* 269 */   }
/* 270 */
/* 271 */
/* 272 */   private void writeFields_0_1(InternalRow i) {
/* 273 */
/* 274 */     boolean isNull_5 = i.isNullAt(5);
/* 275 */     UTF8String value_5 = isNull_5 ?
/* 276 */     null : (i.getUTF8String(5));
/* 277 */     if (isNull_5) {
/* 278 */       mutableStateArray_0[0].setNullAt(5);
/* 279 */     } else {
/* 280 */       mutableStateArray_0[0].write(5, value_5);
/* 281 */     }
/* 282 */
/* 283 */     boolean isNull_6 = i.isNullAt(6);
/* 284 */     UTF8String value_6 = isNull_6 ?
/* 285 */     null : (i.getUTF8String(6));
/* 286 */     if (isNull_6) {
/* 287 */       mutableStateArray_0[0].setNullAt(6);
/* 288 */     } else {
/* 289 */       mutableStateArray_0[0].write(6, value_6);
/* 290 */     }
/* 291 */
/* 292 */     boolean isNull_7 = i.isNullAt(7);
/* 293 */     UTF8String value_7 = isNull_7 ?
/* 294 */     null : (i.getUTF8String(7));
/* 295 */     if (isNull_7) {
/* 296 */       mutableStateArray_0[0].setNullAt(7);
/* 297 */     } else {
/* 298 */       mutableStateArray_0[0].write(7, value_7);
/* 299 */     }
/* 300 */
/* 301 */     boolean isNull_8 = i.isNullAt(8);
/* 302 */     UTF8String value_8 = isNull_8 ?
/* 303 */     null : (i.getUTF8String(8));
/* 304 */     if (isNull_8) {
/* 305 */       mutableStateArray_0[0].setNullAt(8);
/* 306 */     } else {
/* 307 */       mutableStateArray_0[0].write(8, value_8);
/* 308 */     }
/* 309 */
/* 310 */     boolean isNull_9 = i.isNullAt(9);
/* 311 */     UTF8String value_9 = isNull_9 ?
/* 312 */     null : (i.getUTF8String(9));
/* 313 */     if (isNull_9) {
/* 314 */       mutableStateArray_0[0].setNullAt(9);
/* 315 */     } else {
/* 316 */       mutableStateArray_0[0].write(9, value_9);
/* 317 */     }
/* 318 */
/* 319 */   }
/* 320 */
/* 321 */ }

2025-10-31 10:51:19 INFO  CodeGenerator:190 - Code generated in 9.826581 ms
2025-10-31 10:51:19 DEBUG BlockManager:204 - Getting local block broadcast_7
2025-10-31 10:51:19 DEBUG BlockManager:204 - Level for block broadcast_7 is StorageLevel(disk, memory, deserialized, 1 replicas)
2025-10-31 10:51:19 INFO  Executor:190 - Finished task 0.0 in stage 6.0 (TID 26). 6043 bytes result sent to driver
2025-10-31 10:51:19 DEBUG ExecutorMetricsPoller:204 - stageTCMP: (6, 0) -> 0
2025-10-31 10:51:19 INFO  TaskSetManager:190 - Finished task 0.0 in stage 6.0 (TID 26) in 57 ms on 192.168.1.204 (executor driver) (1/1)
2025-10-31 10:51:19 INFO  TaskSchedulerImpl:190 - Removed TaskSet 6.0 whose tasks have all completed, from pool 
2025-10-31 10:51:19 INFO  DAGScheduler:190 - ResultStage 6 (showString at NativeMethodAccessorImpl.java:0) finished in 63 ms
2025-10-31 10:51:19 DEBUG DAGScheduler:204 - After removal of stage 6, remaining stages = 0
2025-10-31 10:51:19 INFO  DAGScheduler:190 - Job 5 is finished. Cancelling potential speculative or zombie tasks for this job
2025-10-31 10:51:19 INFO  TaskSchedulerImpl:190 - Canceling stage 6
2025-10-31 10:51:19 INFO  TaskSchedulerImpl:190 - Killing all running tasks in stage 6: Stage finished
2025-10-31 10:51:19 INFO  DAGScheduler:190 - Job 5 finished: showString at NativeMethodAccessorImpl.java:0, took 64.947777 ms
2025-10-31 10:51:19 DEBUG GenerateSafeProjection:204 - code for createexternalrow(invoke(input[0, string, false].toString()), invoke(input[1, string, false].toString()), invoke(input[2, string, false].toString()), invoke(input[3, string, false].toString()), invoke(input[4, string, false].toString()), invoke(input[5, string, false].toString()), invoke(input[6, string, false].toString()), invoke(input[7, string, false].toString()), invoke(input[8, string, false].toString()), invoke(input[9, string, false].toString()), invoke(input[10, string, false].toString()), invoke(input[11, string, false].toString()), invoke(input[12, string, false].toString()), invoke(input[13, string, false].toString()), invoke(input[14, string, false].toString()), invoke(input[15, string, false].toString()), invoke(input[16, string, false].toString()), invoke(input[17, string, false].toString()), invoke(input[18, string, false].toString()), invoke(input[19, string, false].toString()), invoke(input[20, string, false].toString()), invoke(input[21, string, false].toString()), invoke(input[22, string, false].toString()), invoke(input[23, string, false].toString()), invoke(input[24, string, false].toString()), ... 31 more fields):
/* 001 */ public java.lang.Object generate(Object[] references) {
/* 002 */   return new SpecificSafeProjection(references);
/* 003 */ }
/* 004 */
/* 005 */ class SpecificSafeProjection extends org.apache.spark.sql.catalyst.expressions.codegen.BaseProjection {
/* 006 */
/* 007 */   private Object[] references;
/* 008 */   private InternalRow mutableRow;
/* 009 */
/* 010 */
/* 011 */   public SpecificSafeProjection(Object[] references) {
/* 012 */     this.references = references;
/* 013 */     mutableRow = (InternalRow) references[references.length - 1];
/* 014 */
/* 015 */   }
/* 016 */
/* 017 */   public void initialize(int partitionIndex) {
/* 018 */
/* 019 */   }
/* 020 */
/* 021 */   public java.lang.Object apply(java.lang.Object _i) {
/* 022 */     InternalRow i = (InternalRow) _i;
/* 023 */     Object[] values_0 = new Object[28];
/* 024 */     createExternalRow_0_0(i, values_0);
/* 025 */     createExternalRow_0_1(i, values_0);
/* 026 */     createExternalRow_0_2(i, values_0);
/* 027 */     createExternalRow_0_3(i, values_0);
/* 028 */     createExternalRow_0_4(i, values_0);
/* 029 */     createExternalRow_0_5(i, values_0);
/* 030 */     createExternalRow_0_6(i, values_0);
/* 031 */     createExternalRow_0_7(i, values_0);
/* 032 */     createExternalRow_0_8(i, values_0);
/* 033 */     createExternalRow_0_9(i, values_0);
/* 034 */     final org.apache.spark.sql.Row value_0 = new org.apache.spark.sql.catalyst.expressions.GenericRowWithSchema(values_0, ((org.apache.spark.sql.types.StructType) references[0] /* schema */));
/* 035 */     if (false) {
/* 036 */       mutableRow.setNullAt(0);
/* 037 */     } else {
/* 038 */
/* 039 */       mutableRow.update(0, value_0);
/* 040 */     }
/* 041 */
/* 042 */     return mutableRow;
/* 043 */   }
/* 044 */
/* 045 */
/* 046 */   private void createExternalRow_0_0(InternalRow i, Object[] values_0) {
/* 047 */
/* 048 */     UTF8String value_2 = i.getUTF8String(0);
/* 049 */     boolean isNull_1 = true;
/* 050 */     java.lang.String value_1 = null;
/* 051 */     isNull_1 = false;
/* 052 */     if (!isNull_1) {
/* 053 */
/* 054 */       java.lang.String funcResult_0 = null;
/* 055 */       funcResult_0 = (java.lang.String) value_2.toString();
/* 056 */       value_1 = funcResult_0;
/* 057 */
/* 058 */     }
/* 059 */     if (isNull_1) {
/* 060 */       values_0[0] = null;
/* 061 */     } else {
/* 062 */       values_0[0] = value_1;
/* 063 */     }
/* 064 */
/* 065 */     UTF8String value_4 = i.getUTF8String(1);
/* 066 */     boolean isNull_3 = true;
/* 067 */     java.lang.String value_3 = null;
/* 068 */     isNull_3 = false;
/* 069 */     if (!isNull_3) {
/* 070 */
/* 071 */       java.lang.String funcResult_1 = null;
/* 072 */       funcResult_1 = (java.lang.String) value_4.toString();
/* 073 */       value_3 = funcResult_1;
/* 074 */
/* 075 */     }
/* 076 */     if (isNull_3) {
/* 077 */       values_0[1] = null;
/* 078 */     } else {
/* 079 */       values_0[1] = value_3;
/* 080 */     }
/* 081 */
/* 082 */     UTF8String value_6 = i.getUTF8String(2);
/* 083 */     boolean isNull_5 = true;
/* 084 */     java.lang.String value_5 = null;
/* 085 */     isNull_5 = false;
/* 086 */     if (!isNull_5) {
/* 087 */
/* 088 */       java.lang.String funcResult_2 = null;
/* 089 */       funcResult_2 = (java.lang.String) value_6.toString();
/* 090 */       value_5 = funcResult_2;
/* 091 */
/* 092 */     }
/* 093 */     if (isNull_5) {
/* 094 */       values_0[2] = null;
/* 095 */     } else {
/* 096 */       values_0[2] = value_5;
/* 097 */     }
/* 098 */
/* 099 */   }
/* 100 */
/* 101 */
/* 102 */   private void createExternalRow_0_2(InternalRow i, Object[] values_0) {
/* 103 */
/* 104 */     UTF8String value_14 = i.getUTF8String(6);
/* 105 */     boolean isNull_13 = true;
/* 106 */     java.lang.String value_13 = null;
/* 107 */     isNull_13 = false;
/* 108 */     if (!isNull_13) {
/* 109 */
/* 110 */       java.lang.String funcResult_6 = null;
/* 111 */       funcResult_6 = (java.lang.String) value_14.toString();
/* 112 */       value_13 = funcResult_6;
/* 113 */
/* 114 */     }
/* 115 */     if (isNull_13) {
/* 116 */       values_0[6] = null;
/* 117 */     } else {
/* 118 */       values_0[6] = value_13;
/* 119 */     }
/* 120 */
/* 121 */     UTF8String value_16 = i.getUTF8String(7);
/* 122 */     boolean isNull_15 = true;
/* 123 */     java.lang.String value_15 = null;
/* 124 */     isNull_15 = false;
/* 125 */     if (!isNull_15) {
/* 126 */
/* 127 */       java.lang.String funcResult_7 = null;
/* 128 */       funcResult_7 = (java.lang.String) value_16.toString();
/* 129 */       value_15 = funcResult_7;
/* 130 */
/* 131 */     }
/* 132 */     if (isNull_15) {
/* 133 */       values_0[7] = null;
/* 134 */     } else {
/* 135 */       values_0[7] = value_15;
/* 136 */     }
/* 137 */
/* 138 */     UTF8String value_18 = i.getUTF8String(8);
/* 139 */     boolean isNull_17 = true;
/* 140 */     java.lang.String value_17 = null;
/* 141 */     isNull_17 = false;
/* 142 */     if (!isNull_17) {
/* 143 */
/* 144 */       java.lang.String funcResult_8 = null;
/* 145 */       funcResult_8 = (java.lang.String) value_18.toString();
/* 146 */       value_17 = funcResult_8;
/* 147 */
/* 148 */     }
/* 149 */     if (isNull_17) {
/* 150 */       values_0[8] = null;
/* 151 */     } else {
/* 152 */       values_0[8] = value_17;
/* 153 */     }
/* 154 */
/* 155 */   }
/* 156 */
/* 157 */
/* 158 */   private void createExternalRow_0_1(InternalRow i, Object[] values_0) {
/* 159 */
/* 160 */     UTF8String value_8 = i.getUTF8String(3);
/* 161 */     boolean isNull_7 = true;
/* 162 */     java.lang.String value_7 = null;
/* 163 */     isNull_7 = false;
/* 164 */     if (!isNull_7) {
/* 165 */
/* 166 */       java.lang.String funcResult_3 = null;
/* 167 */       funcResult_3 = (java.lang.String) value_8.toString();
/* 168 */       value_7 = funcResult_3;
/* 169 */
/* 170 */     }
/* 171 */     if (isNull_7) {
/* 172 */       values_0[3] = null;
/* 173 */     } else {
/* 174 */       values_0[3] = value_7;
/* 175 */     }
/* 176 */
/* 177 */     UTF8String value_10 = i.getUTF8String(4);
/* 178 */     boolean isNull_9 = true;
/* 179 */     java.lang.String value_9 = null;
/* 180 */     isNull_9 = false;
/* 181 */     if (!isNull_9) {
/* 182 */
/* 183 */       java.lang.String funcResult_4 = null;
/* 184 */       funcResult_4 = (java.lang.String) value_10.toString();
/* 185 */       value_9 = funcResult_4;
/* 186 */
/* 187 */     }
/* 188 */     if (isNull_9) {
/* 189 */       values_0[4] = null;
/* 190 */     } else {
/* 191 */       values_0[4] = value_9;
/* 192 */     }
/* 193 */
/* 194 */     UTF8String value_12 = i.getUTF8String(5);
/* 195 */     boolean isNull_11 = true;
/* 196 */     java.lang.String value_11 = null;
/* 197 */     isNull_11 = false;
/* 198 */     if (!isNull_11) {
/* 199 */
/* 200 */       java.lang.String funcResult_5 = null;
/* 201 */       funcResult_5 = (java.lang.String) value_12.toString();
/* 202 */       value_11 = funcResult_5;
/* 203 */
/* 204 */     }
/* 205 */     if (isNull_11) {
/* 206 */       values_0[5] = null;
/* 207 */     } else {
/* 208 */       values_0[5] = value_11;
/* 209 */     }
/* 210 */
/* 211 */   }
/* 212 */
/* 213 */
/* 214 */   private void createExternalRow_0_4(InternalRow i, Object[] values_0) {
/* 215 */
/* 216 */     UTF8String value_26 = i.getUTF8String(12);
/* 217 */     boolean isNull_25 = true;
/* 218 */     java.lang.String value_25 = null;
/* 219 */     isNull_25 = false;
/* 220 */     if (!isNull_25) {
/* 221 */
/* 222 */       java.lang.String funcResult_12 = null;
/* 223 */       funcResult_12 = (java.lang.String) value_26.toString();
/* 224 */       value_25 = funcResult_12;
/* 225 */
/* 226 */     }
/* 227 */     if (isNull_25) {
/* 228 */       values_0[12] = null;
/* 229 */     } else {
/* 230 */       values_0[12] = value_25;
/* 231 */     }
/* 232 */
/* 233 */     UTF8String value_28 = i.getUTF8String(13);
/* 234 */     boolean isNull_27 = true;
/* 235 */     java.lang.String value_27 = null;
/* 236 */     isNull_27 = false;
/* 237 */     if (!isNull_27) {
/* 238 */
/* 239 */       java.lang.String funcResult_13 = null;
/* 240 */       funcResult_13 = (java.lang.String) value_28.toString();
/* 241 */       value_27 = funcResult_13;
/* 242 */
/* 243 */     }
/* 244 */     if (isNull_27) {
/* 245 */       values_0[13] = null;
/* 246 */     } else {
/* 247 */       values_0[13] = value_27;
/* 248 */     }
/* 249 */
/* 250 */     UTF8String value_30 = i.getUTF8String(14);
/* 251 */     boolean isNull_29 = true;
/* 252 */     java.lang.String value_29 = null;
/* 253 */     isNull_29 = false;
/* 254 */     if (!isNull_29) {
/* 255 */
/* 256 */       java.lang.String funcResult_14 = null;
/* 257 */       funcResult_14 = (java.lang.String) value_30.toString();
/* 258 */       value_29 = funcResult_14;
/* 259 */
/* 260 */     }
/* 261 */     if (isNull_29) {
/* 262 */       values_0[14] = null;
/* 263 */     } else {
/* 264 */       values_0[14] = value_29;
/* 265 */     }
/* 266 */
/* 267 */   }
/* 268 */
/* 269 */
/* 270 */   private void createExternalRow_0_3(InternalRow i, Object[] values_0) {
/* 271 */
/* 272 */     UTF8String value_20 = i.getUTF8String(9);
/* 273 */     boolean isNull_19 = true;
/* 274 */     java.lang.String value_19 = null;
/* 275 */     isNull_19 = false;
/* 276 */     if (!isNull_19) {
/* 277 */
/* 278 */       java.lang.String funcResult_9 = null;
/* 279 */       funcResult_9 = (java.lang.String) value_20.toString();
/* 280 */       value_19 = funcResult_9;
/* 281 */
/* 282 */     }
/* 283 */     if (isNull_19) {
/* 284 */       values_0[9] = null;
/* 285 */     } else {
/* 286 */       values_0[9] = value_19;
/* 287 */     }
/* 288 */
/* 289 */     UTF8String value_22 = i.getUTF8String(10);
/* 290 */     boolean isNull_21 = true;
/* 291 */     java.lang.String value_21 = null;
/* 292 */     isNull_21 = false;
/* 293 */     if (!isNull_21) {
/* 294 */
/* 295 */       java.lang.String funcResult_10 = null;
/* 296 */       funcResult_10 = (java.lang.String) value_22.toString();
/* 297 */       value_21 = funcResult_10;
/* 298 */
/* 299 */     }
/* 300 */     if (isNull_21) {
/* 301 */       values_0[10] = null;
/* 302 */     } else {
/* 303 */       values_0[10] = value_21;
/* 304 */     }
/* 305 */
/* 306 */     UTF8String value_24 = i.getUTF8String(11);
/* 307 */     boolean isNull_23 = true;
/* 308 */     java.lang.String value_23 = null;
/* 309 */     isNull_23 = false;
/* 310 */     if (!isNull_23) {
/* 311 */
/* 312 */       java.lang.String funcResult_11 = null;
/* 313 */       funcResult_11 = (java.lang.String) value_24.toString();
/* 314 */       value_23 = funcResult_11;
/* 315 */
/* 316 */     }
/* 317 */     if (isNull_23) {
/* 318 */       values_0[11] = null;
/* 319 */     } else {
/* 320 */       values_0[11] = value_23;
/* 321 */     }
/* 322 */
/* 323 */   }
/* 324 */
/* 325 */
/* 326 */   private void createExternalRow_0_6(InternalRow i, Object[] values_0) {
/* 327 */
/* 328 */     UTF8String value_38 = i.getUTF8String(18);
/* 329 */     boolean isNull_37 = true;
/* 330 */     java.lang.String value_37 = null;
/* 331 */     isNull_37 = false;
/* 332 */     if (!isNull_37) {
/* 333 */
/* 334 */       java.lang.String funcResult_18 = null;
/* 335 */       funcResult_18 = (java.lang.String) value_38.toString();
/* 336 */       value_37 = funcResult_18;
/* 337 */
/* 338 */     }
/* 339 */     if (isNull_37) {
/* 340 */       values_0[18] = null;
/* 341 */     } else {
/* 342 */       values_0[18] = value_37;
/* 343 */     }
/* 344 */
/* 345 */     UTF8String value_40 = i.getUTF8String(19);
/* 346 */     boolean isNull_39 = true;
/* 347 */     java.lang.String value_39 = null;
/* 348 */     isNull_39 = false;
/* 349 */     if (!isNull_39) {
/* 350 */
/* 351 */       java.lang.String funcResult_19 = null;
/* 352 */       funcResult_19 = (java.lang.String) value_40.toString();
/* 353 */       value_39 = funcResult_19;
/* 354 */
/* 355 */     }
/* 356 */     if (isNull_39) {
/* 357 */       values_0[19] = null;
/* 358 */     } else {
/* 359 */       values_0[19] = value_39;
/* 360 */     }
/* 361 */
/* 362 */     UTF8String value_42 = i.getUTF8String(20);
/* 363 */     boolean isNull_41 = true;
/* 364 */     java.lang.String value_41 = null;
/* 365 */     isNull_41 = false;
/* 366 */     if (!isNull_41) {
/* 367 */
/* 368 */       java.lang.String funcResult_20 = null;
/* 369 */       funcResult_20 = (java.lang.String) value_42.toString();
/* 370 */       value_41 = funcResult_20;
/* 371 */
/* 372 */     }
/* 373 */     if (isNull_41) {
/* 374 */       values_0[20] = null;
/* 375 */     } else {
/* 376 */       values_0[20] = value_41;
/* 377 */     }
/* 378 */
/* 379 */   }
/* 380 */
/* 381 */
/* 382 */   private void createExternalRow_0_5(InternalRow i, Object[] values_0) {
/* 383 */
/* 384 */     UTF8String value_32 = i.getUTF8String(15);
/* 385 */     boolean isNull_31 = true;
/* 386 */     java.lang.String value_31 = null;
/* 387 */     isNull_31 = false;
/* 388 */     if (!isNull_31) {
/* 389 */
/* 390 */       java.lang.String funcResult_15 = null;
/* 391 */       funcResult_15 = (java.lang.String) value_32.toString();
/* 392 */       value_31 = funcResult_15;
/* 393 */
/* 394 */     }
/* 395 */     if (isNull_31) {
/* 396 */       values_0[15] = null;
/* 397 */     } else {
/* 398 */       values_0[15] = value_31;
/* 399 */     }
/* 400 */
/* 401 */     UTF8String value_34 = i.getUTF8String(16);
/* 402 */     boolean isNull_33 = true;
/* 403 */     java.lang.String value_33 = null;
/* 404 */     isNull_33 = false;
/* 405 */     if (!isNull_33) {
/* 406 */
/* 407 */       java.lang.String funcResult_16 = null;
/* 408 */       funcResult_16 = (java.lang.String) value_34.toString();
/* 409 */       value_33 = funcResult_16;
/* 410 */
/* 411 */     }
/* 412 */     if (isNull_33) {
/* 413 */       values_0[16] = null;
/* 414 */     } else {
/* 415 */       values_0[16] = value_33;
/* 416 */     }
/* 417 */
/* 418 */     UTF8String value_36 = i.getUTF8String(17);
/* 419 */     boolean isNull_35 = true;
/* 420 */     java.lang.String value_35 = null;
/* 421 */     isNull_35 = false;
/* 422 */     if (!isNull_35) {
/* 423 */
/* 424 */       java.lang.String funcResult_17 = null;
/* 425 */       funcResult_17 = (java.lang.String) value_36.toString();
/* 426 */       value_35 = funcResult_17;
/* 427 */
/* 428 */     }
/* 429 */     if (isNull_35) {
/* 430 */       values_0[17] = null;
/* 431 */     } else {
/* 432 */       values_0[17] = value_35;
/* 433 */     }
/* 434 */
/* 435 */   }
/* 436 */
/* 437 */
/* 438 */   private void createExternalRow_0_8(InternalRow i, Object[] values_0) {
/* 439 */
/* 440 */     UTF8String value_50 = i.getUTF8String(24);
/* 441 */     boolean isNull_49 = true;
/* 442 */     java.lang.String value_49 = null;
/* 443 */     isNull_49 = false;
/* 444 */     if (!isNull_49) {
/* 445 */
/* 446 */       java.lang.String funcResult_24 = null;
/* 447 */       funcResult_24 = (java.lang.String) value_50.toString();
/* 448 */       value_49 = funcResult_24;
/* 449 */
/* 450 */     }
/* 451 */     if (isNull_49) {
/* 452 */       values_0[24] = null;
/* 453 */     } else {
/* 454 */       values_0[24] = value_49;
/* 455 */     }
/* 456 */
/* 457 */     UTF8String value_52 = i.getUTF8String(25);
/* 458 */     boolean isNull_51 = true;
/* 459 */     java.lang.String value_51 = null;
/* 460 */     isNull_51 = false;
/* 461 */     if (!isNull_51) {
/* 462 */
/* 463 */       java.lang.String funcResult_25 = null;
/* 464 */       funcResult_25 = (java.lang.String) value_52.toString();
/* 465 */       value_51 = funcResult_25;
/* 466 */
/* 467 */     }
/* 468 */     if (isNull_51) {
/* 469 */       values_0[25] = null;
/* 470 */     } else {
/* 471 */       values_0[25] = value_51;
/* 472 */     }
/* 473 */
/* 474 */     UTF8String value_54 = i.getUTF8String(26);
/* 475 */     boolean isNull_53 = true;
/* 476 */     java.lang.String value_53 = null;
/* 477 */     isNull_53 = false;
/* 478 */     if (!isNull_53) {
/* 479 */
/* 480 */       java.lang.String funcResult_26 = null;
/* 481 */       funcResult_26 = (java.lang.String) value_54.toString();
/* 482 */       value_53 = funcResult_26;
/* 483 */
/* 484 */     }
/* 485 */     if (isNull_53) {
/* 486 */       values_0[26] = null;
/* 487 */     } else {
/* 488 */       values_0[26] = value_53;
/* 489 */     }
/* 490 */
/* 491 */   }
/* 492 */
/* 493 */
/* 494 */   private void createExternalRow_0_7(InternalRow i, Object[] values_0) {
/* 495 */
/* 496 */     UTF8String value_44 = i.getUTF8String(21);
/* 497 */     boolean isNull_43 = true;
/* 498 */     java.lang.String value_43 = null;
/* 499 */     isNull_43 = false;
/* 500 */     if (!isNull_43) {
/* 501 */
/* 502 */       java.lang.String funcResult_21 = null;
/* 503 */       funcResult_21 = (java.lang.String) value_44.toString();
/* 504 */       value_43 = funcResult_21;
/* 505 */
/* 506 */     }
/* 507 */     if (isNull_43) {
/* 508 */       values_0[21] = null;
/* 509 */     } else {
/* 510 */       values_0[21] = value_43;
/* 511 */     }
/* 512 */
/* 513 */     UTF8String value_46 = i.getUTF8String(22);
/* 514 */     boolean isNull_45 = true;
/* 515 */     java.lang.String value_45 = null;
/* 516 */     isNull_45 = false;
/* 517 */     if (!isNull_45) {
/* 518 */
/* 519 */       java.lang.String funcResult_22 = null;
/* 520 */       funcResult_22 = (java.lang.String) value_46.toString();
/* 521 */       value_45 = funcResult_22;
/* 522 */
/* 523 */     }
/* 524 */     if (isNull_45) {
/* 525 */       values_0[22] = null;
/* 526 */     } else {
/* 527 */       values_0[22] = value_45;
/* 528 */     }
/* 529 */
/* 530 */     UTF8String value_48 = i.getUTF8String(23);
/* 531 */     boolean isNull_47 = true;
/* 532 */     java.lang.String value_47 = null;
/* 533 */     isNull_47 = false;
/* 534 */     if (!isNull_47) {
/* 535 */
/* 536 */       java.lang.String funcResult_23 = null;
/* 537 */       funcResult_23 = (java.lang.String) value_48.toString();
/* 538 */       value_47 = funcResult_23;
/* 539 */
/* 540 */     }
/* 541 */     if (isNull_47) {
/* 542 */       values_0[23] = null;
/* 543 */     } else {
/* 544 */       values_0[23] = value_47;
/* 545 */     }
/* 546 */
/* 547 */   }
/* 548 */
/* 549 */
/* 550 */   private void createExternalRow_0_9(InternalRow i, Object[] values_0) {
/* 551 */
/* 552 */     UTF8String value_56 = i.getUTF8String(27);
/* 553 */     boolean isNull_55 = true;
/* 554 */     java.lang.String value_55 = null;
/* 555 */     isNull_55 = false;
/* 556 */     if (!isNull_55) {
/* 557 */
/* 558 */       java.lang.String funcResult_27 = null;
/* 559 */       funcResult_27 = (java.lang.String) value_56.toString();
/* 560 */       value_55 = funcResult_27;
/* 561 */
/* 562 */     }
/* 563 */     if (isNull_55) {
/* 564 */       values_0[27] = null;
/* 565 */     } else {
/* 566 */       values_0[27] = value_55;
/* 567 */     }
/* 568 */
/* 569 */   }
/* 570 */
/* 571 */ }

2025-10-31 10:51:19 DEBUG CodeGenerator:204 - 
/* 001 */ public java.lang.Object generate(Object[] references) {
/* 002 */   return new SpecificSafeProjection(references);
/* 003 */ }
/* 004 */
/* 005 */ class SpecificSafeProjection extends org.apache.spark.sql.catalyst.expressions.codegen.BaseProjection {
/* 006 */
/* 007 */   private Object[] references;
/* 008 */   private InternalRow mutableRow;
/* 009 */
/* 010 */
/* 011 */   public SpecificSafeProjection(Object[] references) {
/* 012 */     this.references = references;
/* 013 */     mutableRow = (InternalRow) references[references.length - 1];
/* 014 */
/* 015 */   }
/* 016 */
/* 017 */   public void initialize(int partitionIndex) {
/* 018 */
/* 019 */   }
/* 020 */
/* 021 */   public java.lang.Object apply(java.lang.Object _i) {
/* 022 */     InternalRow i = (InternalRow) _i;
/* 023 */     Object[] values_0 = new Object[28];
/* 024 */     createExternalRow_0_0(i, values_0);
/* 025 */     createExternalRow_0_1(i, values_0);
/* 026 */     createExternalRow_0_2(i, values_0);
/* 027 */     createExternalRow_0_3(i, values_0);
/* 028 */     createExternalRow_0_4(i, values_0);
/* 029 */     createExternalRow_0_5(i, values_0);
/* 030 */     createExternalRow_0_6(i, values_0);
/* 031 */     createExternalRow_0_7(i, values_0);
/* 032 */     createExternalRow_0_8(i, values_0);
/* 033 */     createExternalRow_0_9(i, values_0);
/* 034 */     final org.apache.spark.sql.Row value_0 = new org.apache.spark.sql.catalyst.expressions.GenericRowWithSchema(values_0, ((org.apache.spark.sql.types.StructType) references[0] /* schema */));
/* 035 */     if (false) {
/* 036 */       mutableRow.setNullAt(0);
/* 037 */     } else {
/* 038 */
/* 039 */       mutableRow.update(0, value_0);
/* 040 */     }
/* 041 */
/* 042 */     return mutableRow;
/* 043 */   }
/* 044 */
/* 045 */
/* 046 */   private void createExternalRow_0_0(InternalRow i, Object[] values_0) {
/* 047 */
/* 048 */     UTF8String value_2 = i.getUTF8String(0);
/* 049 */     boolean isNull_1 = true;
/* 050 */     java.lang.String value_1 = null;
/* 051 */     isNull_1 = false;
/* 052 */     if (!isNull_1) {
/* 053 */
/* 054 */       java.lang.String funcResult_0 = null;
/* 055 */       funcResult_0 = (java.lang.String) value_2.toString();
/* 056 */       value_1 = funcResult_0;
/* 057 */
/* 058 */     }
/* 059 */     if (isNull_1) {
/* 060 */       values_0[0] = null;
/* 061 */     } else {
/* 062 */       values_0[0] = value_1;
/* 063 */     }
/* 064 */
/* 065 */     UTF8String value_4 = i.getUTF8String(1);
/* 066 */     boolean isNull_3 = true;
/* 067 */     java.lang.String value_3 = null;
/* 068 */     isNull_3 = false;
/* 069 */     if (!isNull_3) {
/* 070 */
/* 071 */       java.lang.String funcResult_1 = null;
/* 072 */       funcResult_1 = (java.lang.String) value_4.toString();
/* 073 */       value_3 = funcResult_1;
/* 074 */
/* 075 */     }
/* 076 */     if (isNull_3) {
/* 077 */       values_0[1] = null;
/* 078 */     } else {
/* 079 */       values_0[1] = value_3;
/* 080 */     }
/* 081 */
/* 082 */     UTF8String value_6 = i.getUTF8String(2);
/* 083 */     boolean isNull_5 = true;
/* 084 */     java.lang.String value_5 = null;
/* 085 */     isNull_5 = false;
/* 086 */     if (!isNull_5) {
/* 087 */
/* 088 */       java.lang.String funcResult_2 = null;
/* 089 */       funcResult_2 = (java.lang.String) value_6.toString();
/* 090 */       value_5 = funcResult_2;
/* 091 */
/* 092 */     }
/* 093 */     if (isNull_5) {
/* 094 */       values_0[2] = null;
/* 095 */     } else {
/* 096 */       values_0[2] = value_5;
/* 097 */     }
/* 098 */
/* 099 */   }
/* 100 */
/* 101 */
/* 102 */   private void createExternalRow_0_2(InternalRow i, Object[] values_0) {
/* 103 */
/* 104 */     UTF8String value_14 = i.getUTF8String(6);
/* 105 */     boolean isNull_13 = true;
/* 106 */     java.lang.String value_13 = null;
/* 107 */     isNull_13 = false;
/* 108 */     if (!isNull_13) {
/* 109 */
/* 110 */       java.lang.String funcResult_6 = null;
/* 111 */       funcResult_6 = (java.lang.String) value_14.toString();
/* 112 */       value_13 = funcResult_6;
/* 113 */
/* 114 */     }
/* 115 */     if (isNull_13) {
/* 116 */       values_0[6] = null;
/* 117 */     } else {
/* 118 */       values_0[6] = value_13;
/* 119 */     }
/* 120 */
/* 121 */     UTF8String value_16 = i.getUTF8String(7);
/* 122 */     boolean isNull_15 = true;
/* 123 */     java.lang.String value_15 = null;
/* 124 */     isNull_15 = false;
/* 125 */     if (!isNull_15) {
/* 126 */
/* 127 */       java.lang.String funcResult_7 = null;
/* 128 */       funcResult_7 = (java.lang.String) value_16.toString();
/* 129 */       value_15 = funcResult_7;
/* 130 */
/* 131 */     }
/* 132 */     if (isNull_15) {
/* 133 */       values_0[7] = null;
/* 134 */     } else {
/* 135 */       values_0[7] = value_15;
/* 136 */     }
/* 137 */
/* 138 */     UTF8String value_18 = i.getUTF8String(8);
/* 139 */     boolean isNull_17 = true;
/* 140 */     java.lang.String value_17 = null;
/* 141 */     isNull_17 = false;
/* 142 */     if (!isNull_17) {
/* 143 */
/* 144 */       java.lang.String funcResult_8 = null;
/* 145 */       funcResult_8 = (java.lang.String) value_18.toString();
/* 146 */       value_17 = funcResult_8;
/* 147 */
/* 148 */     }
/* 149 */     if (isNull_17) {
/* 150 */       values_0[8] = null;
/* 151 */     } else {
/* 152 */       values_0[8] = value_17;
/* 153 */     }
/* 154 */
/* 155 */   }
/* 156 */
/* 157 */
/* 158 */   private void createExternalRow_0_1(InternalRow i, Object[] values_0) {
/* 159 */
/* 160 */     UTF8String value_8 = i.getUTF8String(3);
/* 161 */     boolean isNull_7 = true;
/* 162 */     java.lang.String value_7 = null;
/* 163 */     isNull_7 = false;
/* 164 */     if (!isNull_7) {
/* 165 */
/* 166 */       java.lang.String funcResult_3 = null;
/* 167 */       funcResult_3 = (java.lang.String) value_8.toString();
/* 168 */       value_7 = funcResult_3;
/* 169 */
/* 170 */     }
/* 171 */     if (isNull_7) {
/* 172 */       values_0[3] = null;
/* 173 */     } else {
/* 174 */       values_0[3] = value_7;
/* 175 */     }
/* 176 */
/* 177 */     UTF8String value_10 = i.getUTF8String(4);
/* 178 */     boolean isNull_9 = true;
/* 179 */     java.lang.String value_9 = null;
/* 180 */     isNull_9 = false;
/* 181 */     if (!isNull_9) {
/* 182 */
/* 183 */       java.lang.String funcResult_4 = null;
/* 184 */       funcResult_4 = (java.lang.String) value_10.toString();
/* 185 */       value_9 = funcResult_4;
/* 186 */
/* 187 */     }
/* 188 */     if (isNull_9) {
/* 189 */       values_0[4] = null;
/* 190 */     } else {
/* 191 */       values_0[4] = value_9;
/* 192 */     }
/* 193 */
/* 194 */     UTF8String value_12 = i.getUTF8String(5);
/* 195 */     boolean isNull_11 = true;
/* 196 */     java.lang.String value_11 = null;
/* 197 */     isNull_11 = false;
/* 198 */     if (!isNull_11) {
/* 199 */
/* 200 */       java.lang.String funcResult_5 = null;
/* 201 */       funcResult_5 = (java.lang.String) value_12.toString();
/* 202 */       value_11 = funcResult_5;
/* 203 */
/* 204 */     }
/* 205 */     if (isNull_11) {
/* 206 */       values_0[5] = null;
/* 207 */     } else {
/* 208 */       values_0[5] = value_11;
/* 209 */     }
/* 210 */
/* 211 */   }
/* 212 */
/* 213 */
/* 214 */   private void createExternalRow_0_4(InternalRow i, Object[] values_0) {
/* 215 */
/* 216 */     UTF8String value_26 = i.getUTF8String(12);
/* 217 */     boolean isNull_25 = true;
/* 218 */     java.lang.String value_25 = null;
/* 219 */     isNull_25 = false;
/* 220 */     if (!isNull_25) {
/* 221 */
/* 222 */       java.lang.String funcResult_12 = null;
/* 223 */       funcResult_12 = (java.lang.String) value_26.toString();
/* 224 */       value_25 = funcResult_12;
/* 225 */
/* 226 */     }
/* 227 */     if (isNull_25) {
/* 228 */       values_0[12] = null;
/* 229 */     } else {
/* 230 */       values_0[12] = value_25;
/* 231 */     }
/* 232 */
/* 233 */     UTF8String value_28 = i.getUTF8String(13);
/* 234 */     boolean isNull_27 = true;
/* 235 */     java.lang.String value_27 = null;
/* 236 */     isNull_27 = false;
/* 237 */     if (!isNull_27) {
/* 238 */
/* 239 */       java.lang.String funcResult_13 = null;
/* 240 */       funcResult_13 = (java.lang.String) value_28.toString();
/* 241 */       value_27 = funcResult_13;
/* 242 */
/* 243 */     }
/* 244 */     if (isNull_27) {
/* 245 */       values_0[13] = null;
/* 246 */     } else {
/* 247 */       values_0[13] = value_27;
/* 248 */     }
/* 249 */
/* 250 */     UTF8String value_30 = i.getUTF8String(14);
/* 251 */     boolean isNull_29 = true;
/* 252 */     java.lang.String value_29 = null;
/* 253 */     isNull_29 = false;
/* 254 */     if (!isNull_29) {
/* 255 */
/* 256 */       java.lang.String funcResult_14 = null;
/* 257 */       funcResult_14 = (java.lang.String) value_30.toString();
/* 258 */       value_29 = funcResult_14;
/* 259 */
/* 260 */     }
/* 261 */     if (isNull_29) {
/* 262 */       values_0[14] = null;
/* 263 */     } else {
/* 264 */       values_0[14] = value_29;
/* 265 */     }
/* 266 */
/* 267 */   }
/* 268 */
/* 269 */
/* 270 */   private void createExternalRow_0_3(InternalRow i, Object[] values_0) {
/* 271 */
/* 272 */     UTF8String value_20 = i.getUTF8String(9);
/* 273 */     boolean isNull_19 = true;
/* 274 */     java.lang.String value_19 = null;
/* 275 */     isNull_19 = false;
/* 276 */     if (!isNull_19) {
/* 277 */
/* 278 */       java.lang.String funcResult_9 = null;
/* 279 */       funcResult_9 = (java.lang.String) value_20.toString();
/* 280 */       value_19 = funcResult_9;
/* 281 */
/* 282 */     }
/* 283 */     if (isNull_19) {
/* 284 */       values_0[9] = null;
/* 285 */     } else {
/* 286 */       values_0[9] = value_19;
/* 287 */     }
/* 288 */
/* 289 */     UTF8String value_22 = i.getUTF8String(10);
/* 290 */     boolean isNull_21 = true;
/* 291 */     java.lang.String value_21 = null;
/* 292 */     isNull_21 = false;
/* 293 */     if (!isNull_21) {
/* 294 */
/* 295 */       java.lang.String funcResult_10 = null;
/* 296 */       funcResult_10 = (java.lang.String) value_22.toString();
/* 297 */       value_21 = funcResult_10;
/* 298 */
/* 299 */     }
/* 300 */     if (isNull_21) {
/* 301 */       values_0[10] = null;
/* 302 */     } else {
/* 303 */       values_0[10] = value_21;
/* 304 */     }
/* 305 */
/* 306 */     UTF8String value_24 = i.getUTF8String(11);
/* 307 */     boolean isNull_23 = true;
/* 308 */     java.lang.String value_23 = null;
/* 309 */     isNull_23 = false;
/* 310 */     if (!isNull_23) {
/* 311 */
/* 312 */       java.lang.String funcResult_11 = null;
/* 313 */       funcResult_11 = (java.lang.String) value_24.toString();
/* 314 */       value_23 = funcResult_11;
/* 315 */
/* 316 */     }
/* 317 */     if (isNull_23) {
/* 318 */       values_0[11] = null;
/* 319 */     } else {
/* 320 */       values_0[11] = value_23;
/* 321 */     }
/* 322 */
/* 323 */   }
/* 324 */
/* 325 */
/* 326 */   private void createExternalRow_0_6(InternalRow i, Object[] values_0) {
/* 327 */
/* 328 */     UTF8String value_38 = i.getUTF8String(18);
/* 329 */     boolean isNull_37 = true;
/* 330 */     java.lang.String value_37 = null;
/* 331 */     isNull_37 = false;
/* 332 */     if (!isNull_37) {
/* 333 */
/* 334 */       java.lang.String funcResult_18 = null;
/* 335 */       funcResult_18 = (java.lang.String) value_38.toString();
/* 336 */       value_37 = funcResult_18;
/* 337 */
/* 338 */     }
/* 339 */     if (isNull_37) {
/* 340 */       values_0[18] = null;
/* 341 */     } else {
/* 342 */       values_0[18] = value_37;
/* 343 */     }
/* 344 */
/* 345 */     UTF8String value_40 = i.getUTF8String(19);
/* 346 */     boolean isNull_39 = true;
/* 347 */     java.lang.String value_39 = null;
/* 348 */     isNull_39 = false;
/* 349 */     if (!isNull_39) {
/* 350 */
/* 351 */       java.lang.String funcResult_19 = null;
/* 352 */       funcResult_19 = (java.lang.String) value_40.toString();
/* 353 */       value_39 = funcResult_19;
/* 354 */
/* 355 */     }
/* 356 */     if (isNull_39) {
/* 357 */       values_0[19] = null;
/* 358 */     } else {
/* 359 */       values_0[19] = value_39;
/* 360 */     }
/* 361 */
/* 362 */     UTF8String value_42 = i.getUTF8String(20);
/* 363 */     boolean isNull_41 = true;
/* 364 */     java.lang.String value_41 = null;
/* 365 */     isNull_41 = false;
/* 366 */     if (!isNull_41) {
/* 367 */
/* 368 */       java.lang.String funcResult_20 = null;
/* 369 */       funcResult_20 = (java.lang.String) value_42.toString();
/* 370 */       value_41 = funcResult_20;
/* 371 */
/* 372 */     }
/* 373 */     if (isNull_41) {
/* 374 */       values_0[20] = null;
/* 375 */     } else {
/* 376 */       values_0[20] = value_41;
/* 377 */     }
/* 378 */
/* 379 */   }
/* 380 */
/* 381 */
/* 382 */   private void createExternalRow_0_5(InternalRow i, Object[] values_0) {
/* 383 */
/* 384 */     UTF8String value_32 = i.getUTF8String(15);
/* 385 */     boolean isNull_31 = true;
/* 386 */     java.lang.String value_31 = null;
/* 387 */     isNull_31 = false;
/* 388 */     if (!isNull_31) {
/* 389 */
/* 390 */       java.lang.String funcResult_15 = null;
/* 391 */       funcResult_15 = (java.lang.String) value_32.toString();
/* 392 */       value_31 = funcResult_15;
/* 393 */
/* 394 */     }
/* 395 */     if (isNull_31) {
/* 396 */       values_0[15] = null;
/* 397 */     } else {
/* 398 */       values_0[15] = value_31;
/* 399 */     }
/* 400 */
/* 401 */     UTF8String value_34 = i.getUTF8String(16);
/* 402 */     boolean isNull_33 = true;
/* 403 */     java.lang.String value_33 = null;
/* 404 */     isNull_33 = false;
/* 405 */     if (!isNull_33) {
/* 406 */
/* 407 */       java.lang.String funcResult_16 = null;
/* 408 */       funcResult_16 = (java.lang.String) value_34.toString();
/* 409 */       value_33 = funcResult_16;
/* 410 */
/* 411 */     }
/* 412 */     if (isNull_33) {
/* 413 */       values_0[16] = null;
/* 414 */     } else {
/* 415 */       values_0[16] = value_33;
/* 416 */     }
/* 417 */
/* 418 */     UTF8String value_36 = i.getUTF8String(17);
/* 419 */     boolean isNull_35 = true;
/* 420 */     java.lang.String value_35 = null;
/* 421 */     isNull_35 = false;
/* 422 */     if (!isNull_35) {
/* 423 */
/* 424 */       java.lang.String funcResult_17 = null;
/* 425 */       funcResult_17 = (java.lang.String) value_36.toString();
/* 426 */       value_35 = funcResult_17;
/* 427 */
/* 428 */     }
/* 429 */     if (isNull_35) {
/* 430 */       values_0[17] = null;
/* 431 */     } else {
/* 432 */       values_0[17] = value_35;
/* 433 */     }
/* 434 */
/* 435 */   }
/* 436 */
/* 437 */
/* 438 */   private void createExternalRow_0_8(InternalRow i, Object[] values_0) {
/* 439 */
/* 440 */     UTF8String value_50 = i.getUTF8String(24);
/* 441 */     boolean isNull_49 = true;
/* 442 */     java.lang.String value_49 = null;
/* 443 */     isNull_49 = false;
/* 444 */     if (!isNull_49) {
/* 445 */
/* 446 */       java.lang.String funcResult_24 = null;
/* 447 */       funcResult_24 = (java.lang.String) value_50.toString();
/* 448 */       value_49 = funcResult_24;
/* 449 */
/* 450 */     }
/* 451 */     if (isNull_49) {
/* 452 */       values_0[24] = null;
/* 453 */     } else {
/* 454 */       values_0[24] = value_49;
/* 455 */     }
/* 456 */
/* 457 */     UTF8String value_52 = i.getUTF8String(25);
/* 458 */     boolean isNull_51 = true;
/* 459 */     java.lang.String value_51 = null;
/* 460 */     isNull_51 = false;
/* 461 */     if (!isNull_51) {
/* 462 */
/* 463 */       java.lang.String funcResult_25 = null;
/* 464 */       funcResult_25 = (java.lang.String) value_52.toString();
/* 465 */       value_51 = funcResult_25;
/* 466 */
/* 467 */     }
/* 468 */     if (isNull_51) {
/* 469 */       values_0[25] = null;
/* 470 */     } else {
/* 471 */       values_0[25] = value_51;
/* 472 */     }
/* 473 */
/* 474 */     UTF8String value_54 = i.getUTF8String(26);
/* 475 */     boolean isNull_53 = true;
/* 476 */     java.lang.String value_53 = null;
/* 477 */     isNull_53 = false;
/* 478 */     if (!isNull_53) {
/* 479 */
/* 480 */       java.lang.String funcResult_26 = null;
/* 481 */       funcResult_26 = (java.lang.String) value_54.toString();
/* 482 */       value_53 = funcResult_26;
/* 483 */
/* 484 */     }
/* 485 */     if (isNull_53) {
/* 486 */       values_0[26] = null;
/* 487 */     } else {
/* 488 */       values_0[26] = value_53;
/* 489 */     }
/* 490 */
/* 491 */   }
/* 492 */
/* 493 */
/* 494 */   private void createExternalRow_0_7(InternalRow i, Object[] values_0) {
/* 495 */
/* 496 */     UTF8String value_44 = i.getUTF8String(21);
/* 497 */     boolean isNull_43 = true;
/* 498 */     java.lang.String value_43 = null;
/* 499 */     isNull_43 = false;
/* 500 */     if (!isNull_43) {
/* 501 */
/* 502 */       java.lang.String funcResult_21 = null;
/* 503 */       funcResult_21 = (java.lang.String) value_44.toString();
/* 504 */       value_43 = funcResult_21;
/* 505 */
/* 506 */     }
/* 507 */     if (isNull_43) {
/* 508 */       values_0[21] = null;
/* 509 */     } else {
/* 510 */       values_0[21] = value_43;
/* 511 */     }
/* 512 */
/* 513 */     UTF8String value_46 = i.getUTF8String(22);
/* 514 */     boolean isNull_45 = true;
/* 515 */     java.lang.String value_45 = null;
/* 516 */     isNull_45 = false;
/* 517 */     if (!isNull_45) {
/* 518 */
/* 519 */       java.lang.String funcResult_22 = null;
/* 520 */       funcResult_22 = (java.lang.String) value_46.toString();
/* 521 */       value_45 = funcResult_22;
/* 522 */
/* 523 */     }
/* 524 */     if (isNull_45) {
/* 525 */       values_0[22] = null;
/* 526 */     } else {
/* 527 */       values_0[22] = value_45;
/* 528 */     }
/* 529 */
/* 530 */     UTF8String value_48 = i.getUTF8String(23);
/* 531 */     boolean isNull_47 = true;
/* 532 */     java.lang.String value_47 = null;
/* 533 */     isNull_47 = false;
/* 534 */     if (!isNull_47) {
/* 535 */
/* 536 */       java.lang.String funcResult_23 = null;
/* 537 */       funcResult_23 = (java.lang.String) value_48.toString();
/* 538 */       value_47 = funcResult_23;
/* 539 */
/* 540 */     }
/* 541 */     if (isNull_47) {
/* 542 */       values_0[23] = null;
/* 543 */     } else {
/* 544 */       values_0[23] = value_47;
/* 545 */     }
/* 546 */
/* 547 */   }
/* 548 */
/* 549 */
/* 550 */   private void createExternalRow_0_9(InternalRow i, Object[] values_0) {
/* 551 */
/* 552 */     UTF8String value_56 = i.getUTF8String(27);
/* 553 */     boolean isNull_55 = true;
/* 554 */     java.lang.String value_55 = null;
/* 555 */     isNull_55 = false;
/* 556 */     if (!isNull_55) {
/* 557 */
/* 558 */       java.lang.String funcResult_27 = null;
/* 559 */       funcResult_27 = (java.lang.String) value_56.toString();
/* 560 */       value_55 = funcResult_27;
/* 561 */
/* 562 */     }
/* 563 */     if (isNull_55) {
/* 564 */       values_0[27] = null;
/* 565 */     } else {
/* 566 */       values_0[27] = value_55;
/* 567 */     }
/* 568 */
/* 569 */   }
/* 570 */
/* 571 */ }

2025-10-31 10:51:19 INFO  CodeGenerator:190 - Code generated in 13.602347 ms
2025-10-31 10:51:27 INFO  SparkContext:190 - SparkContext is stopping with exitCode 0 from stop at NativeMethodAccessorImpl.java:0.
2025-10-31 10:51:27 INFO  SparkUI:190 - Stopped Spark web UI at http://192.168.1.204:4041
2025-10-31 10:51:27 INFO  MapOutputTrackerMasterEndpoint:184 - MapOutputTrackerMasterEndpoint stopped!
2025-10-31 10:51:27 INFO  MemoryStore:184 - MemoryStore cleared
2025-10-31 10:51:27 INFO  BlockManager:184 - BlockManager stopped
2025-10-31 10:51:27 INFO  BlockManagerMaster:184 - BlockManagerMaster stopped
2025-10-31 10:51:27 INFO  OutputCommitCoordinator$OutputCommitCoordinatorEndpoint:184 - OutputCommitCoordinator stopped!
2025-10-31 10:51:27 INFO  SparkContext:184 - Successfully stopped SparkContext
